[0.000000] (-) TimerEvent: {}
[0.000660] (controller_guidao) JobQueued: {'identifier': 'controller_guidao', 'dependencies': OrderedDict()}
[0.002293] (data_logger) JobQueued: {'identifier': 'data_logger', 'dependencies': OrderedDict()}
[0.002392] (encoder_device) JobQueued: {'identifier': 'encoder_device', 'dependencies': OrderedDict()}
[0.002586] (encoder_guidao) JobQueued: {'identifier': 'encoder_guidao', 'dependencies': OrderedDict()}
[0.002655] (game_input_mapping) JobQueued: {'identifier': 'game_input_mapping', 'dependencies': OrderedDict()}
[0.002744] (game_session) JobQueued: {'identifier': 'game_session', 'dependencies': OrderedDict()}
[0.002831] (game_unity_bridge) JobQueued: {'identifier': 'game_unity_bridge', 'dependencies': OrderedDict()}
[0.002914] (hal_device_manager) JobQueued: {'identifier': 'hal_device_manager', 'dependencies': OrderedDict()}
[0.002973] (hal_interfaces) JobQueued: {'identifier': 'hal_interfaces', 'dependencies': OrderedDict()}
[0.003031] (hal_signal_processing) JobQueued: {'identifier': 'hal_signal_processing', 'dependencies': OrderedDict()}
[0.003089] (thesis_interfaces) JobQueued: {'identifier': 'thesis_interfaces', 'dependencies': OrderedDict()}
[0.003148] (controller_guidao) JobStarted: {'identifier': 'controller_guidao'}
[0.099553] (-) TimerEvent: {}
[0.148602] (data_logger) JobStarted: {'identifier': 'data_logger'}
[0.158292] (encoder_device) JobStarted: {'identifier': 'encoder_device'}
[0.185337] (encoder_guidao) JobStarted: {'identifier': 'encoder_guidao'}
[0.195313] (game_input_mapping) JobStarted: {'identifier': 'game_input_mapping'}
[0.199705] (-) TimerEvent: {}
[0.207834] (game_session) JobStarted: {'identifier': 'game_session'}
[0.218900] (game_unity_bridge) JobStarted: {'identifier': 'game_unity_bridge'}
[0.259864] (hal_device_manager) JobStarted: {'identifier': 'hal_device_manager'}
[0.271242] (hal_interfaces) JobStarted: {'identifier': 'hal_interfaces'}
[0.279884] (hal_signal_processing) JobStarted: {'identifier': 'hal_signal_processing'}
[0.291025] (thesis_interfaces) JobStarted: {'identifier': 'thesis_interfaces'}
[0.299902] (-) TimerEvent: {}
[0.401451] (-) TimerEvent: {}
[0.502168] (-) TimerEvent: {}
[0.602934] (-) TimerEvent: {}
[0.703669] (-) TimerEvent: {}
[0.804457] (-) TimerEvent: {}
[0.905288] (-) TimerEvent: {}
[1.006075] (-) TimerEvent: {}
[1.106902] (-) TimerEvent: {}
[1.207680] (-) TimerEvent: {}
[1.308394] (-) TimerEvent: {}
[1.409165] (-) TimerEvent: {}
[1.509901] (-) TimerEvent: {}
[1.610661] (-) TimerEvent: {}
[1.711447] (-) TimerEvent: {}
[1.812216] (-) TimerEvent: {}
[1.913003] (-) TimerEvent: {}
[2.013705] (-) TimerEvent: {}
[2.114423] (-) TimerEvent: {}
[2.215190] (-) TimerEvent: {}
[2.315997] (-) TimerEvent: {}
[2.416812] (-) TimerEvent: {}
[2.517657] (-) TimerEvent: {}
[2.618378] (-) TimerEvent: {}
[2.719085] (-) TimerEvent: {}
[2.819904] (-) TimerEvent: {}
[2.920737] (-) TimerEvent: {}
[3.021646] (-) TimerEvent: {}
[3.122270] (-) TimerEvent: {}
[3.222900] (-) TimerEvent: {}
[3.323405] (-) TimerEvent: {}
[3.423990] (-) TimerEvent: {}
[3.524495] (-) TimerEvent: {}
[3.625096] (-) TimerEvent: {}
[3.725577] (-) TimerEvent: {}
[3.826072] (-) TimerEvent: {}
[3.926576] (-) TimerEvent: {}
[4.027081] (-) TimerEvent: {}
[4.127648] (-) TimerEvent: {}
[4.228183] (-) TimerEvent: {}
[4.328768] (-) TimerEvent: {}
[4.429281] (-) TimerEvent: {}
[4.529777] (-) TimerEvent: {}
[4.630417] (-) TimerEvent: {}
[4.731154] (-) TimerEvent: {}
[4.790232] (hal_interfaces) JobProgress: {'identifier': 'hal_interfaces', 'progress': 'cmake'}
[4.802942] (hal_interfaces) JobProgress: {'identifier': 'hal_interfaces', 'progress': 'build'}
[4.803333] (hal_interfaces) Command: {'cmd': ['/usr/bin/cmake', '--build', '/home/matheus/thesis_ws/build/hal_interfaces', '--', '-j12', '-l12'], 'cwd': '/home/matheus/thesis_ws/build/hal_interfaces', 'env': OrderedDict([('LESSOPEN', '| /usr/bin/lesspipe %s'), ('USER', 'matheus'), ('LC_TIME', 'pt_BR.UTF-8'), ('XDG_SESSION_TYPE', 'x11'), ('SHLVL', '1'), ('LD_LIBRARY_PATH', '/home/matheus/thesis_ws/install/hal_interfaces/lib:/home/matheus/Desktop/TestesROS2/microros_ws/install/micro_ros_agent/lib:/home/matheus/Desktop/TestesROS2/microros_ws/install/micro_ros_msgs/lib:/opt/ros/humble/opt/rviz_ogre_vendor/lib:/opt/ros/humble/lib/x86_64-linux-gnu:/opt/ros/humble/lib'), ('HOME', '/home/matheus'), ('OLDPWD', '/home/matheus'), ('DESKTOP_SESSION', 'ubuntu-xorg'), ('ROS_PYTHON_VERSION', '3'), ('GNOME_SHELL_SESSION_MODE', 'ubuntu'), ('GTK_MODULES', 'gail:atk-bridge'), ('LC_MONETARY', 'pt_BR.UTF-8'), ('LC_CTYPE', 'pt_BR.UTF-8'), ('SYSTEMD_EXEC_PID', '1746'), ('DBUS_SESSION_BUS_ADDRESS', 'unix:path=/run/user/1000/bus'), ('COLORTERM', 'truecolor'), ('COLCON_PREFIX_PATH', '/home/matheus/thesis_ws/install:/home/matheus/Desktop/TestesROS2/ros_unity_ws/install:/home/matheus/Desktop/TestesROS2/microros_ws/install'), ('ROS_DISTRO', 'humble'), ('GTK_IM_MODULE', 'ibus'), ('LOGNAME', 'matheus'), ('_', '/usr/bin/colcon'), ('ROS_VERSION', '2'), ('XDG_SESSION_CLASS', 'user'), ('USERNAME', 'matheus'), ('TERM', 'xterm-256color'), ('GNOME_DESKTOP_SESSION_ID', 'this-is-deprecated'), ('ROS_LOCALHOST_ONLY', '0'), ('WINDOWPATH', '2'), ('PATH', '/opt/ros/humble/bin:/home/matheus/.local/bin:/usr/local/sbin:/usr/local/bin:/usr/sbin:/usr/bin:/sbin:/bin:/usr/games:/usr/local/games:/snap/bin:/snap/bin:/home/matheus/.platformio/penv/bin'), ('SESSION_MANAGER', 'local/matheus-300E5M-300E5L:@/tmp/.ICE-unix/1722,unix/matheus-300E5M-300E5L:/tmp/.ICE-unix/1722'), ('XDG_MENU_PREFIX', 'gnome-'), ('LC_ADDRESS', 'pt_BR.UTF-8'), ('GNOME_TERMINAL_SCREEN', '/org/gnome/Terminal/screen/f70c918e_603a_40e9_ad59_37335646557a'), ('XDG_RUNTIME_DIR', '/run/user/1000'), ('DISPLAY', ':0'), ('LANG', 'en_US.UTF-8'), ('XDG_CURRENT_DESKTOP', 'ubuntu:GNOME'), ('LC_TELEPHONE', 'pt_BR.UTF-8'), ('XMODIFIERS', '@im=ibus'), ('XDG_SESSION_DESKTOP', 'ubuntu-xorg'), ('XAUTHORITY', '/run/user/1000/gdm/Xauthority'), ('LS_COLORS', 'rs=0:di=01;34:ln=01;36:mh=00:pi=40;33:so=01;35:do=01;35:bd=40;33;01:cd=40;33;01:or=40;31;01:mi=00:su=37;41:sg=30;43:ca=30;41:tw=30;42:ow=34;42:st=37;44:ex=01;32:*.tar=01;31:*.tgz=01;31:*.arc=01;31:*.arj=01;31:*.taz=01;31:*.lha=01;31:*.lz4=01;31:*.lzh=01;31:*.lzma=01;31:*.tlz=01;31:*.txz=01;31:*.tzo=01;31:*.t7z=01;31:*.zip=01;31:*.z=01;31:*.dz=01;31:*.gz=01;31:*.lrz=01;31:*.lz=01;31:*.lzo=01;31:*.xz=01;31:*.zst=01;31:*.tzst=01;31:*.bz2=01;31:*.bz=01;31:*.tbz=01;31:*.tbz2=01;31:*.tz=01;31:*.deb=01;31:*.rpm=01;31:*.jar=01;31:*.war=01;31:*.ear=01;31:*.sar=01;31:*.rar=01;31:*.alz=01;31:*.ace=01;31:*.zoo=01;31:*.cpio=01;31:*.7z=01;31:*.rz=01;31:*.cab=01;31:*.wim=01;31:*.swm=01;31:*.dwm=01;31:*.esd=01;31:*.jpg=01;35:*.jpeg=01;35:*.mjpg=01;35:*.mjpeg=01;35:*.gif=01;35:*.bmp=01;35:*.pbm=01;35:*.pgm=01;35:*.ppm=01;35:*.tga=01;35:*.xbm=01;35:*.xpm=01;35:*.tif=01;35:*.tiff=01;35:*.png=01;35:*.svg=01;35:*.svgz=01;35:*.mng=01;35:*.pcx=01;35:*.mov=01;35:*.mpg=01;35:*.mpeg=01;35:*.m2v=01;35:*.mkv=01;35:*.webm=01;35:*.webp=01;35:*.ogm=01;35:*.mp4=01;35:*.m4v=01;35:*.mp4v=01;35:*.vob=01;35:*.qt=01;35:*.nuv=01;35:*.wmv=01;35:*.asf=01;35:*.rm=01;35:*.rmvb=01;35:*.flc=01;35:*.avi=01;35:*.fli=01;35:*.flv=01;35:*.gl=01;35:*.dl=01;35:*.xcf=01;35:*.xwd=01;35:*.yuv=01;35:*.cgm=01;35:*.emf=01;35:*.ogv=01;35:*.ogx=01;35:*.aac=00;36:*.au=00;36:*.flac=00;36:*.m4a=00;36:*.mid=00;36:*.midi=00;36:*.mka=00;36:*.mp3=00;36:*.mpc=00;36:*.ogg=00;36:*.ra=00;36:*.wav=00;36:*.oga=00;36:*.opus=00;36:*.spx=00;36:*.xspf=00;36:'), ('GNOME_TERMINAL_SERVICE', ':1.217'), ('SSH_AGENT_LAUNCHER', 'gnome-keyring'), ('SSH_AUTH_SOCK', '/run/user/1000/keyring/ssh'), ('AMENT_PREFIX_PATH', '/home/matheus/thesis_ws/install/thesis_interfaces:/home/matheus/thesis_ws/install/hal_signal_processing:/home/matheus/thesis_ws/install/hal_interfaces:/home/matheus/thesis_ws/install/hal_device_manager:/home/matheus/thesis_ws/install/game_unity_bridge:/home/matheus/thesis_ws/install/game_session:/home/matheus/thesis_ws/install/game_input_mapping:/home/matheus/thesis_ws/install/encoder_guidao:/home/matheus/thesis_ws/install/encoder_device:/home/matheus/thesis_ws/install/data_logger:/home/matheus/thesis_ws/install/controller_guidao:/home/matheus/Desktop/TestesROS2/ros_unity_ws/install/ros_tcp_endpoint:/home/matheus/Desktop/TestesROS2/microros_ws/install/micro_ros_setup:/home/matheus/Desktop/TestesROS2/microros_ws/install/micro_ros_agent:/home/matheus/Desktop/TestesROS2/microros_ws/install/micro_ros_msgs:/opt/ros/humble'), ('SHELL', '/bin/bash'), ('LC_NAME', 'pt_BR.UTF-8'), ('QT_ACCESSIBILITY', '1'), ('GDMSESSION', 'ubuntu-xorg'), ('LESSCLOSE', '/usr/bin/lesspipe %s %s'), ('LC_MEASUREMENT', 'pt_BR.UTF-8'), ('GPG_AGENT_INFO', '/run/user/1000/gnupg/S.gpg-agent:0:1'), ('LC_IDENTIFICATION', 'pt_BR.UTF-8'), ('QT_IM_MODULE', 'ibus'), ('PWD', '/home/matheus/thesis_ws/build/hal_interfaces'), ('LC_ALL', 'en_US.UTF-8'), ('XDG_CONFIG_DIRS', '/etc/xdg/xdg-ubuntu-xorg:/etc/xdg'), ('XDG_DATA_DIRS', '/usr/share/ubuntu-xorg:/usr/share/gnome:/usr/local/share/:/usr/share/:/var/lib/snapd/desktop'), ('PYTHONPATH', '/home/matheus/thesis_ws/install/hal_signal_processing/lib/python3.10/site-packages:/home/matheus/thesis_ws/install/hal_interfaces/local/lib/python3.10/dist-packages:/home/matheus/thesis_ws/install/hal_device_manager/lib/python3.10/site-packages:/home/matheus/thesis_ws/install/game_unity_bridge/lib/python3.10/site-packages:/home/matheus/thesis_ws/install/game_session/lib/python3.10/site-packages:/home/matheus/thesis_ws/install/game_input_mapping/lib/python3.10/site-packages:/home/matheus/thesis_ws/install/encoder_guidao/lib/python3.10/site-packages:/home/matheus/thesis_ws/install/encoder_device/lib/python3.10/site-packages:/home/matheus/thesis_ws/install/data_logger/lib/python3.10/site-packages:/home/matheus/thesis_ws/install/controller_guidao/lib/python3.10/site-packages:/home/matheus/Desktop/TestesROS2/ros_unity_ws/install/ros_tcp_endpoint/lib/python3.10/site-packages:/home/matheus/Desktop/TestesROS2/microros_ws/install/micro_ros_msgs/local/lib/python3.10/dist-packages:/opt/ros/humble/lib/python3.10/site-packages:/opt/ros/humble/local/lib/python3.10/dist-packages'), ('LC_NUMERIC', 'pt_BR.UTF-8'), ('LC_PAPER', 'pt_BR.UTF-8'), ('COLCON', '1'), ('VTE_VERSION', '6800'), ('CMAKE_PREFIX_PATH', '/home/matheus/thesis_ws/install/thesis_interfaces:/home/matheus/thesis_ws/install/hal_interfaces:/home/matheus/Desktop/TestesROS2/microros_ws/install/micro_ros_setup:/home/matheus/Desktop/TestesROS2/microros_ws/install/micro_ros_agent:/home/matheus/Desktop/TestesROS2/microros_ws/install/micro_ros_msgs:/home/matheus/thesis_ws/install/hal_signal_processing:/home/matheus/thesis_ws/install/hal_device_manager:/home/matheus/thesis_ws/install/game_unity_bridge:/home/matheus/thesis_ws/install/game_session:/home/matheus/thesis_ws/install/game_input_mapping:/home/matheus/thesis_ws/install/encoder_guidao:/home/matheus/thesis_ws/install/encoder_device:/home/matheus/thesis_ws/install/data_logger:/home/matheus/thesis_ws/install/controller_guidao:/home/matheus/Desktop/TestesROS2/ros_unity_ws/install/ros_tcp_endpoint:/opt/ros/humble')]), 'shell': False}
[4.831365] (-) TimerEvent: {}
[4.932142] (-) TimerEvent: {}
[5.032872] (-) TimerEvent: {}
[5.133614] (-) TimerEvent: {}
[5.234468] (-) TimerEvent: {}
[5.335246] (-) TimerEvent: {}
[5.436065] (-) TimerEvent: {}
[5.514597] (hal_interfaces) StdoutLine: {'line': b'[  3%] Built target hal_interfaces__rs\n'}
[5.515572] (hal_interfaces) StdoutLine: {'line': b'[  6%] Built target hal_interfaces__cpp\n'}
[5.515892] (hal_interfaces) StdoutLine: {'line': b'[ 15%] Built target hal_interfaces__rosidl_generator_c\n'}
[5.516146] (hal_interfaces) StdoutLine: {'line': b'[ 25%] Built target hal_interfaces__rosidl_typesupport_introspection_cpp\n'}
[5.516367] (hal_interfaces) StdoutLine: {'line': b'[ 34%] Built target hal_interfaces__rosidl_typesupport_introspection_c\n'}
[5.516583] (hal_interfaces) StdoutLine: {'line': b'[ 43%] Built target hal_interfaces__rosidl_typesupport_fastrtps_cpp\n'}
[5.516794] (hal_interfaces) StdoutLine: {'line': b'[ 53%] Built target hal_interfaces__rosidl_typesupport_fastrtps_c\n'}
[5.517036] (hal_interfaces) StdoutLine: {'line': b'[ 62%] Built target hal_interfaces__rosidl_typesupport_cpp\n'}
[5.517247] (hal_interfaces) StdoutLine: {'line': b'[ 71%] Built target hal_interfaces__rosidl_typesupport_c\n'}
[5.517477] (hal_interfaces) StdoutLine: {'line': b'[ 71%] Built target ament_cmake_python_copy_hal_interfaces\n'}
[5.517683] (hal_interfaces) StdoutLine: {'line': b'[ 71%] Built target hal_interfaces\n'}
[5.517901] (hal_interfaces) StdoutLine: {'line': b'[ 75%] Built target hal_interfaces__py\n'}
[5.518117] (hal_interfaces) StdoutLine: {'line': b'[ 81%] Built target hal_interfaces__rosidl_generator_py\n'}
[5.518322] (hal_interfaces) StdoutLine: {'line': b'[ 87%] Built target hal_interfaces__rosidl_typesupport_c__pyext\n'}
[5.518523] (hal_interfaces) StdoutLine: {'line': b'[ 93%] Built target hal_interfaces__rosidl_typesupport_fastrtps_c__pyext\n'}
[5.518727] (hal_interfaces) StdoutLine: {'line': b'[100%] Built target hal_interfaces__rosidl_typesupport_introspection_c__pyext\n'}
[5.518966] (thesis_interfaces) JobProgress: {'identifier': 'thesis_interfaces', 'progress': 'cmake'}
[5.522243] (thesis_interfaces) JobProgress: {'identifier': 'thesis_interfaces', 'progress': 'build'}
[5.524195] (thesis_interfaces) Command: {'cmd': ['/usr/bin/cmake', '--build', '/home/matheus/thesis_ws/build/thesis_interfaces', '--', '-j12', '-l12'], 'cwd': '/home/matheus/thesis_ws/build/thesis_interfaces', 'env': OrderedDict([('LESSOPEN', '| /usr/bin/lesspipe %s'), ('USER', 'matheus'), ('LC_TIME', 'pt_BR.UTF-8'), ('XDG_SESSION_TYPE', 'x11'), ('SHLVL', '1'), ('LD_LIBRARY_PATH', '/home/matheus/thesis_ws/install/hal_interfaces/lib:/home/matheus/Desktop/TestesROS2/microros_ws/install/micro_ros_agent/lib:/home/matheus/Desktop/TestesROS2/microros_ws/install/micro_ros_msgs/lib:/opt/ros/humble/opt/rviz_ogre_vendor/lib:/opt/ros/humble/lib/x86_64-linux-gnu:/opt/ros/humble/lib'), ('HOME', '/home/matheus'), ('OLDPWD', '/home/matheus'), ('DESKTOP_SESSION', 'ubuntu-xorg'), ('ROS_PYTHON_VERSION', '3'), ('GNOME_SHELL_SESSION_MODE', 'ubuntu'), ('GTK_MODULES', 'gail:atk-bridge'), ('LC_MONETARY', 'pt_BR.UTF-8'), ('LC_CTYPE', 'pt_BR.UTF-8'), ('SYSTEMD_EXEC_PID', '1746'), ('DBUS_SESSION_BUS_ADDRESS', 'unix:path=/run/user/1000/bus'), ('COLORTERM', 'truecolor'), ('COLCON_PREFIX_PATH', '/home/matheus/thesis_ws/install:/home/matheus/Desktop/TestesROS2/ros_unity_ws/install:/home/matheus/Desktop/TestesROS2/microros_ws/install'), ('ROS_DISTRO', 'humble'), ('GTK_IM_MODULE', 'ibus'), ('LOGNAME', 'matheus'), ('_', '/usr/bin/colcon'), ('ROS_VERSION', '2'), ('XDG_SESSION_CLASS', 'user'), ('USERNAME', 'matheus'), ('TERM', 'xterm-256color'), ('GNOME_DESKTOP_SESSION_ID', 'this-is-deprecated'), ('ROS_LOCALHOST_ONLY', '0'), ('WINDOWPATH', '2'), ('PATH', '/opt/ros/humble/bin:/home/matheus/.local/bin:/usr/local/sbin:/usr/local/bin:/usr/sbin:/usr/bin:/sbin:/bin:/usr/games:/usr/local/games:/snap/bin:/snap/bin:/home/matheus/.platformio/penv/bin'), ('SESSION_MANAGER', 'local/matheus-300E5M-300E5L:@/tmp/.ICE-unix/1722,unix/matheus-300E5M-300E5L:/tmp/.ICE-unix/1722'), ('XDG_MENU_PREFIX', 'gnome-'), ('LC_ADDRESS', 'pt_BR.UTF-8'), ('GNOME_TERMINAL_SCREEN', '/org/gnome/Terminal/screen/f70c918e_603a_40e9_ad59_37335646557a'), ('XDG_RUNTIME_DIR', '/run/user/1000'), ('DISPLAY', ':0'), ('LANG', 'en_US.UTF-8'), ('XDG_CURRENT_DESKTOP', 'ubuntu:GNOME'), ('LC_TELEPHONE', 'pt_BR.UTF-8'), ('XMODIFIERS', '@im=ibus'), ('XDG_SESSION_DESKTOP', 'ubuntu-xorg'), ('XAUTHORITY', '/run/user/1000/gdm/Xauthority'), ('LS_COLORS', 'rs=0:di=01;34:ln=01;36:mh=00:pi=40;33:so=01;35:do=01;35:bd=40;33;01:cd=40;33;01:or=40;31;01:mi=00:su=37;41:sg=30;43:ca=30;41:tw=30;42:ow=34;42:st=37;44:ex=01;32:*.tar=01;31:*.tgz=01;31:*.arc=01;31:*.arj=01;31:*.taz=01;31:*.lha=01;31:*.lz4=01;31:*.lzh=01;31:*.lzma=01;31:*.tlz=01;31:*.txz=01;31:*.tzo=01;31:*.t7z=01;31:*.zip=01;31:*.z=01;31:*.dz=01;31:*.gz=01;31:*.lrz=01;31:*.lz=01;31:*.lzo=01;31:*.xz=01;31:*.zst=01;31:*.tzst=01;31:*.bz2=01;31:*.bz=01;31:*.tbz=01;31:*.tbz2=01;31:*.tz=01;31:*.deb=01;31:*.rpm=01;31:*.jar=01;31:*.war=01;31:*.ear=01;31:*.sar=01;31:*.rar=01;31:*.alz=01;31:*.ace=01;31:*.zoo=01;31:*.cpio=01;31:*.7z=01;31:*.rz=01;31:*.cab=01;31:*.wim=01;31:*.swm=01;31:*.dwm=01;31:*.esd=01;31:*.jpg=01;35:*.jpeg=01;35:*.mjpg=01;35:*.mjpeg=01;35:*.gif=01;35:*.bmp=01;35:*.pbm=01;35:*.pgm=01;35:*.ppm=01;35:*.tga=01;35:*.xbm=01;35:*.xpm=01;35:*.tif=01;35:*.tiff=01;35:*.png=01;35:*.svg=01;35:*.svgz=01;35:*.mng=01;35:*.pcx=01;35:*.mov=01;35:*.mpg=01;35:*.mpeg=01;35:*.m2v=01;35:*.mkv=01;35:*.webm=01;35:*.webp=01;35:*.ogm=01;35:*.mp4=01;35:*.m4v=01;35:*.mp4v=01;35:*.vob=01;35:*.qt=01;35:*.nuv=01;35:*.wmv=01;35:*.asf=01;35:*.rm=01;35:*.rmvb=01;35:*.flc=01;35:*.avi=01;35:*.fli=01;35:*.flv=01;35:*.gl=01;35:*.dl=01;35:*.xcf=01;35:*.xwd=01;35:*.yuv=01;35:*.cgm=01;35:*.emf=01;35:*.ogv=01;35:*.ogx=01;35:*.aac=00;36:*.au=00;36:*.flac=00;36:*.m4a=00;36:*.mid=00;36:*.midi=00;36:*.mka=00;36:*.mp3=00;36:*.mpc=00;36:*.ogg=00;36:*.ra=00;36:*.wav=00;36:*.oga=00;36:*.opus=00;36:*.spx=00;36:*.xspf=00;36:'), ('GNOME_TERMINAL_SERVICE', ':1.217'), ('SSH_AGENT_LAUNCHER', 'gnome-keyring'), ('SSH_AUTH_SOCK', '/run/user/1000/keyring/ssh'), ('AMENT_PREFIX_PATH', '/home/matheus/thesis_ws/install/thesis_interfaces:/home/matheus/thesis_ws/install/hal_signal_processing:/home/matheus/thesis_ws/install/hal_interfaces:/home/matheus/thesis_ws/install/hal_device_manager:/home/matheus/thesis_ws/install/game_unity_bridge:/home/matheus/thesis_ws/install/game_session:/home/matheus/thesis_ws/install/game_input_mapping:/home/matheus/thesis_ws/install/encoder_guidao:/home/matheus/thesis_ws/install/encoder_device:/home/matheus/thesis_ws/install/data_logger:/home/matheus/thesis_ws/install/controller_guidao:/home/matheus/Desktop/TestesROS2/ros_unity_ws/install/ros_tcp_endpoint:/home/matheus/Desktop/TestesROS2/microros_ws/install/micro_ros_setup:/home/matheus/Desktop/TestesROS2/microros_ws/install/micro_ros_agent:/home/matheus/Desktop/TestesROS2/microros_ws/install/micro_ros_msgs:/opt/ros/humble'), ('SHELL', '/bin/bash'), ('LC_NAME', 'pt_BR.UTF-8'), ('QT_ACCESSIBILITY', '1'), ('GDMSESSION', 'ubuntu-xorg'), ('LESSCLOSE', '/usr/bin/lesspipe %s %s'), ('LC_MEASUREMENT', 'pt_BR.UTF-8'), ('GPG_AGENT_INFO', '/run/user/1000/gnupg/S.gpg-agent:0:1'), ('LC_IDENTIFICATION', 'pt_BR.UTF-8'), ('QT_IM_MODULE', 'ibus'), ('PWD', '/home/matheus/thesis_ws/build/thesis_interfaces'), ('LC_ALL', 'en_US.UTF-8'), ('XDG_CONFIG_DIRS', '/etc/xdg/xdg-ubuntu-xorg:/etc/xdg'), ('XDG_DATA_DIRS', '/usr/share/ubuntu-xorg:/usr/share/gnome:/usr/local/share/:/usr/share/:/var/lib/snapd/desktop'), ('PYTHONPATH', '/home/matheus/thesis_ws/install/hal_signal_processing/lib/python3.10/site-packages:/home/matheus/thesis_ws/install/hal_interfaces/local/lib/python3.10/dist-packages:/home/matheus/thesis_ws/install/hal_device_manager/lib/python3.10/site-packages:/home/matheus/thesis_ws/install/game_unity_bridge/lib/python3.10/site-packages:/home/matheus/thesis_ws/install/game_session/lib/python3.10/site-packages:/home/matheus/thesis_ws/install/game_input_mapping/lib/python3.10/site-packages:/home/matheus/thesis_ws/install/encoder_guidao/lib/python3.10/site-packages:/home/matheus/thesis_ws/install/encoder_device/lib/python3.10/site-packages:/home/matheus/thesis_ws/install/data_logger/lib/python3.10/site-packages:/home/matheus/thesis_ws/install/controller_guidao/lib/python3.10/site-packages:/home/matheus/Desktop/TestesROS2/ros_unity_ws/install/ros_tcp_endpoint/lib/python3.10/site-packages:/home/matheus/Desktop/TestesROS2/microros_ws/install/micro_ros_msgs/local/lib/python3.10/dist-packages:/opt/ros/humble/lib/python3.10/site-packages:/opt/ros/humble/local/lib/python3.10/dist-packages'), ('LC_NUMERIC', 'pt_BR.UTF-8'), ('LC_PAPER', 'pt_BR.UTF-8'), ('COLCON', '1'), ('VTE_VERSION', '6800'), ('CMAKE_PREFIX_PATH', '/home/matheus/thesis_ws/install/thesis_interfaces:/home/matheus/thesis_ws/install/hal_interfaces:/home/matheus/Desktop/TestesROS2/microros_ws/install/micro_ros_setup:/home/matheus/Desktop/TestesROS2/microros_ws/install/micro_ros_agent:/home/matheus/Desktop/TestesROS2/microros_ws/install/micro_ros_msgs:/home/matheus/thesis_ws/install/hal_signal_processing:/home/matheus/thesis_ws/install/hal_device_manager:/home/matheus/thesis_ws/install/game_unity_bridge:/home/matheus/thesis_ws/install/game_session:/home/matheus/thesis_ws/install/game_input_mapping:/home/matheus/thesis_ws/install/encoder_guidao:/home/matheus/thesis_ws/install/encoder_device:/home/matheus/thesis_ws/install/data_logger:/home/matheus/thesis_ws/install/controller_guidao:/home/matheus/Desktop/TestesROS2/ros_unity_ws/install/ros_tcp_endpoint:/opt/ros/humble')]), 'shell': False}
[5.536440] (-) TimerEvent: {}
[5.637524] (-) TimerEvent: {}
[5.661573] (thesis_interfaces) CommandEnded: {'returncode': 0}
[5.662874] (thesis_interfaces) JobProgress: {'identifier': 'thesis_interfaces', 'progress': 'install'}
[5.683701] (thesis_interfaces) Command: {'cmd': ['/usr/bin/cmake', '--install', '/home/matheus/thesis_ws/build/thesis_interfaces'], 'cwd': '/home/matheus/thesis_ws/build/thesis_interfaces', 'env': OrderedDict([('LESSOPEN', '| /usr/bin/lesspipe %s'), ('USER', 'matheus'), ('LC_TIME', 'pt_BR.UTF-8'), ('XDG_SESSION_TYPE', 'x11'), ('SHLVL', '1'), ('LD_LIBRARY_PATH', '/home/matheus/thesis_ws/install/hal_interfaces/lib:/home/matheus/Desktop/TestesROS2/microros_ws/install/micro_ros_agent/lib:/home/matheus/Desktop/TestesROS2/microros_ws/install/micro_ros_msgs/lib:/opt/ros/humble/opt/rviz_ogre_vendor/lib:/opt/ros/humble/lib/x86_64-linux-gnu:/opt/ros/humble/lib'), ('HOME', '/home/matheus'), ('OLDPWD', '/home/matheus'), ('DESKTOP_SESSION', 'ubuntu-xorg'), ('ROS_PYTHON_VERSION', '3'), ('GNOME_SHELL_SESSION_MODE', 'ubuntu'), ('GTK_MODULES', 'gail:atk-bridge'), ('LC_MONETARY', 'pt_BR.UTF-8'), ('LC_CTYPE', 'pt_BR.UTF-8'), ('SYSTEMD_EXEC_PID', '1746'), ('DBUS_SESSION_BUS_ADDRESS', 'unix:path=/run/user/1000/bus'), ('COLORTERM', 'truecolor'), ('COLCON_PREFIX_PATH', '/home/matheus/thesis_ws/install:/home/matheus/Desktop/TestesROS2/ros_unity_ws/install:/home/matheus/Desktop/TestesROS2/microros_ws/install'), ('ROS_DISTRO', 'humble'), ('GTK_IM_MODULE', 'ibus'), ('LOGNAME', 'matheus'), ('_', '/usr/bin/colcon'), ('ROS_VERSION', '2'), ('XDG_SESSION_CLASS', 'user'), ('USERNAME', 'matheus'), ('TERM', 'xterm-256color'), ('GNOME_DESKTOP_SESSION_ID', 'this-is-deprecated'), ('ROS_LOCALHOST_ONLY', '0'), ('WINDOWPATH', '2'), ('PATH', '/opt/ros/humble/bin:/home/matheus/.local/bin:/usr/local/sbin:/usr/local/bin:/usr/sbin:/usr/bin:/sbin:/bin:/usr/games:/usr/local/games:/snap/bin:/snap/bin:/home/matheus/.platformio/penv/bin'), ('SESSION_MANAGER', 'local/matheus-300E5M-300E5L:@/tmp/.ICE-unix/1722,unix/matheus-300E5M-300E5L:/tmp/.ICE-unix/1722'), ('XDG_MENU_PREFIX', 'gnome-'), ('LC_ADDRESS', 'pt_BR.UTF-8'), ('GNOME_TERMINAL_SCREEN', '/org/gnome/Terminal/screen/f70c918e_603a_40e9_ad59_37335646557a'), ('XDG_RUNTIME_DIR', '/run/user/1000'), ('DISPLAY', ':0'), ('LANG', 'en_US.UTF-8'), ('XDG_CURRENT_DESKTOP', 'ubuntu:GNOME'), ('LC_TELEPHONE', 'pt_BR.UTF-8'), ('XMODIFIERS', '@im=ibus'), ('XDG_SESSION_DESKTOP', 'ubuntu-xorg'), ('XAUTHORITY', '/run/user/1000/gdm/Xauthority'), ('LS_COLORS', 'rs=0:di=01;34:ln=01;36:mh=00:pi=40;33:so=01;35:do=01;35:bd=40;33;01:cd=40;33;01:or=40;31;01:mi=00:su=37;41:sg=30;43:ca=30;41:tw=30;42:ow=34;42:st=37;44:ex=01;32:*.tar=01;31:*.tgz=01;31:*.arc=01;31:*.arj=01;31:*.taz=01;31:*.lha=01;31:*.lz4=01;31:*.lzh=01;31:*.lzma=01;31:*.tlz=01;31:*.txz=01;31:*.tzo=01;31:*.t7z=01;31:*.zip=01;31:*.z=01;31:*.dz=01;31:*.gz=01;31:*.lrz=01;31:*.lz=01;31:*.lzo=01;31:*.xz=01;31:*.zst=01;31:*.tzst=01;31:*.bz2=01;31:*.bz=01;31:*.tbz=01;31:*.tbz2=01;31:*.tz=01;31:*.deb=01;31:*.rpm=01;31:*.jar=01;31:*.war=01;31:*.ear=01;31:*.sar=01;31:*.rar=01;31:*.alz=01;31:*.ace=01;31:*.zoo=01;31:*.cpio=01;31:*.7z=01;31:*.rz=01;31:*.cab=01;31:*.wim=01;31:*.swm=01;31:*.dwm=01;31:*.esd=01;31:*.jpg=01;35:*.jpeg=01;35:*.mjpg=01;35:*.mjpeg=01;35:*.gif=01;35:*.bmp=01;35:*.pbm=01;35:*.pgm=01;35:*.ppm=01;35:*.tga=01;35:*.xbm=01;35:*.xpm=01;35:*.tif=01;35:*.tiff=01;35:*.png=01;35:*.svg=01;35:*.svgz=01;35:*.mng=01;35:*.pcx=01;35:*.mov=01;35:*.mpg=01;35:*.mpeg=01;35:*.m2v=01;35:*.mkv=01;35:*.webm=01;35:*.webp=01;35:*.ogm=01;35:*.mp4=01;35:*.m4v=01;35:*.mp4v=01;35:*.vob=01;35:*.qt=01;35:*.nuv=01;35:*.wmv=01;35:*.asf=01;35:*.rm=01;35:*.rmvb=01;35:*.flc=01;35:*.avi=01;35:*.fli=01;35:*.flv=01;35:*.gl=01;35:*.dl=01;35:*.xcf=01;35:*.xwd=01;35:*.yuv=01;35:*.cgm=01;35:*.emf=01;35:*.ogv=01;35:*.ogx=01;35:*.aac=00;36:*.au=00;36:*.flac=00;36:*.m4a=00;36:*.mid=00;36:*.midi=00;36:*.mka=00;36:*.mp3=00;36:*.mpc=00;36:*.ogg=00;36:*.ra=00;36:*.wav=00;36:*.oga=00;36:*.opus=00;36:*.spx=00;36:*.xspf=00;36:'), ('GNOME_TERMINAL_SERVICE', ':1.217'), ('SSH_AGENT_LAUNCHER', 'gnome-keyring'), ('SSH_AUTH_SOCK', '/run/user/1000/keyring/ssh'), ('AMENT_PREFIX_PATH', '/home/matheus/thesis_ws/install/thesis_interfaces:/home/matheus/thesis_ws/install/hal_signal_processing:/home/matheus/thesis_ws/install/hal_interfaces:/home/matheus/thesis_ws/install/hal_device_manager:/home/matheus/thesis_ws/install/game_unity_bridge:/home/matheus/thesis_ws/install/game_session:/home/matheus/thesis_ws/install/game_input_mapping:/home/matheus/thesis_ws/install/encoder_guidao:/home/matheus/thesis_ws/install/encoder_device:/home/matheus/thesis_ws/install/data_logger:/home/matheus/thesis_ws/install/controller_guidao:/home/matheus/Desktop/TestesROS2/ros_unity_ws/install/ros_tcp_endpoint:/home/matheus/Desktop/TestesROS2/microros_ws/install/micro_ros_setup:/home/matheus/Desktop/TestesROS2/microros_ws/install/micro_ros_agent:/home/matheus/Desktop/TestesROS2/microros_ws/install/micro_ros_msgs:/opt/ros/humble'), ('SHELL', '/bin/bash'), ('LC_NAME', 'pt_BR.UTF-8'), ('QT_ACCESSIBILITY', '1'), ('GDMSESSION', 'ubuntu-xorg'), ('LESSCLOSE', '/usr/bin/lesspipe %s %s'), ('LC_MEASUREMENT', 'pt_BR.UTF-8'), ('GPG_AGENT_INFO', '/run/user/1000/gnupg/S.gpg-agent:0:1'), ('LC_IDENTIFICATION', 'pt_BR.UTF-8'), ('QT_IM_MODULE', 'ibus'), ('PWD', '/home/matheus/thesis_ws/build/thesis_interfaces'), ('LC_ALL', 'en_US.UTF-8'), ('XDG_CONFIG_DIRS', '/etc/xdg/xdg-ubuntu-xorg:/etc/xdg'), ('XDG_DATA_DIRS', '/usr/share/ubuntu-xorg:/usr/share/gnome:/usr/local/share/:/usr/share/:/var/lib/snapd/desktop'), ('PYTHONPATH', '/home/matheus/thesis_ws/install/hal_signal_processing/lib/python3.10/site-packages:/home/matheus/thesis_ws/install/hal_interfaces/local/lib/python3.10/dist-packages:/home/matheus/thesis_ws/install/hal_device_manager/lib/python3.10/site-packages:/home/matheus/thesis_ws/install/game_unity_bridge/lib/python3.10/site-packages:/home/matheus/thesis_ws/install/game_session/lib/python3.10/site-packages:/home/matheus/thesis_ws/install/game_input_mapping/lib/python3.10/site-packages:/home/matheus/thesis_ws/install/encoder_guidao/lib/python3.10/site-packages:/home/matheus/thesis_ws/install/encoder_device/lib/python3.10/site-packages:/home/matheus/thesis_ws/install/data_logger/lib/python3.10/site-packages:/home/matheus/thesis_ws/install/controller_guidao/lib/python3.10/site-packages:/home/matheus/Desktop/TestesROS2/ros_unity_ws/install/ros_tcp_endpoint/lib/python3.10/site-packages:/home/matheus/Desktop/TestesROS2/microros_ws/install/micro_ros_msgs/local/lib/python3.10/dist-packages:/opt/ros/humble/lib/python3.10/site-packages:/opt/ros/humble/local/lib/python3.10/dist-packages'), ('LC_NUMERIC', 'pt_BR.UTF-8'), ('LC_PAPER', 'pt_BR.UTF-8'), ('COLCON', '1'), ('VTE_VERSION', '6800'), ('CMAKE_PREFIX_PATH', '/home/matheus/thesis_ws/install/thesis_interfaces:/home/matheus/thesis_ws/install/hal_interfaces:/home/matheus/Desktop/TestesROS2/microros_ws/install/micro_ros_setup:/home/matheus/Desktop/TestesROS2/microros_ws/install/micro_ros_agent:/home/matheus/Desktop/TestesROS2/microros_ws/install/micro_ros_msgs:/home/matheus/thesis_ws/install/hal_signal_processing:/home/matheus/thesis_ws/install/hal_device_manager:/home/matheus/thesis_ws/install/game_unity_bridge:/home/matheus/thesis_ws/install/game_session:/home/matheus/thesis_ws/install/game_input_mapping:/home/matheus/thesis_ws/install/encoder_guidao:/home/matheus/thesis_ws/install/encoder_device:/home/matheus/thesis_ws/install/data_logger:/home/matheus/thesis_ws/install/controller_guidao:/home/matheus/Desktop/TestesROS2/ros_unity_ws/install/ros_tcp_endpoint:/opt/ros/humble')]), 'shell': False}
[5.695060] (hal_interfaces) StdoutLine: {'line': b'running egg_info\n'}
[5.695583] (hal_interfaces) StdoutLine: {'line': b'writing hal_interfaces.egg-info/PKG-INFO\n'}
[5.696275] (hal_interfaces) StdoutLine: {'line': b'writing dependency_links to hal_interfaces.egg-info/dependency_links.txt\n'}
[5.696736] (hal_interfaces) StdoutLine: {'line': b'writing top-level names to hal_interfaces.egg-info/top_level.txt\n'}
[5.705094] (hal_interfaces) StdoutLine: {'line': b"reading manifest file 'hal_interfaces.egg-info/SOURCES.txt'\n"}
[5.705836] (hal_interfaces) StdoutLine: {'line': b"writing manifest file 'hal_interfaces.egg-info/SOURCES.txt'\n"}
[5.708804] (thesis_interfaces) StdoutLine: {'line': b'-- Install configuration: ""\n'}
[5.709414] (thesis_interfaces) StdoutLine: {'line': b'-- Up-to-date: /home/matheus/thesis_ws/install/thesis_interfaces/share/ament_index/resource_index/package_run_dependencies/thesis_interfaces\n'}
[5.709686] (thesis_interfaces) StdoutLine: {'line': b'-- Up-to-date: /home/matheus/thesis_ws/install/thesis_interfaces/share/ament_index/resource_index/parent_prefix_path/thesis_interfaces\n'}
[5.709887] (thesis_interfaces) StdoutLine: {'line': b'-- Up-to-date: /home/matheus/thesis_ws/install/thesis_interfaces/share/thesis_interfaces/environment/ament_prefix_path.sh\n'}
[5.710061] (thesis_interfaces) StdoutLine: {'line': b'-- Up-to-date: /home/matheus/thesis_ws/install/thesis_interfaces/share/thesis_interfaces/environment/ament_prefix_path.dsv\n'}
[5.710243] (thesis_interfaces) StdoutLine: {'line': b'-- Up-to-date: /home/matheus/thesis_ws/install/thesis_interfaces/share/thesis_interfaces/environment/path.sh\n'}
[5.711034] (thesis_interfaces) StdoutLine: {'line': b'-- Up-to-date: /home/matheus/thesis_ws/install/thesis_interfaces/share/thesis_interfaces/environment/path.dsv\n'}
[5.711256] (thesis_interfaces) StdoutLine: {'line': b'-- Up-to-date: /home/matheus/thesis_ws/install/thesis_interfaces/share/thesis_interfaces/local_setup.bash\n'}
[5.711443] (thesis_interfaces) StdoutLine: {'line': b'-- Up-to-date: /home/matheus/thesis_ws/install/thesis_interfaces/share/thesis_interfaces/local_setup.sh\n'}
[5.711599] (thesis_interfaces) StdoutLine: {'line': b'-- Up-to-date: /home/matheus/thesis_ws/install/thesis_interfaces/share/thesis_interfaces/local_setup.zsh\n'}
[5.711757] (thesis_interfaces) StdoutLine: {'line': b'-- Up-to-date: /home/matheus/thesis_ws/install/thesis_interfaces/share/thesis_interfaces/local_setup.dsv\n'}
[5.711924] (thesis_interfaces) StdoutLine: {'line': b'-- Installing: /home/matheus/thesis_ws/install/thesis_interfaces/share/thesis_interfaces/package.dsv\n'}
[5.712082] (thesis_interfaces) StdoutLine: {'line': b'-- Up-to-date: /home/matheus/thesis_ws/install/thesis_interfaces/share/ament_index/resource_index/packages/thesis_interfaces\n'}
[5.713366] (thesis_interfaces) StdoutLine: {'line': b'-- Up-to-date: /home/matheus/thesis_ws/install/thesis_interfaces/share/thesis_interfaces/cmake/thesis_interfacesConfig.cmake\n'}
[5.713708] (thesis_interfaces) StdoutLine: {'line': b'-- Up-to-date: /home/matheus/thesis_ws/install/thesis_interfaces/share/thesis_interfaces/cmake/thesis_interfacesConfig-version.cmake\n'}
[5.715196] (thesis_interfaces) StdoutLine: {'line': b'-- Up-to-date: /home/matheus/thesis_ws/install/thesis_interfaces/share/thesis_interfaces/package.xml\n'}
[5.719327] (thesis_interfaces) CommandEnded: {'returncode': 0}
[5.737738] (-) TimerEvent: {}
[5.770959] (hal_interfaces) StdoutLine: {'line': b'[100%] Built target ament_cmake_python_build_hal_interfaces_egg\n'}
[5.795577] (thesis_interfaces) JobEnded: {'identifier': 'thesis_interfaces', 'rc': 0}
[5.800244] (hal_interfaces) CommandEnded: {'returncode': 0}
[5.802011] (hal_interfaces) JobProgress: {'identifier': 'hal_interfaces', 'progress': 'install'}
[5.803031] (hal_interfaces) Command: {'cmd': ['/usr/bin/cmake', '--install', '/home/matheus/thesis_ws/build/hal_interfaces'], 'cwd': '/home/matheus/thesis_ws/build/hal_interfaces', 'env': OrderedDict([('LESSOPEN', '| /usr/bin/lesspipe %s'), ('USER', 'matheus'), ('LC_TIME', 'pt_BR.UTF-8'), ('XDG_SESSION_TYPE', 'x11'), ('SHLVL', '1'), ('LD_LIBRARY_PATH', '/home/matheus/thesis_ws/install/hal_interfaces/lib:/home/matheus/Desktop/TestesROS2/microros_ws/install/micro_ros_agent/lib:/home/matheus/Desktop/TestesROS2/microros_ws/install/micro_ros_msgs/lib:/opt/ros/humble/opt/rviz_ogre_vendor/lib:/opt/ros/humble/lib/x86_64-linux-gnu:/opt/ros/humble/lib'), ('HOME', '/home/matheus'), ('OLDPWD', '/home/matheus'), ('DESKTOP_SESSION', 'ubuntu-xorg'), ('ROS_PYTHON_VERSION', '3'), ('GNOME_SHELL_SESSION_MODE', 'ubuntu'), ('GTK_MODULES', 'gail:atk-bridge'), ('LC_MONETARY', 'pt_BR.UTF-8'), ('LC_CTYPE', 'pt_BR.UTF-8'), ('SYSTEMD_EXEC_PID', '1746'), ('DBUS_SESSION_BUS_ADDRESS', 'unix:path=/run/user/1000/bus'), ('COLORTERM', 'truecolor'), ('COLCON_PREFIX_PATH', '/home/matheus/thesis_ws/install:/home/matheus/Desktop/TestesROS2/ros_unity_ws/install:/home/matheus/Desktop/TestesROS2/microros_ws/install'), ('ROS_DISTRO', 'humble'), ('GTK_IM_MODULE', 'ibus'), ('LOGNAME', 'matheus'), ('_', '/usr/bin/colcon'), ('ROS_VERSION', '2'), ('XDG_SESSION_CLASS', 'user'), ('USERNAME', 'matheus'), ('TERM', 'xterm-256color'), ('GNOME_DESKTOP_SESSION_ID', 'this-is-deprecated'), ('ROS_LOCALHOST_ONLY', '0'), ('WINDOWPATH', '2'), ('PATH', '/opt/ros/humble/bin:/home/matheus/.local/bin:/usr/local/sbin:/usr/local/bin:/usr/sbin:/usr/bin:/sbin:/bin:/usr/games:/usr/local/games:/snap/bin:/snap/bin:/home/matheus/.platformio/penv/bin'), ('SESSION_MANAGER', 'local/matheus-300E5M-300E5L:@/tmp/.ICE-unix/1722,unix/matheus-300E5M-300E5L:/tmp/.ICE-unix/1722'), ('XDG_MENU_PREFIX', 'gnome-'), ('LC_ADDRESS', 'pt_BR.UTF-8'), ('GNOME_TERMINAL_SCREEN', '/org/gnome/Terminal/screen/f70c918e_603a_40e9_ad59_37335646557a'), ('XDG_RUNTIME_DIR', '/run/user/1000'), ('DISPLAY', ':0'), ('LANG', 'en_US.UTF-8'), ('XDG_CURRENT_DESKTOP', 'ubuntu:GNOME'), ('LC_TELEPHONE', 'pt_BR.UTF-8'), ('XMODIFIERS', '@im=ibus'), ('XDG_SESSION_DESKTOP', 'ubuntu-xorg'), ('XAUTHORITY', '/run/user/1000/gdm/Xauthority'), ('LS_COLORS', 'rs=0:di=01;34:ln=01;36:mh=00:pi=40;33:so=01;35:do=01;35:bd=40;33;01:cd=40;33;01:or=40;31;01:mi=00:su=37;41:sg=30;43:ca=30;41:tw=30;42:ow=34;42:st=37;44:ex=01;32:*.tar=01;31:*.tgz=01;31:*.arc=01;31:*.arj=01;31:*.taz=01;31:*.lha=01;31:*.lz4=01;31:*.lzh=01;31:*.lzma=01;31:*.tlz=01;31:*.txz=01;31:*.tzo=01;31:*.t7z=01;31:*.zip=01;31:*.z=01;31:*.dz=01;31:*.gz=01;31:*.lrz=01;31:*.lz=01;31:*.lzo=01;31:*.xz=01;31:*.zst=01;31:*.tzst=01;31:*.bz2=01;31:*.bz=01;31:*.tbz=01;31:*.tbz2=01;31:*.tz=01;31:*.deb=01;31:*.rpm=01;31:*.jar=01;31:*.war=01;31:*.ear=01;31:*.sar=01;31:*.rar=01;31:*.alz=01;31:*.ace=01;31:*.zoo=01;31:*.cpio=01;31:*.7z=01;31:*.rz=01;31:*.cab=01;31:*.wim=01;31:*.swm=01;31:*.dwm=01;31:*.esd=01;31:*.jpg=01;35:*.jpeg=01;35:*.mjpg=01;35:*.mjpeg=01;35:*.gif=01;35:*.bmp=01;35:*.pbm=01;35:*.pgm=01;35:*.ppm=01;35:*.tga=01;35:*.xbm=01;35:*.xpm=01;35:*.tif=01;35:*.tiff=01;35:*.png=01;35:*.svg=01;35:*.svgz=01;35:*.mng=01;35:*.pcx=01;35:*.mov=01;35:*.mpg=01;35:*.mpeg=01;35:*.m2v=01;35:*.mkv=01;35:*.webm=01;35:*.webp=01;35:*.ogm=01;35:*.mp4=01;35:*.m4v=01;35:*.mp4v=01;35:*.vob=01;35:*.qt=01;35:*.nuv=01;35:*.wmv=01;35:*.asf=01;35:*.rm=01;35:*.rmvb=01;35:*.flc=01;35:*.avi=01;35:*.fli=01;35:*.flv=01;35:*.gl=01;35:*.dl=01;35:*.xcf=01;35:*.xwd=01;35:*.yuv=01;35:*.cgm=01;35:*.emf=01;35:*.ogv=01;35:*.ogx=01;35:*.aac=00;36:*.au=00;36:*.flac=00;36:*.m4a=00;36:*.mid=00;36:*.midi=00;36:*.mka=00;36:*.mp3=00;36:*.mpc=00;36:*.ogg=00;36:*.ra=00;36:*.wav=00;36:*.oga=00;36:*.opus=00;36:*.spx=00;36:*.xspf=00;36:'), ('GNOME_TERMINAL_SERVICE', ':1.217'), ('SSH_AGENT_LAUNCHER', 'gnome-keyring'), ('SSH_AUTH_SOCK', '/run/user/1000/keyring/ssh'), ('AMENT_PREFIX_PATH', '/home/matheus/thesis_ws/install/thesis_interfaces:/home/matheus/thesis_ws/install/hal_signal_processing:/home/matheus/thesis_ws/install/hal_interfaces:/home/matheus/thesis_ws/install/hal_device_manager:/home/matheus/thesis_ws/install/game_unity_bridge:/home/matheus/thesis_ws/install/game_session:/home/matheus/thesis_ws/install/game_input_mapping:/home/matheus/thesis_ws/install/encoder_guidao:/home/matheus/thesis_ws/install/encoder_device:/home/matheus/thesis_ws/install/data_logger:/home/matheus/thesis_ws/install/controller_guidao:/home/matheus/Desktop/TestesROS2/ros_unity_ws/install/ros_tcp_endpoint:/home/matheus/Desktop/TestesROS2/microros_ws/install/micro_ros_setup:/home/matheus/Desktop/TestesROS2/microros_ws/install/micro_ros_agent:/home/matheus/Desktop/TestesROS2/microros_ws/install/micro_ros_msgs:/opt/ros/humble'), ('SHELL', '/bin/bash'), ('LC_NAME', 'pt_BR.UTF-8'), ('QT_ACCESSIBILITY', '1'), ('GDMSESSION', 'ubuntu-xorg'), ('LESSCLOSE', '/usr/bin/lesspipe %s %s'), ('LC_MEASUREMENT', 'pt_BR.UTF-8'), ('GPG_AGENT_INFO', '/run/user/1000/gnupg/S.gpg-agent:0:1'), ('LC_IDENTIFICATION', 'pt_BR.UTF-8'), ('QT_IM_MODULE', 'ibus'), ('PWD', '/home/matheus/thesis_ws/build/hal_interfaces'), ('LC_ALL', 'en_US.UTF-8'), ('XDG_CONFIG_DIRS', '/etc/xdg/xdg-ubuntu-xorg:/etc/xdg'), ('XDG_DATA_DIRS', '/usr/share/ubuntu-xorg:/usr/share/gnome:/usr/local/share/:/usr/share/:/var/lib/snapd/desktop'), ('PYTHONPATH', '/home/matheus/thesis_ws/install/hal_signal_processing/lib/python3.10/site-packages:/home/matheus/thesis_ws/install/hal_interfaces/local/lib/python3.10/dist-packages:/home/matheus/thesis_ws/install/hal_device_manager/lib/python3.10/site-packages:/home/matheus/thesis_ws/install/game_unity_bridge/lib/python3.10/site-packages:/home/matheus/thesis_ws/install/game_session/lib/python3.10/site-packages:/home/matheus/thesis_ws/install/game_input_mapping/lib/python3.10/site-packages:/home/matheus/thesis_ws/install/encoder_guidao/lib/python3.10/site-packages:/home/matheus/thesis_ws/install/encoder_device/lib/python3.10/site-packages:/home/matheus/thesis_ws/install/data_logger/lib/python3.10/site-packages:/home/matheus/thesis_ws/install/controller_guidao/lib/python3.10/site-packages:/home/matheus/Desktop/TestesROS2/ros_unity_ws/install/ros_tcp_endpoint/lib/python3.10/site-packages:/home/matheus/Desktop/TestesROS2/microros_ws/install/micro_ros_msgs/local/lib/python3.10/dist-packages:/opt/ros/humble/lib/python3.10/site-packages:/opt/ros/humble/local/lib/python3.10/dist-packages'), ('LC_NUMERIC', 'pt_BR.UTF-8'), ('LC_PAPER', 'pt_BR.UTF-8'), ('COLCON', '1'), ('VTE_VERSION', '6800'), ('CMAKE_PREFIX_PATH', '/home/matheus/thesis_ws/install/thesis_interfaces:/home/matheus/thesis_ws/install/hal_interfaces:/home/matheus/Desktop/TestesROS2/microros_ws/install/micro_ros_setup:/home/matheus/Desktop/TestesROS2/microros_ws/install/micro_ros_agent:/home/matheus/Desktop/TestesROS2/microros_ws/install/micro_ros_msgs:/home/matheus/thesis_ws/install/hal_signal_processing:/home/matheus/thesis_ws/install/hal_device_manager:/home/matheus/thesis_ws/install/game_unity_bridge:/home/matheus/thesis_ws/install/game_session:/home/matheus/thesis_ws/install/game_input_mapping:/home/matheus/thesis_ws/install/encoder_guidao:/home/matheus/thesis_ws/install/encoder_device:/home/matheus/thesis_ws/install/data_logger:/home/matheus/thesis_ws/install/controller_guidao:/home/matheus/Desktop/TestesROS2/ros_unity_ws/install/ros_tcp_endpoint:/opt/ros/humble')]), 'shell': False}
[5.831452] (hal_interfaces) StdoutLine: {'line': b'-- Install configuration: ""\n'}
[5.832027] (hal_interfaces) StdoutLine: {'line': b'-- Up-to-date: /home/matheus/thesis_ws/install/hal_interfaces/share/ament_index/resource_index/rosidl_interfaces/hal_interfaces\n'}
[5.832357] (hal_interfaces) StdoutLine: {'line': b'-- Up-to-date: /home/matheus/thesis_ws/install/hal_interfaces/include/hal_interfaces/hal_interfaces\n'}
[5.837916] (-) TimerEvent: {}
[5.842181] (hal_interfaces) StdoutLine: {'line': b'-- Up-to-date: /home/matheus/thesis_ws/install/hal_interfaces/include/hal_interfaces/hal_interfaces/msg\n'}
[5.842948] (hal_interfaces) StdoutLine: {'line': b'-- Up-to-date: /home/matheus/thesis_ws/install/hal_interfaces/include/hal_interfaces/hal_interfaces/msg/rosidl_generator_c__visibility_control.h\n'}
[5.843424] (hal_interfaces) StdoutLine: {'line': b'-- Up-to-date: /home/matheus/thesis_ws/install/hal_interfaces/include/hal_interfaces/hal_interfaces/srv\n'}
[5.843741] (hal_interfaces) StdoutLine: {'line': b'-- Up-to-date: /home/matheus/thesis_ws/install/hal_interfaces/include/hal_interfaces/hal_interfaces/srv/set_string.h\n'}
[5.844153] (hal_interfaces) StdoutLine: {'line': b'-- Up-to-date: /home/matheus/thesis_ws/install/hal_interfaces/include/hal_interfaces/hal_interfaces/srv/detail\n'}
[5.844497] (hal_interfaces) StdoutLine: {'line': b'-- Up-to-date: /home/matheus/thesis_ws/install/hal_interfaces/include/hal_interfaces/hal_interfaces/srv/detail/set_string__struct.h\n'}
[5.844790] (hal_interfaces) StdoutLine: {'line': b'-- Up-to-date: /home/matheus/thesis_ws/install/hal_interfaces/include/hal_interfaces/hal_interfaces/srv/detail/set_string__functions.h\n'}
[5.846663] (hal_interfaces) StdoutLine: {'line': b'-- Up-to-date: /home/matheus/thesis_ws/install/hal_interfaces/include/hal_interfaces/hal_interfaces/srv/detail/set_string__type_support.h\n'}
[5.846985] (hal_interfaces) StdoutLine: {'line': b'-- Up-to-date: /home/matheus/thesis_ws/install/hal_interfaces/include/hal_interfaces/hal_interfaces/srv/detail/set_string__functions.c\n'}
[5.847165] (hal_interfaces) StdoutLine: {'line': b'-- Up-to-date: /home/matheus/thesis_ws/install/hal_interfaces/share/hal_interfaces/environment/library_path.sh\n'}
[5.847321] (hal_interfaces) StdoutLine: {'line': b'-- Up-to-date: /home/matheus/thesis_ws/install/hal_interfaces/share/hal_interfaces/environment/library_path.dsv\n'}
[5.847466] (hal_interfaces) StdoutLine: {'line': b'-- Up-to-date: /home/matheus/thesis_ws/install/hal_interfaces/lib/libhal_interfaces__rosidl_generator_c.so\n'}
[5.847605] (hal_interfaces) StdoutLine: {'line': b'-- Up-to-date: /home/matheus/thesis_ws/install/hal_interfaces/include/hal_interfaces/hal_interfaces\n'}
[5.858253] (hal_interfaces) StdoutLine: {'line': b'-- Up-to-date: /home/matheus/thesis_ws/install/hal_interfaces/include/hal_interfaces/hal_interfaces/msg\n'}
[5.869194] (hal_interfaces) StdoutLine: {'line': b'-- Up-to-date: /home/matheus/thesis_ws/install/hal_interfaces/include/hal_interfaces/hal_interfaces/msg/rosidl_typesupport_fastrtps_c__visibility_control.h\n'}
[5.869682] (hal_interfaces) StdoutLine: {'line': b'-- Up-to-date: /home/matheus/thesis_ws/install/hal_interfaces/include/hal_interfaces/hal_interfaces/srv\n'}
[5.870175] (hal_interfaces) StdoutLine: {'line': b'-- Up-to-date: /home/matheus/thesis_ws/install/hal_interfaces/include/hal_interfaces/hal_interfaces/srv/detail\n'}
[5.870461] (hal_interfaces) StdoutLine: {'line': b'-- Up-to-date: /home/matheus/thesis_ws/install/hal_interfaces/include/hal_interfaces/hal_interfaces/srv/detail/set_string__rosidl_typesupport_fastrtps_c.h\n'}
[5.870871] (hal_interfaces) StdoutLine: {'line': b'-- Up-to-date: /home/matheus/thesis_ws/install/hal_interfaces/lib/libhal_interfaces__rosidl_typesupport_fastrtps_c.so\n'}
[5.871139] (hal_interfaces) StdoutLine: {'line': b'-- Up-to-date: /home/matheus/thesis_ws/install/hal_interfaces/include/hal_interfaces/hal_interfaces\n'}
[5.881773] (hal_interfaces) StdoutLine: {'line': b'-- Up-to-date: /home/matheus/thesis_ws/install/hal_interfaces/include/hal_interfaces/hal_interfaces/msg\n'}
[5.892766] (hal_interfaces) StdoutLine: {'line': b'-- Up-to-date: /home/matheus/thesis_ws/install/hal_interfaces/include/hal_interfaces/hal_interfaces/msg/rosidl_typesupport_introspection_c__visibility_control.h\n'}
[5.893282] (hal_interfaces) StdoutLine: {'line': b'-- Up-to-date: /home/matheus/thesis_ws/install/hal_interfaces/include/hal_interfaces/hal_interfaces/srv\n'}
[5.893496] (hal_interfaces) StdoutLine: {'line': b'-- Up-to-date: /home/matheus/thesis_ws/install/hal_interfaces/include/hal_interfaces/hal_interfaces/srv/detail\n'}
[5.893660] (hal_interfaces) StdoutLine: {'line': b'-- Up-to-date: /home/matheus/thesis_ws/install/hal_interfaces/include/hal_interfaces/hal_interfaces/srv/detail/set_string__type_support.c\n'}
[5.893823] (hal_interfaces) StdoutLine: {'line': b'-- Up-to-date: /home/matheus/thesis_ws/install/hal_interfaces/include/hal_interfaces/hal_interfaces/srv/detail/set_string__rosidl_typesupport_introspection_c.h\n'}
[5.894125] (hal_interfaces) StdoutLine: {'line': b'-- Up-to-date: /home/matheus/thesis_ws/install/hal_interfaces/lib/libhal_interfaces__rosidl_typesupport_introspection_c.so\n'}
[5.894677] (hal_interfaces) StdoutLine: {'line': b'-- Up-to-date: /home/matheus/thesis_ws/install/hal_interfaces/lib/libhal_interfaces__rosidl_typesupport_c.so\n'}
[5.895231] (hal_interfaces) StdoutLine: {'line': b'-- Up-to-date: /home/matheus/thesis_ws/install/hal_interfaces/include/hal_interfaces/hal_interfaces\n'}
[5.906247] (hal_interfaces) StdoutLine: {'line': b'-- Up-to-date: /home/matheus/thesis_ws/install/hal_interfaces/include/hal_interfaces/hal_interfaces/msg\n'}
[5.917210] (hal_interfaces) StdoutLine: {'line': b'-- Up-to-date: /home/matheus/thesis_ws/install/hal_interfaces/include/hal_interfaces/hal_interfaces/msg/rosidl_generator_cpp__visibility_control.hpp\n'}
[5.917602] (hal_interfaces) StdoutLine: {'line': b'-- Up-to-date: /home/matheus/thesis_ws/install/hal_interfaces/include/hal_interfaces/hal_interfaces/srv\n'}
[5.928121] (hal_interfaces) StdoutLine: {'line': b'-- Up-to-date: /home/matheus/thesis_ws/install/hal_interfaces/include/hal_interfaces/hal_interfaces/srv/set_string.hpp\n'}
[5.928547] (hal_interfaces) StdoutLine: {'line': b'-- Up-to-date: /home/matheus/thesis_ws/install/hal_interfaces/include/hal_interfaces/hal_interfaces/srv/detail\n'}
[5.938028] (-) TimerEvent: {}
[5.938979] (hal_interfaces) StdoutLine: {'line': b'-- Up-to-date: /home/matheus/thesis_ws/install/hal_interfaces/include/hal_interfaces/hal_interfaces/srv/detail/set_string__builder.hpp\n'}
[5.939303] (hal_interfaces) StdoutLine: {'line': b'-- Up-to-date: /home/matheus/thesis_ws/install/hal_interfaces/include/hal_interfaces/hal_interfaces/srv/detail/set_string__struct.hpp\n'}
[5.939678] (hal_interfaces) StdoutLine: {'line': b'-- Up-to-date: /home/matheus/thesis_ws/install/hal_interfaces/include/hal_interfaces/hal_interfaces/srv/detail/set_string__type_support.hpp\n'}
[5.940169] (hal_interfaces) StdoutLine: {'line': b'-- Up-to-date: /home/matheus/thesis_ws/install/hal_interfaces/include/hal_interfaces/hal_interfaces/srv/detail/set_string__traits.hpp\n'}
[5.940478] (hal_interfaces) StdoutLine: {'line': b'-- Up-to-date: /home/matheus/thesis_ws/install/hal_interfaces/include/hal_interfaces/hal_interfaces\n'}
[5.950256] (hal_interfaces) StdoutLine: {'line': b'-- Up-to-date: /home/matheus/thesis_ws/install/hal_interfaces/include/hal_interfaces/hal_interfaces/msg\n'}
[5.950946] (hal_interfaces) StdoutLine: {'line': b'-- Up-to-date: /home/matheus/thesis_ws/install/hal_interfaces/include/hal_interfaces/hal_interfaces/msg/rosidl_typesupport_fastrtps_cpp__visibility_control.h\n'}
[5.951363] (hal_interfaces) StdoutLine: {'line': b'-- Up-to-date: /home/matheus/thesis_ws/install/hal_interfaces/include/hal_interfaces/hal_interfaces/srv\n'}
[5.951614] (hal_interfaces) StdoutLine: {'line': b'-- Up-to-date: /home/matheus/thesis_ws/install/hal_interfaces/include/hal_interfaces/hal_interfaces/srv/detail\n'}
[5.951870] (hal_interfaces) StdoutLine: {'line': b'-- Up-to-date: /home/matheus/thesis_ws/install/hal_interfaces/include/hal_interfaces/hal_interfaces/srv/detail/dds_fastrtps\n'}
[5.952559] (hal_interfaces) StdoutLine: {'line': b'-- Up-to-date: /home/matheus/thesis_ws/install/hal_interfaces/include/hal_interfaces/hal_interfaces/srv/detail/set_string__rosidl_typesupport_fastrtps_cpp.hpp\n'}
[5.953191] (hal_interfaces) StdoutLine: {'line': b'-- Up-to-date: /home/matheus/thesis_ws/install/hal_interfaces/lib/libhal_interfaces__rosidl_typesupport_fastrtps_cpp.so\n'}
[5.953761] (hal_interfaces) StdoutLine: {'line': b'-- Up-to-date: /home/matheus/thesis_ws/install/hal_interfaces/include/hal_interfaces/hal_interfaces\n'}
[5.954059] (hal_interfaces) StdoutLine: {'line': b'-- Up-to-date: /home/matheus/thesis_ws/install/hal_interfaces/include/hal_interfaces/hal_interfaces/srv\n'}
[5.964730] (hal_interfaces) StdoutLine: {'line': b'-- Up-to-date: /home/matheus/thesis_ws/install/hal_interfaces/include/hal_interfaces/hal_interfaces/srv/detail\n'}
[5.966463] (hal_interfaces) StdoutLine: {'line': b'-- Up-to-date: /home/matheus/thesis_ws/install/hal_interfaces/include/hal_interfaces/hal_interfaces/srv/detail/set_string__rosidl_typesupport_introspection_cpp.hpp\n'}
[5.966826] (hal_interfaces) StdoutLine: {'line': b'-- Up-to-date: /home/matheus/thesis_ws/install/hal_interfaces/include/hal_interfaces/hal_interfaces/srv/detail/set_string__type_support.cpp\n'}
[5.967068] (hal_interfaces) StdoutLine: {'line': b'-- Up-to-date: /home/matheus/thesis_ws/install/hal_interfaces/lib/libhal_interfaces__rosidl_typesupport_introspection_cpp.so\n'}
[5.967314] (hal_interfaces) StdoutLine: {'line': b'-- Up-to-date: /home/matheus/thesis_ws/install/hal_interfaces/lib/libhal_interfaces__rosidl_typesupport_cpp.so\n'}
[5.967579] (hal_interfaces) StdoutLine: {'line': b'-- Up-to-date: /home/matheus/thesis_ws/install/hal_interfaces/share/hal_interfaces/environment/pythonpath.sh\n'}
[5.967890] (hal_interfaces) StdoutLine: {'line': b'-- Up-to-date: /home/matheus/thesis_ws/install/hal_interfaces/share/hal_interfaces/environment/pythonpath.dsv\n'}
[5.968233] (hal_interfaces) StdoutLine: {'line': b'-- Up-to-date: /home/matheus/thesis_ws/install/hal_interfaces/local/lib/python3.10/dist-packages/hal_interfaces-0.0.0-py3.10.egg-info\n'}
[5.968484] (hal_interfaces) StdoutLine: {'line': b'-- Installing: /home/matheus/thesis_ws/install/hal_interfaces/local/lib/python3.10/dist-packages/hal_interfaces-0.0.0-py3.10.egg-info/dependency_links.txt\n'}
[5.969655] (hal_interfaces) StdoutLine: {'line': b'-- Installing: /home/matheus/thesis_ws/install/hal_interfaces/local/lib/python3.10/dist-packages/hal_interfaces-0.0.0-py3.10.egg-info/top_level.txt\n'}
[5.970155] (hal_interfaces) StdoutLine: {'line': b'-- Installing: /home/matheus/thesis_ws/install/hal_interfaces/local/lib/python3.10/dist-packages/hal_interfaces-0.0.0-py3.10.egg-info/SOURCES.txt\n'}
[5.970598] (hal_interfaces) StdoutLine: {'line': b'-- Installing: /home/matheus/thesis_ws/install/hal_interfaces/local/lib/python3.10/dist-packages/hal_interfaces-0.0.0-py3.10.egg-info/PKG-INFO\n'}
[5.971220] (hal_interfaces) StdoutLine: {'line': b'-- Up-to-date: /home/matheus/thesis_ws/install/hal_interfaces/local/lib/python3.10/dist-packages/hal_interfaces\n'}
[5.971566] (hal_interfaces) StdoutLine: {'line': b'-- Up-to-date: /home/matheus/thesis_ws/install/hal_interfaces/local/lib/python3.10/dist-packages/hal_interfaces/_hal_interfaces_s.ep.rosidl_typesupport_introspection_c.c\n'}
[5.971768] (hal_interfaces) StdoutLine: {'line': b'-- Up-to-date: /home/matheus/thesis_ws/install/hal_interfaces/local/lib/python3.10/dist-packages/hal_interfaces/srv\n'}
[5.972215] (hal_interfaces) StdoutLine: {'line': b'-- Up-to-date: /home/matheus/thesis_ws/install/hal_interfaces/local/lib/python3.10/dist-packages/hal_interfaces/srv/_set_string_s.c\n'}
[5.972398] (hal_interfaces) StdoutLine: {'line': b'-- Up-to-date: /home/matheus/thesis_ws/install/hal_interfaces/local/lib/python3.10/dist-packages/hal_interfaces/srv/_set_string.py\n'}
[5.972557] (hal_interfaces) StdoutLine: {'line': b'-- Up-to-date: /home/matheus/thesis_ws/install/hal_interfaces/local/lib/python3.10/dist-packages/hal_interfaces/srv/__init__.py\n'}
[5.972710] (hal_interfaces) StdoutLine: {'line': b'-- Up-to-date: /home/matheus/thesis_ws/install/hal_interfaces/local/lib/python3.10/dist-packages/hal_interfaces/libhal_interfaces__rosidl_generator_py.so\n'}
[5.972873] (hal_interfaces) StdoutLine: {'line': b'-- Up-to-date: /home/matheus/thesis_ws/install/hal_interfaces/local/lib/python3.10/dist-packages/hal_interfaces/_hal_interfaces_s.ep.rosidl_typesupport_c.c\n'}
[5.973031] (hal_interfaces) StdoutLine: {'line': b'-- Up-to-date: /home/matheus/thesis_ws/install/hal_interfaces/local/lib/python3.10/dist-packages/hal_interfaces/_hal_interfaces_s.ep.rosidl_typesupport_fastrtps_c.c\n'}
[5.973187] (hal_interfaces) StdoutLine: {'line': b'-- Up-to-date: /home/matheus/thesis_ws/install/hal_interfaces/local/lib/python3.10/dist-packages/hal_interfaces/hal_interfaces_s__rosidl_typesupport_fastrtps_c.cpython-310-x86_64-linux-gnu.so\n'}
[5.973350] (hal_interfaces) StdoutLine: {'line': b'-- Up-to-date: /home/matheus/thesis_ws/install/hal_interfaces/local/lib/python3.10/dist-packages/hal_interfaces/__init__.py\n'}
[5.973659] (hal_interfaces) StdoutLine: {'line': b'-- Up-to-date: /home/matheus/thesis_ws/install/hal_interfaces/local/lib/python3.10/dist-packages/hal_interfaces/hal_interfaces_s__rosidl_typesupport_introspection_c.cpython-310-x86_64-linux-gnu.so\n'}
[5.974164] (hal_interfaces) StdoutLine: {'line': b'-- Up-to-date: /home/matheus/thesis_ws/install/hal_interfaces/local/lib/python3.10/dist-packages/hal_interfaces/hal_interfaces_s__rosidl_typesupport_c.cpython-310-x86_64-linux-gnu.so\n'}
[6.038175] (-) TimerEvent: {}
[6.126189] (hal_interfaces) StdoutLine: {'line': b"Listing '/home/matheus/thesis_ws/install/hal_interfaces/local/lib/python3.10/dist-packages/hal_interfaces'...\n"}
[6.126569] (hal_interfaces) StdoutLine: {'line': b"Listing '/home/matheus/thesis_ws/install/hal_interfaces/local/lib/python3.10/dist-packages/hal_interfaces/srv'...\n"}
[6.138299] (-) TimerEvent: {}
[6.142372] (hal_interfaces) StdoutLine: {'line': b'-- Up-to-date: /home/matheus/thesis_ws/install/hal_interfaces/local/lib/python3.10/dist-packages/hal_interfaces/hal_interfaces_s__rosidl_typesupport_fastrtps_c.cpython-310-x86_64-linux-gnu.so\n'}
[6.144424] (hal_interfaces) StdoutLine: {'line': b'-- Up-to-date: /home/matheus/thesis_ws/install/hal_interfaces/local/lib/python3.10/dist-packages/hal_interfaces/hal_interfaces_s__rosidl_typesupport_introspection_c.cpython-310-x86_64-linux-gnu.so\n'}
[6.145890] (hal_interfaces) StdoutLine: {'line': b'-- Up-to-date: /home/matheus/thesis_ws/install/hal_interfaces/local/lib/python3.10/dist-packages/hal_interfaces/hal_interfaces_s__rosidl_typesupport_c.cpython-310-x86_64-linux-gnu.so\n'}
[6.148155] (hal_interfaces) StdoutLine: {'line': b'-- Up-to-date: /home/matheus/thesis_ws/install/hal_interfaces/lib/libhal_interfaces__rosidl_generator_py.so\n'}
[6.148716] (hal_interfaces) StdoutLine: {'line': b'-- Up-to-date: /home/matheus/thesis_ws/install/hal_interfaces/share/ament_index/resource_index/rust_packages/hal_interfaces\n'}
[6.149085] (hal_interfaces) StdoutLine: {'line': b'-- Up-to-date: /home/matheus/thesis_ws/install/hal_interfaces/share/hal_interfaces/rust\n'}
[6.159921] (hal_interfaces) StdoutLine: {'line': b'-- Up-to-date: /home/matheus/thesis_ws/install/hal_interfaces/share/hal_interfaces/rust/Cargo.toml\n'}
[6.160293] (hal_interfaces) StdoutLine: {'line': b'-- Up-to-date: /home/matheus/thesis_ws/install/hal_interfaces/share/hal_interfaces/rust/src\n'}
[6.170919] (hal_interfaces) StdoutLine: {'line': b'-- Up-to-date: /home/matheus/thesis_ws/install/hal_interfaces/share/hal_interfaces/rust/src/lib.rs\n'}
[6.171396] (hal_interfaces) StdoutLine: {'line': b'-- Up-to-date: /home/matheus/thesis_ws/install/hal_interfaces/share/hal_interfaces/rust/src/srv\n'}
[6.183311] (hal_interfaces) StdoutLine: {'line': b'-- Up-to-date: /home/matheus/thesis_ws/install/hal_interfaces/share/hal_interfaces/rust/src/srv/rmw.rs\n'}
[6.184207] (hal_interfaces) StdoutLine: {'line': b'-- Up-to-date: /home/matheus/thesis_ws/install/hal_interfaces/share/hal_interfaces/rust/src/srv.rs\n'}
[6.184440] (hal_interfaces) StdoutLine: {'line': b'-- Up-to-date: /home/matheus/thesis_ws/install/hal_interfaces/share/hal_interfaces/rust/build.rs\n'}
[6.184772] (hal_interfaces) StdoutLine: {'line': b'-- Up-to-date: /home/matheus/thesis_ws/install/hal_interfaces/share/hal_interfaces/srv/SetString.idl\n'}
[6.185016] (hal_interfaces) StdoutLine: {'line': b'-- Up-to-date: /home/matheus/thesis_ws/install/hal_interfaces/share/hal_interfaces/srv/SetString.srv\n'}
[6.185191] (hal_interfaces) StdoutLine: {'line': b'-- Up-to-date: /home/matheus/thesis_ws/install/hal_interfaces/share/hal_interfaces/srv/SetString_Request.msg\n'}
[6.185364] (hal_interfaces) StdoutLine: {'line': b'-- Up-to-date: /home/matheus/thesis_ws/install/hal_interfaces/share/hal_interfaces/srv/SetString_Response.msg\n'}
[6.185550] (hal_interfaces) StdoutLine: {'line': b'-- Up-to-date: /home/matheus/thesis_ws/install/hal_interfaces/share/ament_index/resource_index/package_run_dependencies/hal_interfaces\n'}
[6.185709] (hal_interfaces) StdoutLine: {'line': b'-- Up-to-date: /home/matheus/thesis_ws/install/hal_interfaces/share/ament_index/resource_index/parent_prefix_path/hal_interfaces\n'}
[6.185883] (hal_interfaces) StdoutLine: {'line': b'-- Up-to-date: /home/matheus/thesis_ws/install/hal_interfaces/share/hal_interfaces/environment/ament_prefix_path.sh\n'}
[6.186063] (hal_interfaces) StdoutLine: {'line': b'-- Up-to-date: /home/matheus/thesis_ws/install/hal_interfaces/share/hal_interfaces/environment/ament_prefix_path.dsv\n'}
[6.186342] (hal_interfaces) StdoutLine: {'line': b'-- Up-to-date: /home/matheus/thesis_ws/install/hal_interfaces/share/hal_interfaces/environment/path.sh\n'}
[6.186732] (hal_interfaces) StdoutLine: {'line': b'-- Up-to-date: /home/matheus/thesis_ws/install/hal_interfaces/share/hal_interfaces/environment/path.dsv\n'}
[6.186950] (hal_interfaces) StdoutLine: {'line': b'-- Up-to-date: /home/matheus/thesis_ws/install/hal_interfaces/share/hal_interfaces/local_setup.bash\n'}
[6.187126] (hal_interfaces) StdoutLine: {'line': b'-- Up-to-date: /home/matheus/thesis_ws/install/hal_interfaces/share/hal_interfaces/local_setup.sh\n'}
[6.187289] (hal_interfaces) StdoutLine: {'line': b'-- Up-to-date: /home/matheus/thesis_ws/install/hal_interfaces/share/hal_interfaces/local_setup.zsh\n'}
[6.187441] (hal_interfaces) StdoutLine: {'line': b'-- Up-to-date: /home/matheus/thesis_ws/install/hal_interfaces/share/hal_interfaces/local_setup.dsv\n'}
[6.187585] (hal_interfaces) StdoutLine: {'line': b'-- Installing: /home/matheus/thesis_ws/install/hal_interfaces/share/hal_interfaces/package.dsv\n'}
[6.189756] (hal_interfaces) StdoutLine: {'line': b'-- Up-to-date: /home/matheus/thesis_ws/install/hal_interfaces/share/ament_index/resource_index/packages/hal_interfaces\n'}
[6.190176] (hal_interfaces) StdoutLine: {'line': b'-- Up-to-date: /home/matheus/thesis_ws/install/hal_interfaces/share/hal_interfaces/cmake/export_hal_interfaces__rosidl_generator_cExport.cmake\n'}
[6.190494] (hal_interfaces) StdoutLine: {'line': b'-- Up-to-date: /home/matheus/thesis_ws/install/hal_interfaces/share/hal_interfaces/cmake/export_hal_interfaces__rosidl_generator_cExport-noconfig.cmake\n'}
[6.190775] (hal_interfaces) StdoutLine: {'line': b'-- Up-to-date: /home/matheus/thesis_ws/install/hal_interfaces/share/hal_interfaces/cmake/export_hal_interfaces__rosidl_typesupport_fastrtps_cExport.cmake\n'}
[6.191019] (hal_interfaces) StdoutLine: {'line': b'-- Up-to-date: /home/matheus/thesis_ws/install/hal_interfaces/share/hal_interfaces/cmake/export_hal_interfaces__rosidl_typesupport_fastrtps_cExport-noconfig.cmake\n'}
[6.191253] (hal_interfaces) StdoutLine: {'line': b'-- Up-to-date: /home/matheus/thesis_ws/install/hal_interfaces/share/hal_interfaces/cmake/hal_interfaces__rosidl_typesupport_introspection_cExport.cmake\n'}
[6.191505] (hal_interfaces) StdoutLine: {'line': b'-- Up-to-date: /home/matheus/thesis_ws/install/hal_interfaces/share/hal_interfaces/cmake/hal_interfaces__rosidl_typesupport_introspection_cExport-noconfig.cmake\n'}
[6.191689] (hal_interfaces) StdoutLine: {'line': b'-- Up-to-date: /home/matheus/thesis_ws/install/hal_interfaces/share/hal_interfaces/cmake/hal_interfaces__rosidl_typesupport_cExport.cmake\n'}
[6.191925] (hal_interfaces) StdoutLine: {'line': b'-- Up-to-date: /home/matheus/thesis_ws/install/hal_interfaces/share/hal_interfaces/cmake/hal_interfaces__rosidl_typesupport_cExport-noconfig.cmake\n'}
[6.195080] (hal_interfaces) StdoutLine: {'line': b'-- Up-to-date: /home/matheus/thesis_ws/install/hal_interfaces/share/hal_interfaces/cmake/export_hal_interfaces__rosidl_generator_cppExport.cmake\n'}
[6.195448] (hal_interfaces) StdoutLine: {'line': b'-- Up-to-date: /home/matheus/thesis_ws/install/hal_interfaces/share/hal_interfaces/cmake/export_hal_interfaces__rosidl_typesupport_fastrtps_cppExport.cmake\n'}
[6.195721] (hal_interfaces) StdoutLine: {'line': b'-- Up-to-date: /home/matheus/thesis_ws/install/hal_interfaces/share/hal_interfaces/cmake/export_hal_interfaces__rosidl_typesupport_fastrtps_cppExport-noconfig.cmake\n'}
[6.196139] (hal_interfaces) StdoutLine: {'line': b'-- Up-to-date: /home/matheus/thesis_ws/install/hal_interfaces/share/hal_interfaces/cmake/hal_interfaces__rosidl_typesupport_introspection_cppExport.cmake\n'}
[6.196468] (hal_interfaces) StdoutLine: {'line': b'-- Up-to-date: /home/matheus/thesis_ws/install/hal_interfaces/share/hal_interfaces/cmake/hal_interfaces__rosidl_typesupport_introspection_cppExport-noconfig.cmake\n'}
[6.196754] (hal_interfaces) StdoutLine: {'line': b'-- Up-to-date: /home/matheus/thesis_ws/install/hal_interfaces/share/hal_interfaces/cmake/hal_interfaces__rosidl_typesupport_cppExport.cmake\n'}
[6.196960] (hal_interfaces) StdoutLine: {'line': b'-- Up-to-date: /home/matheus/thesis_ws/install/hal_interfaces/share/hal_interfaces/cmake/hal_interfaces__rosidl_typesupport_cppExport-noconfig.cmake\n'}
[6.197222] (hal_interfaces) StdoutLine: {'line': b'-- Up-to-date: /home/matheus/thesis_ws/install/hal_interfaces/share/hal_interfaces/cmake/export_hal_interfaces__rosidl_generator_pyExport.cmake\n'}
[6.197548] (hal_interfaces) StdoutLine: {'line': b'-- Up-to-date: /home/matheus/thesis_ws/install/hal_interfaces/share/hal_interfaces/cmake/export_hal_interfaces__rosidl_generator_pyExport-noconfig.cmake\n'}
[6.197746] (hal_interfaces) StdoutLine: {'line': b'-- Up-to-date: /home/matheus/thesis_ws/install/hal_interfaces/share/hal_interfaces/cmake/rosidl_cmake-extras.cmake\n'}
[6.197933] (hal_interfaces) StdoutLine: {'line': b'-- Up-to-date: /home/matheus/thesis_ws/install/hal_interfaces/share/hal_interfaces/cmake/ament_cmake_export_include_directories-extras.cmake\n'}
[6.198095] (hal_interfaces) StdoutLine: {'line': b'-- Up-to-date: /home/matheus/thesis_ws/install/hal_interfaces/share/hal_interfaces/cmake/ament_cmake_export_libraries-extras.cmake\n'}
[6.198250] (hal_interfaces) StdoutLine: {'line': b'-- Up-to-date: /home/matheus/thesis_ws/install/hal_interfaces/share/hal_interfaces/cmake/ament_cmake_export_targets-extras.cmake\n'}
[6.198474] (hal_interfaces) StdoutLine: {'line': b'-- Up-to-date: /home/matheus/thesis_ws/install/hal_interfaces/share/hal_interfaces/cmake/rosidl_cmake_export_typesupport_targets-extras.cmake\n'}
[6.198635] (hal_interfaces) StdoutLine: {'line': b'-- Up-to-date: /home/matheus/thesis_ws/install/hal_interfaces/share/hal_interfaces/cmake/ament_cmake_export_dependencies-extras.cmake\n'}
[6.201120] (hal_interfaces) StdoutLine: {'line': b'-- Up-to-date: /home/matheus/thesis_ws/install/hal_interfaces/share/hal_interfaces/cmake/rosidl_cmake_export_typesupport_libraries-extras.cmake\n'}
[6.201723] (hal_interfaces) StdoutLine: {'line': b'-- Up-to-date: /home/matheus/thesis_ws/install/hal_interfaces/share/hal_interfaces/cmake/rosidl_cmake_aggregate_target-extras.cmake\n'}
[6.202074] (hal_interfaces) StdoutLine: {'line': b'-- Up-to-date: /home/matheus/thesis_ws/install/hal_interfaces/share/hal_interfaces/cmake/hal_interfacesConfig.cmake\n'}
[6.202351] (hal_interfaces) StdoutLine: {'line': b'-- Up-to-date: /home/matheus/thesis_ws/install/hal_interfaces/share/hal_interfaces/cmake/hal_interfacesConfig-version.cmake\n'}
[6.202603] (hal_interfaces) StdoutLine: {'line': b'-- Up-to-date: /home/matheus/thesis_ws/install/hal_interfaces/share/hal_interfaces/package.xml\n'}
[6.208231] (hal_interfaces) CommandEnded: {'returncode': 0}
[6.238474] (-) TimerEvent: {}
[6.291490] (hal_interfaces) JobEnded: {'identifier': 'hal_interfaces', 'rc': 0}
[6.338596] (-) TimerEvent: {}
[6.439244] (-) TimerEvent: {}
[6.539965] (-) TimerEvent: {}
[6.640628] (-) TimerEvent: {}
[6.741395] (-) TimerEvent: {}
[6.842133] (-) TimerEvent: {}
[6.943046] (-) TimerEvent: {}
[7.043935] (-) TimerEvent: {}
[7.144978] (-) TimerEvent: {}
[7.152145] (hal_signal_processing) Command: {'cmd': ['/usr/bin/python3', '-W', 'ignore:setup.py install is deprecated', '-W', 'ignore:easy_install command is deprecated', 'setup.py', 'egg_info', '--egg-base', '../../build/hal_signal_processing', 'build', '--build-base', '/home/matheus/thesis_ws/build/hal_signal_processing/build', 'install', '--record', '/home/matheus/thesis_ws/build/hal_signal_processing/install.log', '--install-scripts', '$base/lib/hal_signal_processing', '--single-version-externally-managed', 'install_data'], 'cwd': '/home/matheus/thesis_ws/src/hal_signal_processing', 'env': {'LESSOPEN': '| /usr/bin/lesspipe %s', 'USER': 'matheus', 'LC_TIME': 'pt_BR.UTF-8', 'XDG_SESSION_TYPE': 'x11', 'SHLVL': '1', 'LD_LIBRARY_PATH': '/home/matheus/thesis_ws/install/hal_interfaces/lib:/home/matheus/Desktop/TestesROS2/microros_ws/install/micro_ros_agent/lib:/home/matheus/Desktop/TestesROS2/microros_ws/install/micro_ros_msgs/lib:/opt/ros/humble/opt/rviz_ogre_vendor/lib:/opt/ros/humble/lib/x86_64-linux-gnu:/opt/ros/humble/lib', 'HOME': '/home/matheus', 'OLDPWD': '/home/matheus', 'DESKTOP_SESSION': 'ubuntu-xorg', 'ROS_PYTHON_VERSION': '3', 'GNOME_SHELL_SESSION_MODE': 'ubuntu', 'GTK_MODULES': 'gail:atk-bridge', 'LC_MONETARY': 'pt_BR.UTF-8', 'LC_CTYPE': 'pt_BR.UTF-8', 'SYSTEMD_EXEC_PID': '1746', 'DBUS_SESSION_BUS_ADDRESS': 'unix:path=/run/user/1000/bus', 'COLORTERM': 'truecolor', 'COLCON_PREFIX_PATH': '/home/matheus/thesis_ws/install:/home/matheus/Desktop/TestesROS2/ros_unity_ws/install:/home/matheus/Desktop/TestesROS2/microros_ws/install', 'ROS_DISTRO': 'humble', 'GTK_IM_MODULE': 'ibus', 'LOGNAME': 'matheus', '_': '/usr/bin/colcon', 'ROS_VERSION': '2', 'XDG_SESSION_CLASS': 'user', 'USERNAME': 'matheus', 'TERM': 'xterm-256color', 'GNOME_DESKTOP_SESSION_ID': 'this-is-deprecated', 'ROS_LOCALHOST_ONLY': '0', 'WINDOWPATH': '2', 'PATH': '/opt/ros/humble/bin:/home/matheus/.local/bin:/usr/local/sbin:/usr/local/bin:/usr/sbin:/usr/bin:/sbin:/bin:/usr/games:/usr/local/games:/snap/bin:/snap/bin:/home/matheus/.platformio/penv/bin', 'SESSION_MANAGER': 'local/matheus-300E5M-300E5L:@/tmp/.ICE-unix/1722,unix/matheus-300E5M-300E5L:/tmp/.ICE-unix/1722', 'XDG_MENU_PREFIX': 'gnome-', 'LC_ADDRESS': 'pt_BR.UTF-8', 'GNOME_TERMINAL_SCREEN': '/org/gnome/Terminal/screen/f70c918e_603a_40e9_ad59_37335646557a', 'XDG_RUNTIME_DIR': '/run/user/1000', 'DISPLAY': ':0', 'LANG': 'en_US.UTF-8', 'XDG_CURRENT_DESKTOP': 'ubuntu:GNOME', 'LC_TELEPHONE': 'pt_BR.UTF-8', 'XMODIFIERS': '@im=ibus', 'XDG_SESSION_DESKTOP': 'ubuntu-xorg', 'XAUTHORITY': '/run/user/1000/gdm/Xauthority', 'LS_COLORS': 'rs=0:di=01;34:ln=01;36:mh=00:pi=40;33:so=01;35:do=01;35:bd=40;33;01:cd=40;33;01:or=40;31;01:mi=00:su=37;41:sg=30;43:ca=30;41:tw=30;42:ow=34;42:st=37;44:ex=01;32:*.tar=01;31:*.tgz=01;31:*.arc=01;31:*.arj=01;31:*.taz=01;31:*.lha=01;31:*.lz4=01;31:*.lzh=01;31:*.lzma=01;31:*.tlz=01;31:*.txz=01;31:*.tzo=01;31:*.t7z=01;31:*.zip=01;31:*.z=01;31:*.dz=01;31:*.gz=01;31:*.lrz=01;31:*.lz=01;31:*.lzo=01;31:*.xz=01;31:*.zst=01;31:*.tzst=01;31:*.bz2=01;31:*.bz=01;31:*.tbz=01;31:*.tbz2=01;31:*.tz=01;31:*.deb=01;31:*.rpm=01;31:*.jar=01;31:*.war=01;31:*.ear=01;31:*.sar=01;31:*.rar=01;31:*.alz=01;31:*.ace=01;31:*.zoo=01;31:*.cpio=01;31:*.7z=01;31:*.rz=01;31:*.cab=01;31:*.wim=01;31:*.swm=01;31:*.dwm=01;31:*.esd=01;31:*.jpg=01;35:*.jpeg=01;35:*.mjpg=01;35:*.mjpeg=01;35:*.gif=01;35:*.bmp=01;35:*.pbm=01;35:*.pgm=01;35:*.ppm=01;35:*.tga=01;35:*.xbm=01;35:*.xpm=01;35:*.tif=01;35:*.tiff=01;35:*.png=01;35:*.svg=01;35:*.svgz=01;35:*.mng=01;35:*.pcx=01;35:*.mov=01;35:*.mpg=01;35:*.mpeg=01;35:*.m2v=01;35:*.mkv=01;35:*.webm=01;35:*.webp=01;35:*.ogm=01;35:*.mp4=01;35:*.m4v=01;35:*.mp4v=01;35:*.vob=01;35:*.qt=01;35:*.nuv=01;35:*.wmv=01;35:*.asf=01;35:*.rm=01;35:*.rmvb=01;35:*.flc=01;35:*.avi=01;35:*.fli=01;35:*.flv=01;35:*.gl=01;35:*.dl=01;35:*.xcf=01;35:*.xwd=01;35:*.yuv=01;35:*.cgm=01;35:*.emf=01;35:*.ogv=01;35:*.ogx=01;35:*.aac=00;36:*.au=00;36:*.flac=00;36:*.m4a=00;36:*.mid=00;36:*.midi=00;36:*.mka=00;36:*.mp3=00;36:*.mpc=00;36:*.ogg=00;36:*.ra=00;36:*.wav=00;36:*.oga=00;36:*.opus=00;36:*.spx=00;36:*.xspf=00;36:', 'GNOME_TERMINAL_SERVICE': ':1.217', 'SSH_AGENT_LAUNCHER': 'gnome-keyring', 'SSH_AUTH_SOCK': '/run/user/1000/keyring/ssh', 'AMENT_PREFIX_PATH': '/home/matheus/thesis_ws/install/thesis_interfaces:/home/matheus/thesis_ws/install/hal_signal_processing:/home/matheus/thesis_ws/install/hal_interfaces:/home/matheus/thesis_ws/install/hal_device_manager:/home/matheus/thesis_ws/install/game_unity_bridge:/home/matheus/thesis_ws/install/game_session:/home/matheus/thesis_ws/install/game_input_mapping:/home/matheus/thesis_ws/install/encoder_guidao:/home/matheus/thesis_ws/install/encoder_device:/home/matheus/thesis_ws/install/data_logger:/home/matheus/thesis_ws/install/controller_guidao:/home/matheus/Desktop/TestesROS2/ros_unity_ws/install/ros_tcp_endpoint:/home/matheus/Desktop/TestesROS2/microros_ws/install/micro_ros_setup:/home/matheus/Desktop/TestesROS2/microros_ws/install/micro_ros_agent:/home/matheus/Desktop/TestesROS2/microros_ws/install/micro_ros_msgs:/opt/ros/humble', 'SHELL': '/bin/bash', 'LC_NAME': 'pt_BR.UTF-8', 'QT_ACCESSIBILITY': '1', 'GDMSESSION': 'ubuntu-xorg', 'LESSCLOSE': '/usr/bin/lesspipe %s %s', 'LC_MEASUREMENT': 'pt_BR.UTF-8', 'GPG_AGENT_INFO': '/run/user/1000/gnupg/S.gpg-agent:0:1', 'LC_IDENTIFICATION': 'pt_BR.UTF-8', 'QT_IM_MODULE': 'ibus', 'PWD': '/home/matheus/thesis_ws/build/hal_signal_processing', 'LC_ALL': 'en_US.UTF-8', 'XDG_CONFIG_DIRS': '/etc/xdg/xdg-ubuntu-xorg:/etc/xdg', 'XDG_DATA_DIRS': '/usr/share/ubuntu-xorg:/usr/share/gnome:/usr/local/share/:/usr/share/:/var/lib/snapd/desktop', 'PYTHONPATH': '/home/matheus/thesis_ws/build/hal_signal_processing/prefix_override:/usr/lib/python3/dist-packages/colcon_core/task/python/colcon_distutils_commands:/home/matheus/thesis_ws/install/hal_signal_processing/lib/python3.10/site-packages:/home/matheus/thesis_ws/install/hal_signal_processing/lib/python3.10/site-packages:/home/matheus/thesis_ws/install/hal_interfaces/local/lib/python3.10/dist-packages:/home/matheus/thesis_ws/install/hal_device_manager/lib/python3.10/site-packages:/home/matheus/thesis_ws/install/game_unity_bridge/lib/python3.10/site-packages:/home/matheus/thesis_ws/install/game_session/lib/python3.10/site-packages:/home/matheus/thesis_ws/install/game_input_mapping/lib/python3.10/site-packages:/home/matheus/thesis_ws/install/encoder_guidao/lib/python3.10/site-packages:/home/matheus/thesis_ws/install/encoder_device/lib/python3.10/site-packages:/home/matheus/thesis_ws/install/data_logger/lib/python3.10/site-packages:/home/matheus/thesis_ws/install/controller_guidao/lib/python3.10/site-packages:/home/matheus/Desktop/TestesROS2/ros_unity_ws/install/ros_tcp_endpoint/lib/python3.10/site-packages:/home/matheus/Desktop/TestesROS2/microros_ws/install/micro_ros_msgs/local/lib/python3.10/dist-packages:/opt/ros/humble/lib/python3.10/site-packages:/opt/ros/humble/local/lib/python3.10/dist-packages', 'LC_NUMERIC': 'pt_BR.UTF-8', 'LC_PAPER': 'pt_BR.UTF-8', 'COLCON': '1', 'VTE_VERSION': '6800', 'CMAKE_PREFIX_PATH': '/home/matheus/thesis_ws/install/thesis_interfaces:/home/matheus/thesis_ws/install/hal_interfaces:/home/matheus/Desktop/TestesROS2/microros_ws/install/micro_ros_setup:/home/matheus/Desktop/TestesROS2/microros_ws/install/micro_ros_agent:/home/matheus/Desktop/TestesROS2/microros_ws/install/micro_ros_msgs'}, 'shell': False}
[7.162088] (game_input_mapping) Command: {'cmd': ['/usr/bin/python3', '-W', 'ignore:setup.py install is deprecated', '-W', 'ignore:easy_install command is deprecated', 'setup.py', 'egg_info', '--egg-base', '../../build/game_input_mapping', 'build', '--build-base', '/home/matheus/thesis_ws/build/game_input_mapping/build', 'install', '--record', '/home/matheus/thesis_ws/build/game_input_mapping/install.log', '--install-scripts', '$base/lib/game_input_mapping', '--single-version-externally-managed', 'install_data'], 'cwd': '/home/matheus/thesis_ws/src/game_input_mapping', 'env': {'LESSOPEN': '| /usr/bin/lesspipe %s', 'USER': 'matheus', 'LC_TIME': 'pt_BR.UTF-8', 'XDG_SESSION_TYPE': 'x11', 'SHLVL': '1', 'LD_LIBRARY_PATH': '/home/matheus/thesis_ws/install/hal_interfaces/lib:/home/matheus/Desktop/TestesROS2/microros_ws/install/micro_ros_agent/lib:/home/matheus/Desktop/TestesROS2/microros_ws/install/micro_ros_msgs/lib:/opt/ros/humble/opt/rviz_ogre_vendor/lib:/opt/ros/humble/lib/x86_64-linux-gnu:/opt/ros/humble/lib', 'HOME': '/home/matheus', 'OLDPWD': '/home/matheus', 'DESKTOP_SESSION': 'ubuntu-xorg', 'ROS_PYTHON_VERSION': '3', 'GNOME_SHELL_SESSION_MODE': 'ubuntu', 'GTK_MODULES': 'gail:atk-bridge', 'LC_MONETARY': 'pt_BR.UTF-8', 'LC_CTYPE': 'pt_BR.UTF-8', 'SYSTEMD_EXEC_PID': '1746', 'DBUS_SESSION_BUS_ADDRESS': 'unix:path=/run/user/1000/bus', 'COLORTERM': 'truecolor', 'COLCON_PREFIX_PATH': '/home/matheus/thesis_ws/install:/home/matheus/Desktop/TestesROS2/ros_unity_ws/install:/home/matheus/Desktop/TestesROS2/microros_ws/install', 'ROS_DISTRO': 'humble', 'GTK_IM_MODULE': 'ibus', 'LOGNAME': 'matheus', '_': '/usr/bin/colcon', 'ROS_VERSION': '2', 'XDG_SESSION_CLASS': 'user', 'USERNAME': 'matheus', 'TERM': 'xterm-256color', 'GNOME_DESKTOP_SESSION_ID': 'this-is-deprecated', 'ROS_LOCALHOST_ONLY': '0', 'WINDOWPATH': '2', 'PATH': '/opt/ros/humble/bin:/home/matheus/.local/bin:/usr/local/sbin:/usr/local/bin:/usr/sbin:/usr/bin:/sbin:/bin:/usr/games:/usr/local/games:/snap/bin:/snap/bin:/home/matheus/.platformio/penv/bin', 'SESSION_MANAGER': 'local/matheus-300E5M-300E5L:@/tmp/.ICE-unix/1722,unix/matheus-300E5M-300E5L:/tmp/.ICE-unix/1722', 'XDG_MENU_PREFIX': 'gnome-', 'LC_ADDRESS': 'pt_BR.UTF-8', 'GNOME_TERMINAL_SCREEN': '/org/gnome/Terminal/screen/f70c918e_603a_40e9_ad59_37335646557a', 'XDG_RUNTIME_DIR': '/run/user/1000', 'DISPLAY': ':0', 'LANG': 'en_US.UTF-8', 'XDG_CURRENT_DESKTOP': 'ubuntu:GNOME', 'LC_TELEPHONE': 'pt_BR.UTF-8', 'XMODIFIERS': '@im=ibus', 'XDG_SESSION_DESKTOP': 'ubuntu-xorg', 'XAUTHORITY': '/run/user/1000/gdm/Xauthority', 'LS_COLORS': 'rs=0:di=01;34:ln=01;36:mh=00:pi=40;33:so=01;35:do=01;35:bd=40;33;01:cd=40;33;01:or=40;31;01:mi=00:su=37;41:sg=30;43:ca=30;41:tw=30;42:ow=34;42:st=37;44:ex=01;32:*.tar=01;31:*.tgz=01;31:*.arc=01;31:*.arj=01;31:*.taz=01;31:*.lha=01;31:*.lz4=01;31:*.lzh=01;31:*.lzma=01;31:*.tlz=01;31:*.txz=01;31:*.tzo=01;31:*.t7z=01;31:*.zip=01;31:*.z=01;31:*.dz=01;31:*.gz=01;31:*.lrz=01;31:*.lz=01;31:*.lzo=01;31:*.xz=01;31:*.zst=01;31:*.tzst=01;31:*.bz2=01;31:*.bz=01;31:*.tbz=01;31:*.tbz2=01;31:*.tz=01;31:*.deb=01;31:*.rpm=01;31:*.jar=01;31:*.war=01;31:*.ear=01;31:*.sar=01;31:*.rar=01;31:*.alz=01;31:*.ace=01;31:*.zoo=01;31:*.cpio=01;31:*.7z=01;31:*.rz=01;31:*.cab=01;31:*.wim=01;31:*.swm=01;31:*.dwm=01;31:*.esd=01;31:*.jpg=01;35:*.jpeg=01;35:*.mjpg=01;35:*.mjpeg=01;35:*.gif=01;35:*.bmp=01;35:*.pbm=01;35:*.pgm=01;35:*.ppm=01;35:*.tga=01;35:*.xbm=01;35:*.xpm=01;35:*.tif=01;35:*.tiff=01;35:*.png=01;35:*.svg=01;35:*.svgz=01;35:*.mng=01;35:*.pcx=01;35:*.mov=01;35:*.mpg=01;35:*.mpeg=01;35:*.m2v=01;35:*.mkv=01;35:*.webm=01;35:*.webp=01;35:*.ogm=01;35:*.mp4=01;35:*.m4v=01;35:*.mp4v=01;35:*.vob=01;35:*.qt=01;35:*.nuv=01;35:*.wmv=01;35:*.asf=01;35:*.rm=01;35:*.rmvb=01;35:*.flc=01;35:*.avi=01;35:*.fli=01;35:*.flv=01;35:*.gl=01;35:*.dl=01;35:*.xcf=01;35:*.xwd=01;35:*.yuv=01;35:*.cgm=01;35:*.emf=01;35:*.ogv=01;35:*.ogx=01;35:*.aac=00;36:*.au=00;36:*.flac=00;36:*.m4a=00;36:*.mid=00;36:*.midi=00;36:*.mka=00;36:*.mp3=00;36:*.mpc=00;36:*.ogg=00;36:*.ra=00;36:*.wav=00;36:*.oga=00;36:*.opus=00;36:*.spx=00;36:*.xspf=00;36:', 'GNOME_TERMINAL_SERVICE': ':1.217', 'SSH_AGENT_LAUNCHER': 'gnome-keyring', 'SSH_AUTH_SOCK': '/run/user/1000/keyring/ssh', 'AMENT_PREFIX_PATH': '/home/matheus/thesis_ws/install/thesis_interfaces:/home/matheus/thesis_ws/install/hal_signal_processing:/home/matheus/thesis_ws/install/hal_interfaces:/home/matheus/thesis_ws/install/hal_device_manager:/home/matheus/thesis_ws/install/game_unity_bridge:/home/matheus/thesis_ws/install/game_session:/home/matheus/thesis_ws/install/game_input_mapping:/home/matheus/thesis_ws/install/encoder_guidao:/home/matheus/thesis_ws/install/encoder_device:/home/matheus/thesis_ws/install/data_logger:/home/matheus/thesis_ws/install/controller_guidao:/home/matheus/Desktop/TestesROS2/ros_unity_ws/install/ros_tcp_endpoint:/home/matheus/Desktop/TestesROS2/microros_ws/install/micro_ros_setup:/home/matheus/Desktop/TestesROS2/microros_ws/install/micro_ros_agent:/home/matheus/Desktop/TestesROS2/microros_ws/install/micro_ros_msgs:/opt/ros/humble', 'SHELL': '/bin/bash', 'LC_NAME': 'pt_BR.UTF-8', 'QT_ACCESSIBILITY': '1', 'GDMSESSION': 'ubuntu-xorg', 'LESSCLOSE': '/usr/bin/lesspipe %s %s', 'LC_MEASUREMENT': 'pt_BR.UTF-8', 'GPG_AGENT_INFO': '/run/user/1000/gnupg/S.gpg-agent:0:1', 'LC_IDENTIFICATION': 'pt_BR.UTF-8', 'QT_IM_MODULE': 'ibus', 'PWD': '/home/matheus/thesis_ws/build/game_input_mapping', 'LC_ALL': 'en_US.UTF-8', 'XDG_CONFIG_DIRS': '/etc/xdg/xdg-ubuntu-xorg:/etc/xdg', 'XDG_DATA_DIRS': '/usr/share/ubuntu-xorg:/usr/share/gnome:/usr/local/share/:/usr/share/:/var/lib/snapd/desktop', 'PYTHONPATH': '/home/matheus/thesis_ws/build/game_input_mapping/prefix_override:/usr/lib/python3/dist-packages/colcon_core/task/python/colcon_distutils_commands:/home/matheus/thesis_ws/install/game_input_mapping/lib/python3.10/site-packages:/home/matheus/thesis_ws/install/hal_signal_processing/lib/python3.10/site-packages:/home/matheus/thesis_ws/install/hal_interfaces/local/lib/python3.10/dist-packages:/home/matheus/thesis_ws/install/hal_device_manager/lib/python3.10/site-packages:/home/matheus/thesis_ws/install/game_unity_bridge/lib/python3.10/site-packages:/home/matheus/thesis_ws/install/game_session/lib/python3.10/site-packages:/home/matheus/thesis_ws/install/game_input_mapping/lib/python3.10/site-packages:/home/matheus/thesis_ws/install/encoder_guidao/lib/python3.10/site-packages:/home/matheus/thesis_ws/install/encoder_device/lib/python3.10/site-packages:/home/matheus/thesis_ws/install/data_logger/lib/python3.10/site-packages:/home/matheus/thesis_ws/install/controller_guidao/lib/python3.10/site-packages:/home/matheus/Desktop/TestesROS2/ros_unity_ws/install/ros_tcp_endpoint/lib/python3.10/site-packages:/home/matheus/Desktop/TestesROS2/microros_ws/install/micro_ros_msgs/local/lib/python3.10/dist-packages:/opt/ros/humble/lib/python3.10/site-packages:/opt/ros/humble/local/lib/python3.10/dist-packages', 'LC_NUMERIC': 'pt_BR.UTF-8', 'LC_PAPER': 'pt_BR.UTF-8', 'COLCON': '1', 'VTE_VERSION': '6800', 'CMAKE_PREFIX_PATH': '/home/matheus/thesis_ws/install/thesis_interfaces:/home/matheus/thesis_ws/install/hal_interfaces:/home/matheus/Desktop/TestesROS2/microros_ws/install/micro_ros_setup:/home/matheus/Desktop/TestesROS2/microros_ws/install/micro_ros_agent:/home/matheus/Desktop/TestesROS2/microros_ws/install/micro_ros_msgs'}, 'shell': False}
[7.245726] (-) TimerEvent: {}
[7.251660] (encoder_guidao) Command: {'cmd': ['/usr/bin/python3', '-W', 'ignore:setup.py install is deprecated', '-W', 'ignore:easy_install command is deprecated', 'setup.py', 'egg_info', '--egg-base', '../../build/encoder_guidao', 'build', '--build-base', '/home/matheus/thesis_ws/build/encoder_guidao/build', 'install', '--record', '/home/matheus/thesis_ws/build/encoder_guidao/install.log', '--install-scripts', '$base/lib/encoder_guidao', '--single-version-externally-managed', 'install_data'], 'cwd': '/home/matheus/thesis_ws/src/encoder_guidao', 'env': {'LESSOPEN': '| /usr/bin/lesspipe %s', 'USER': 'matheus', 'LC_TIME': 'pt_BR.UTF-8', 'XDG_SESSION_TYPE': 'x11', 'SHLVL': '1', 'LD_LIBRARY_PATH': '/home/matheus/thesis_ws/install/hal_interfaces/lib:/home/matheus/Desktop/TestesROS2/microros_ws/install/micro_ros_agent/lib:/home/matheus/Desktop/TestesROS2/microros_ws/install/micro_ros_msgs/lib:/opt/ros/humble/opt/rviz_ogre_vendor/lib:/opt/ros/humble/lib/x86_64-linux-gnu:/opt/ros/humble/lib', 'HOME': '/home/matheus', 'OLDPWD': '/home/matheus', 'DESKTOP_SESSION': 'ubuntu-xorg', 'ROS_PYTHON_VERSION': '3', 'GNOME_SHELL_SESSION_MODE': 'ubuntu', 'GTK_MODULES': 'gail:atk-bridge', 'LC_MONETARY': 'pt_BR.UTF-8', 'LC_CTYPE': 'pt_BR.UTF-8', 'SYSTEMD_EXEC_PID': '1746', 'DBUS_SESSION_BUS_ADDRESS': 'unix:path=/run/user/1000/bus', 'COLORTERM': 'truecolor', 'COLCON_PREFIX_PATH': '/home/matheus/thesis_ws/install:/home/matheus/Desktop/TestesROS2/ros_unity_ws/install:/home/matheus/Desktop/TestesROS2/microros_ws/install', 'ROS_DISTRO': 'humble', 'GTK_IM_MODULE': 'ibus', 'LOGNAME': 'matheus', '_': '/usr/bin/colcon', 'ROS_VERSION': '2', 'XDG_SESSION_CLASS': 'user', 'USERNAME': 'matheus', 'TERM': 'xterm-256color', 'GNOME_DESKTOP_SESSION_ID': 'this-is-deprecated', 'ROS_LOCALHOST_ONLY': '0', 'WINDOWPATH': '2', 'PATH': '/opt/ros/humble/bin:/home/matheus/.local/bin:/usr/local/sbin:/usr/local/bin:/usr/sbin:/usr/bin:/sbin:/bin:/usr/games:/usr/local/games:/snap/bin:/snap/bin:/home/matheus/.platformio/penv/bin', 'SESSION_MANAGER': 'local/matheus-300E5M-300E5L:@/tmp/.ICE-unix/1722,unix/matheus-300E5M-300E5L:/tmp/.ICE-unix/1722', 'XDG_MENU_PREFIX': 'gnome-', 'LC_ADDRESS': 'pt_BR.UTF-8', 'GNOME_TERMINAL_SCREEN': '/org/gnome/Terminal/screen/f70c918e_603a_40e9_ad59_37335646557a', 'XDG_RUNTIME_DIR': '/run/user/1000', 'DISPLAY': ':0', 'LANG': 'en_US.UTF-8', 'XDG_CURRENT_DESKTOP': 'ubuntu:GNOME', 'LC_TELEPHONE': 'pt_BR.UTF-8', 'XMODIFIERS': '@im=ibus', 'XDG_SESSION_DESKTOP': 'ubuntu-xorg', 'XAUTHORITY': '/run/user/1000/gdm/Xauthority', 'LS_COLORS': 'rs=0:di=01;34:ln=01;36:mh=00:pi=40;33:so=01;35:do=01;35:bd=40;33;01:cd=40;33;01:or=40;31;01:mi=00:su=37;41:sg=30;43:ca=30;41:tw=30;42:ow=34;42:st=37;44:ex=01;32:*.tar=01;31:*.tgz=01;31:*.arc=01;31:*.arj=01;31:*.taz=01;31:*.lha=01;31:*.lz4=01;31:*.lzh=01;31:*.lzma=01;31:*.tlz=01;31:*.txz=01;31:*.tzo=01;31:*.t7z=01;31:*.zip=01;31:*.z=01;31:*.dz=01;31:*.gz=01;31:*.lrz=01;31:*.lz=01;31:*.lzo=01;31:*.xz=01;31:*.zst=01;31:*.tzst=01;31:*.bz2=01;31:*.bz=01;31:*.tbz=01;31:*.tbz2=01;31:*.tz=01;31:*.deb=01;31:*.rpm=01;31:*.jar=01;31:*.war=01;31:*.ear=01;31:*.sar=01;31:*.rar=01;31:*.alz=01;31:*.ace=01;31:*.zoo=01;31:*.cpio=01;31:*.7z=01;31:*.rz=01;31:*.cab=01;31:*.wim=01;31:*.swm=01;31:*.dwm=01;31:*.esd=01;31:*.jpg=01;35:*.jpeg=01;35:*.mjpg=01;35:*.mjpeg=01;35:*.gif=01;35:*.bmp=01;35:*.pbm=01;35:*.pgm=01;35:*.ppm=01;35:*.tga=01;35:*.xbm=01;35:*.xpm=01;35:*.tif=01;35:*.tiff=01;35:*.png=01;35:*.svg=01;35:*.svgz=01;35:*.mng=01;35:*.pcx=01;35:*.mov=01;35:*.mpg=01;35:*.mpeg=01;35:*.m2v=01;35:*.mkv=01;35:*.webm=01;35:*.webp=01;35:*.ogm=01;35:*.mp4=01;35:*.m4v=01;35:*.mp4v=01;35:*.vob=01;35:*.qt=01;35:*.nuv=01;35:*.wmv=01;35:*.asf=01;35:*.rm=01;35:*.rmvb=01;35:*.flc=01;35:*.avi=01;35:*.fli=01;35:*.flv=01;35:*.gl=01;35:*.dl=01;35:*.xcf=01;35:*.xwd=01;35:*.yuv=01;35:*.cgm=01;35:*.emf=01;35:*.ogv=01;35:*.ogx=01;35:*.aac=00;36:*.au=00;36:*.flac=00;36:*.m4a=00;36:*.mid=00;36:*.midi=00;36:*.mka=00;36:*.mp3=00;36:*.mpc=00;36:*.ogg=00;36:*.ra=00;36:*.wav=00;36:*.oga=00;36:*.opus=00;36:*.spx=00;36:*.xspf=00;36:', 'GNOME_TERMINAL_SERVICE': ':1.217', 'SSH_AGENT_LAUNCHER': 'gnome-keyring', 'SSH_AUTH_SOCK': '/run/user/1000/keyring/ssh', 'AMENT_PREFIX_PATH': '/home/matheus/thesis_ws/install/thesis_interfaces:/home/matheus/thesis_ws/install/hal_signal_processing:/home/matheus/thesis_ws/install/hal_interfaces:/home/matheus/thesis_ws/install/hal_device_manager:/home/matheus/thesis_ws/install/game_unity_bridge:/home/matheus/thesis_ws/install/game_session:/home/matheus/thesis_ws/install/game_input_mapping:/home/matheus/thesis_ws/install/encoder_guidao:/home/matheus/thesis_ws/install/encoder_device:/home/matheus/thesis_ws/install/data_logger:/home/matheus/thesis_ws/install/controller_guidao:/home/matheus/Desktop/TestesROS2/ros_unity_ws/install/ros_tcp_endpoint:/home/matheus/Desktop/TestesROS2/microros_ws/install/micro_ros_setup:/home/matheus/Desktop/TestesROS2/microros_ws/install/micro_ros_agent:/home/matheus/Desktop/TestesROS2/microros_ws/install/micro_ros_msgs:/opt/ros/humble', 'SHELL': '/bin/bash', 'LC_NAME': 'pt_BR.UTF-8', 'QT_ACCESSIBILITY': '1', 'GDMSESSION': 'ubuntu-xorg', 'LESSCLOSE': '/usr/bin/lesspipe %s %s', 'LC_MEASUREMENT': 'pt_BR.UTF-8', 'GPG_AGENT_INFO': '/run/user/1000/gnupg/S.gpg-agent:0:1', 'LC_IDENTIFICATION': 'pt_BR.UTF-8', 'QT_IM_MODULE': 'ibus', 'PWD': '/home/matheus/thesis_ws/build/encoder_guidao', 'LC_ALL': 'en_US.UTF-8', 'XDG_CONFIG_DIRS': '/etc/xdg/xdg-ubuntu-xorg:/etc/xdg', 'XDG_DATA_DIRS': '/usr/share/ubuntu-xorg:/usr/share/gnome:/usr/local/share/:/usr/share/:/var/lib/snapd/desktop', 'PYTHONPATH': '/home/matheus/thesis_ws/build/encoder_guidao/prefix_override:/usr/lib/python3/dist-packages/colcon_core/task/python/colcon_distutils_commands:/home/matheus/thesis_ws/install/encoder_guidao/lib/python3.10/site-packages:/home/matheus/thesis_ws/install/hal_signal_processing/lib/python3.10/site-packages:/home/matheus/thesis_ws/install/hal_interfaces/local/lib/python3.10/dist-packages:/home/matheus/thesis_ws/install/hal_device_manager/lib/python3.10/site-packages:/home/matheus/thesis_ws/install/game_unity_bridge/lib/python3.10/site-packages:/home/matheus/thesis_ws/install/game_session/lib/python3.10/site-packages:/home/matheus/thesis_ws/install/game_input_mapping/lib/python3.10/site-packages:/home/matheus/thesis_ws/install/encoder_guidao/lib/python3.10/site-packages:/home/matheus/thesis_ws/install/encoder_device/lib/python3.10/site-packages:/home/matheus/thesis_ws/install/data_logger/lib/python3.10/site-packages:/home/matheus/thesis_ws/install/controller_guidao/lib/python3.10/site-packages:/home/matheus/Desktop/TestesROS2/ros_unity_ws/install/ros_tcp_endpoint/lib/python3.10/site-packages:/home/matheus/Desktop/TestesROS2/microros_ws/install/micro_ros_msgs/local/lib/python3.10/dist-packages:/opt/ros/humble/lib/python3.10/site-packages:/opt/ros/humble/local/lib/python3.10/dist-packages', 'LC_NUMERIC': 'pt_BR.UTF-8', 'LC_PAPER': 'pt_BR.UTF-8', 'COLCON': '1', 'VTE_VERSION': '6800', 'CMAKE_PREFIX_PATH': '/home/matheus/thesis_ws/install/thesis_interfaces:/home/matheus/thesis_ws/install/hal_interfaces:/home/matheus/Desktop/TestesROS2/microros_ws/install/micro_ros_setup:/home/matheus/Desktop/TestesROS2/microros_ws/install/micro_ros_agent:/home/matheus/Desktop/TestesROS2/microros_ws/install/micro_ros_msgs'}, 'shell': False}
[7.259804] (hal_device_manager) Command: {'cmd': ['/usr/bin/python3', '-W', 'ignore:setup.py install is deprecated', '-W', 'ignore:easy_install command is deprecated', 'setup.py', 'egg_info', '--egg-base', '../../build/hal_device_manager', 'build', '--build-base', '/home/matheus/thesis_ws/build/hal_device_manager/build', 'install', '--record', '/home/matheus/thesis_ws/build/hal_device_manager/install.log', '--install-scripts', '$base/lib/hal_device_manager', '--single-version-externally-managed', 'install_data'], 'cwd': '/home/matheus/thesis_ws/src/hal_device_manager', 'env': {'LESSOPEN': '| /usr/bin/lesspipe %s', 'USER': 'matheus', 'LC_TIME': 'pt_BR.UTF-8', 'XDG_SESSION_TYPE': 'x11', 'SHLVL': '1', 'LD_LIBRARY_PATH': '/home/matheus/thesis_ws/install/hal_interfaces/lib:/home/matheus/Desktop/TestesROS2/microros_ws/install/micro_ros_agent/lib:/home/matheus/Desktop/TestesROS2/microros_ws/install/micro_ros_msgs/lib:/opt/ros/humble/opt/rviz_ogre_vendor/lib:/opt/ros/humble/lib/x86_64-linux-gnu:/opt/ros/humble/lib', 'HOME': '/home/matheus', 'OLDPWD': '/home/matheus', 'DESKTOP_SESSION': 'ubuntu-xorg', 'ROS_PYTHON_VERSION': '3', 'GNOME_SHELL_SESSION_MODE': 'ubuntu', 'GTK_MODULES': 'gail:atk-bridge', 'LC_MONETARY': 'pt_BR.UTF-8', 'LC_CTYPE': 'pt_BR.UTF-8', 'SYSTEMD_EXEC_PID': '1746', 'DBUS_SESSION_BUS_ADDRESS': 'unix:path=/run/user/1000/bus', 'COLORTERM': 'truecolor', 'COLCON_PREFIX_PATH': '/home/matheus/thesis_ws/install:/home/matheus/Desktop/TestesROS2/ros_unity_ws/install:/home/matheus/Desktop/TestesROS2/microros_ws/install', 'ROS_DISTRO': 'humble', 'GTK_IM_MODULE': 'ibus', 'LOGNAME': 'matheus', '_': '/usr/bin/colcon', 'ROS_VERSION': '2', 'XDG_SESSION_CLASS': 'user', 'USERNAME': 'matheus', 'TERM': 'xterm-256color', 'GNOME_DESKTOP_SESSION_ID': 'this-is-deprecated', 'ROS_LOCALHOST_ONLY': '0', 'WINDOWPATH': '2', 'PATH': '/opt/ros/humble/bin:/home/matheus/.local/bin:/usr/local/sbin:/usr/local/bin:/usr/sbin:/usr/bin:/sbin:/bin:/usr/games:/usr/local/games:/snap/bin:/snap/bin:/home/matheus/.platformio/penv/bin', 'SESSION_MANAGER': 'local/matheus-300E5M-300E5L:@/tmp/.ICE-unix/1722,unix/matheus-300E5M-300E5L:/tmp/.ICE-unix/1722', 'XDG_MENU_PREFIX': 'gnome-', 'LC_ADDRESS': 'pt_BR.UTF-8', 'GNOME_TERMINAL_SCREEN': '/org/gnome/Terminal/screen/f70c918e_603a_40e9_ad59_37335646557a', 'XDG_RUNTIME_DIR': '/run/user/1000', 'DISPLAY': ':0', 'LANG': 'en_US.UTF-8', 'XDG_CURRENT_DESKTOP': 'ubuntu:GNOME', 'LC_TELEPHONE': 'pt_BR.UTF-8', 'XMODIFIERS': '@im=ibus', 'XDG_SESSION_DESKTOP': 'ubuntu-xorg', 'XAUTHORITY': '/run/user/1000/gdm/Xauthority', 'LS_COLORS': 'rs=0:di=01;34:ln=01;36:mh=00:pi=40;33:so=01;35:do=01;35:bd=40;33;01:cd=40;33;01:or=40;31;01:mi=00:su=37;41:sg=30;43:ca=30;41:tw=30;42:ow=34;42:st=37;44:ex=01;32:*.tar=01;31:*.tgz=01;31:*.arc=01;31:*.arj=01;31:*.taz=01;31:*.lha=01;31:*.lz4=01;31:*.lzh=01;31:*.lzma=01;31:*.tlz=01;31:*.txz=01;31:*.tzo=01;31:*.t7z=01;31:*.zip=01;31:*.z=01;31:*.dz=01;31:*.gz=01;31:*.lrz=01;31:*.lz=01;31:*.lzo=01;31:*.xz=01;31:*.zst=01;31:*.tzst=01;31:*.bz2=01;31:*.bz=01;31:*.tbz=01;31:*.tbz2=01;31:*.tz=01;31:*.deb=01;31:*.rpm=01;31:*.jar=01;31:*.war=01;31:*.ear=01;31:*.sar=01;31:*.rar=01;31:*.alz=01;31:*.ace=01;31:*.zoo=01;31:*.cpio=01;31:*.7z=01;31:*.rz=01;31:*.cab=01;31:*.wim=01;31:*.swm=01;31:*.dwm=01;31:*.esd=01;31:*.jpg=01;35:*.jpeg=01;35:*.mjpg=01;35:*.mjpeg=01;35:*.gif=01;35:*.bmp=01;35:*.pbm=01;35:*.pgm=01;35:*.ppm=01;35:*.tga=01;35:*.xbm=01;35:*.xpm=01;35:*.tif=01;35:*.tiff=01;35:*.png=01;35:*.svg=01;35:*.svgz=01;35:*.mng=01;35:*.pcx=01;35:*.mov=01;35:*.mpg=01;35:*.mpeg=01;35:*.m2v=01;35:*.mkv=01;35:*.webm=01;35:*.webp=01;35:*.ogm=01;35:*.mp4=01;35:*.m4v=01;35:*.mp4v=01;35:*.vob=01;35:*.qt=01;35:*.nuv=01;35:*.wmv=01;35:*.asf=01;35:*.rm=01;35:*.rmvb=01;35:*.flc=01;35:*.avi=01;35:*.fli=01;35:*.flv=01;35:*.gl=01;35:*.dl=01;35:*.xcf=01;35:*.xwd=01;35:*.yuv=01;35:*.cgm=01;35:*.emf=01;35:*.ogv=01;35:*.ogx=01;35:*.aac=00;36:*.au=00;36:*.flac=00;36:*.m4a=00;36:*.mid=00;36:*.midi=00;36:*.mka=00;36:*.mp3=00;36:*.mpc=00;36:*.ogg=00;36:*.ra=00;36:*.wav=00;36:*.oga=00;36:*.opus=00;36:*.spx=00;36:*.xspf=00;36:', 'GNOME_TERMINAL_SERVICE': ':1.217', 'SSH_AGENT_LAUNCHER': 'gnome-keyring', 'SSH_AUTH_SOCK': '/run/user/1000/keyring/ssh', 'AMENT_PREFIX_PATH': '/home/matheus/thesis_ws/install/thesis_interfaces:/home/matheus/thesis_ws/install/hal_signal_processing:/home/matheus/thesis_ws/install/hal_interfaces:/home/matheus/thesis_ws/install/hal_device_manager:/home/matheus/thesis_ws/install/game_unity_bridge:/home/matheus/thesis_ws/install/game_session:/home/matheus/thesis_ws/install/game_input_mapping:/home/matheus/thesis_ws/install/encoder_guidao:/home/matheus/thesis_ws/install/encoder_device:/home/matheus/thesis_ws/install/data_logger:/home/matheus/thesis_ws/install/controller_guidao:/home/matheus/Desktop/TestesROS2/ros_unity_ws/install/ros_tcp_endpoint:/home/matheus/Desktop/TestesROS2/microros_ws/install/micro_ros_setup:/home/matheus/Desktop/TestesROS2/microros_ws/install/micro_ros_agent:/home/matheus/Desktop/TestesROS2/microros_ws/install/micro_ros_msgs:/opt/ros/humble', 'SHELL': '/bin/bash', 'LC_NAME': 'pt_BR.UTF-8', 'QT_ACCESSIBILITY': '1', 'GDMSESSION': 'ubuntu-xorg', 'LESSCLOSE': '/usr/bin/lesspipe %s %s', 'LC_MEASUREMENT': 'pt_BR.UTF-8', 'GPG_AGENT_INFO': '/run/user/1000/gnupg/S.gpg-agent:0:1', 'LC_IDENTIFICATION': 'pt_BR.UTF-8', 'QT_IM_MODULE': 'ibus', 'PWD': '/home/matheus/thesis_ws/build/hal_device_manager', 'LC_ALL': 'en_US.UTF-8', 'XDG_CONFIG_DIRS': '/etc/xdg/xdg-ubuntu-xorg:/etc/xdg', 'XDG_DATA_DIRS': '/usr/share/ubuntu-xorg:/usr/share/gnome:/usr/local/share/:/usr/share/:/var/lib/snapd/desktop', 'PYTHONPATH': '/home/matheus/thesis_ws/build/hal_device_manager/prefix_override:/usr/lib/python3/dist-packages/colcon_core/task/python/colcon_distutils_commands:/home/matheus/thesis_ws/install/hal_device_manager/lib/python3.10/site-packages:/home/matheus/thesis_ws/install/hal_signal_processing/lib/python3.10/site-packages:/home/matheus/thesis_ws/install/hal_interfaces/local/lib/python3.10/dist-packages:/home/matheus/thesis_ws/install/hal_device_manager/lib/python3.10/site-packages:/home/matheus/thesis_ws/install/game_unity_bridge/lib/python3.10/site-packages:/home/matheus/thesis_ws/install/game_session/lib/python3.10/site-packages:/home/matheus/thesis_ws/install/game_input_mapping/lib/python3.10/site-packages:/home/matheus/thesis_ws/install/encoder_guidao/lib/python3.10/site-packages:/home/matheus/thesis_ws/install/encoder_device/lib/python3.10/site-packages:/home/matheus/thesis_ws/install/data_logger/lib/python3.10/site-packages:/home/matheus/thesis_ws/install/controller_guidao/lib/python3.10/site-packages:/home/matheus/Desktop/TestesROS2/ros_unity_ws/install/ros_tcp_endpoint/lib/python3.10/site-packages:/home/matheus/Desktop/TestesROS2/microros_ws/install/micro_ros_msgs/local/lib/python3.10/dist-packages:/opt/ros/humble/lib/python3.10/site-packages:/opt/ros/humble/local/lib/python3.10/dist-packages', 'LC_NUMERIC': 'pt_BR.UTF-8', 'LC_PAPER': 'pt_BR.UTF-8', 'COLCON': '1', 'VTE_VERSION': '6800', 'CMAKE_PREFIX_PATH': '/home/matheus/thesis_ws/install/thesis_interfaces:/home/matheus/thesis_ws/install/hal_interfaces:/home/matheus/Desktop/TestesROS2/microros_ws/install/micro_ros_setup:/home/matheus/Desktop/TestesROS2/microros_ws/install/micro_ros_agent:/home/matheus/Desktop/TestesROS2/microros_ws/install/micro_ros_msgs'}, 'shell': False}
[7.266526] (encoder_device) Command: {'cmd': ['/usr/bin/python3', '-W', 'ignore:setup.py install is deprecated', '-W', 'ignore:easy_install command is deprecated', 'setup.py', 'egg_info', '--egg-base', '../../build/encoder_device', 'build', '--build-base', '/home/matheus/thesis_ws/build/encoder_device/build', 'install', '--record', '/home/matheus/thesis_ws/build/encoder_device/install.log', '--install-scripts', '$base/lib/encoder_device', '--single-version-externally-managed', 'install_data'], 'cwd': '/home/matheus/thesis_ws/src/encoder_device', 'env': {'LESSOPEN': '| /usr/bin/lesspipe %s', 'USER': 'matheus', 'LC_TIME': 'pt_BR.UTF-8', 'XDG_SESSION_TYPE': 'x11', 'SHLVL': '1', 'LD_LIBRARY_PATH': '/home/matheus/thesis_ws/install/hal_interfaces/lib:/home/matheus/Desktop/TestesROS2/microros_ws/install/micro_ros_agent/lib:/home/matheus/Desktop/TestesROS2/microros_ws/install/micro_ros_msgs/lib:/opt/ros/humble/opt/rviz_ogre_vendor/lib:/opt/ros/humble/lib/x86_64-linux-gnu:/opt/ros/humble/lib', 'HOME': '/home/matheus', 'OLDPWD': '/home/matheus', 'DESKTOP_SESSION': 'ubuntu-xorg', 'ROS_PYTHON_VERSION': '3', 'GNOME_SHELL_SESSION_MODE': 'ubuntu', 'GTK_MODULES': 'gail:atk-bridge', 'LC_MONETARY': 'pt_BR.UTF-8', 'LC_CTYPE': 'pt_BR.UTF-8', 'SYSTEMD_EXEC_PID': '1746', 'DBUS_SESSION_BUS_ADDRESS': 'unix:path=/run/user/1000/bus', 'COLORTERM': 'truecolor', 'COLCON_PREFIX_PATH': '/home/matheus/thesis_ws/install:/home/matheus/Desktop/TestesROS2/ros_unity_ws/install:/home/matheus/Desktop/TestesROS2/microros_ws/install', 'ROS_DISTRO': 'humble', 'GTK_IM_MODULE': 'ibus', 'LOGNAME': 'matheus', '_': '/usr/bin/colcon', 'ROS_VERSION': '2', 'XDG_SESSION_CLASS': 'user', 'USERNAME': 'matheus', 'TERM': 'xterm-256color', 'GNOME_DESKTOP_SESSION_ID': 'this-is-deprecated', 'ROS_LOCALHOST_ONLY': '0', 'WINDOWPATH': '2', 'PATH': '/opt/ros/humble/bin:/home/matheus/.local/bin:/usr/local/sbin:/usr/local/bin:/usr/sbin:/usr/bin:/sbin:/bin:/usr/games:/usr/local/games:/snap/bin:/snap/bin:/home/matheus/.platformio/penv/bin', 'SESSION_MANAGER': 'local/matheus-300E5M-300E5L:@/tmp/.ICE-unix/1722,unix/matheus-300E5M-300E5L:/tmp/.ICE-unix/1722', 'XDG_MENU_PREFIX': 'gnome-', 'LC_ADDRESS': 'pt_BR.UTF-8', 'GNOME_TERMINAL_SCREEN': '/org/gnome/Terminal/screen/f70c918e_603a_40e9_ad59_37335646557a', 'XDG_RUNTIME_DIR': '/run/user/1000', 'DISPLAY': ':0', 'LANG': 'en_US.UTF-8', 'XDG_CURRENT_DESKTOP': 'ubuntu:GNOME', 'LC_TELEPHONE': 'pt_BR.UTF-8', 'XMODIFIERS': '@im=ibus', 'XDG_SESSION_DESKTOP': 'ubuntu-xorg', 'XAUTHORITY': '/run/user/1000/gdm/Xauthority', 'LS_COLORS': 'rs=0:di=01;34:ln=01;36:mh=00:pi=40;33:so=01;35:do=01;35:bd=40;33;01:cd=40;33;01:or=40;31;01:mi=00:su=37;41:sg=30;43:ca=30;41:tw=30;42:ow=34;42:st=37;44:ex=01;32:*.tar=01;31:*.tgz=01;31:*.arc=01;31:*.arj=01;31:*.taz=01;31:*.lha=01;31:*.lz4=01;31:*.lzh=01;31:*.lzma=01;31:*.tlz=01;31:*.txz=01;31:*.tzo=01;31:*.t7z=01;31:*.zip=01;31:*.z=01;31:*.dz=01;31:*.gz=01;31:*.lrz=01;31:*.lz=01;31:*.lzo=01;31:*.xz=01;31:*.zst=01;31:*.tzst=01;31:*.bz2=01;31:*.bz=01;31:*.tbz=01;31:*.tbz2=01;31:*.tz=01;31:*.deb=01;31:*.rpm=01;31:*.jar=01;31:*.war=01;31:*.ear=01;31:*.sar=01;31:*.rar=01;31:*.alz=01;31:*.ace=01;31:*.zoo=01;31:*.cpio=01;31:*.7z=01;31:*.rz=01;31:*.cab=01;31:*.wim=01;31:*.swm=01;31:*.dwm=01;31:*.esd=01;31:*.jpg=01;35:*.jpeg=01;35:*.mjpg=01;35:*.mjpeg=01;35:*.gif=01;35:*.bmp=01;35:*.pbm=01;35:*.pgm=01;35:*.ppm=01;35:*.tga=01;35:*.xbm=01;35:*.xpm=01;35:*.tif=01;35:*.tiff=01;35:*.png=01;35:*.svg=01;35:*.svgz=01;35:*.mng=01;35:*.pcx=01;35:*.mov=01;35:*.mpg=01;35:*.mpeg=01;35:*.m2v=01;35:*.mkv=01;35:*.webm=01;35:*.webp=01;35:*.ogm=01;35:*.mp4=01;35:*.m4v=01;35:*.mp4v=01;35:*.vob=01;35:*.qt=01;35:*.nuv=01;35:*.wmv=01;35:*.asf=01;35:*.rm=01;35:*.rmvb=01;35:*.flc=01;35:*.avi=01;35:*.fli=01;35:*.flv=01;35:*.gl=01;35:*.dl=01;35:*.xcf=01;35:*.xwd=01;35:*.yuv=01;35:*.cgm=01;35:*.emf=01;35:*.ogv=01;35:*.ogx=01;35:*.aac=00;36:*.au=00;36:*.flac=00;36:*.m4a=00;36:*.mid=00;36:*.midi=00;36:*.mka=00;36:*.mp3=00;36:*.mpc=00;36:*.ogg=00;36:*.ra=00;36:*.wav=00;36:*.oga=00;36:*.opus=00;36:*.spx=00;36:*.xspf=00;36:', 'GNOME_TERMINAL_SERVICE': ':1.217', 'SSH_AGENT_LAUNCHER': 'gnome-keyring', 'SSH_AUTH_SOCK': '/run/user/1000/keyring/ssh', 'AMENT_PREFIX_PATH': '/home/matheus/thesis_ws/install/thesis_interfaces:/home/matheus/thesis_ws/install/hal_signal_processing:/home/matheus/thesis_ws/install/hal_interfaces:/home/matheus/thesis_ws/install/hal_device_manager:/home/matheus/thesis_ws/install/game_unity_bridge:/home/matheus/thesis_ws/install/game_session:/home/matheus/thesis_ws/install/game_input_mapping:/home/matheus/thesis_ws/install/encoder_guidao:/home/matheus/thesis_ws/install/encoder_device:/home/matheus/thesis_ws/install/data_logger:/home/matheus/thesis_ws/install/controller_guidao:/home/matheus/Desktop/TestesROS2/ros_unity_ws/install/ros_tcp_endpoint:/home/matheus/Desktop/TestesROS2/microros_ws/install/micro_ros_setup:/home/matheus/Desktop/TestesROS2/microros_ws/install/micro_ros_agent:/home/matheus/Desktop/TestesROS2/microros_ws/install/micro_ros_msgs:/opt/ros/humble', 'SHELL': '/bin/bash', 'LC_NAME': 'pt_BR.UTF-8', 'QT_ACCESSIBILITY': '1', 'GDMSESSION': 'ubuntu-xorg', 'LESSCLOSE': '/usr/bin/lesspipe %s %s', 'LC_MEASUREMENT': 'pt_BR.UTF-8', 'GPG_AGENT_INFO': '/run/user/1000/gnupg/S.gpg-agent:0:1', 'LC_IDENTIFICATION': 'pt_BR.UTF-8', 'QT_IM_MODULE': 'ibus', 'PWD': '/home/matheus/thesis_ws/build/encoder_device', 'LC_ALL': 'en_US.UTF-8', 'XDG_CONFIG_DIRS': '/etc/xdg/xdg-ubuntu-xorg:/etc/xdg', 'XDG_DATA_DIRS': '/usr/share/ubuntu-xorg:/usr/share/gnome:/usr/local/share/:/usr/share/:/var/lib/snapd/desktop', 'PYTHONPATH': '/home/matheus/thesis_ws/build/encoder_device/prefix_override:/usr/lib/python3/dist-packages/colcon_core/task/python/colcon_distutils_commands:/home/matheus/thesis_ws/install/encoder_device/lib/python3.10/site-packages:/home/matheus/thesis_ws/install/hal_signal_processing/lib/python3.10/site-packages:/home/matheus/thesis_ws/install/hal_interfaces/local/lib/python3.10/dist-packages:/home/matheus/thesis_ws/install/hal_device_manager/lib/python3.10/site-packages:/home/matheus/thesis_ws/install/game_unity_bridge/lib/python3.10/site-packages:/home/matheus/thesis_ws/install/game_session/lib/python3.10/site-packages:/home/matheus/thesis_ws/install/game_input_mapping/lib/python3.10/site-packages:/home/matheus/thesis_ws/install/encoder_guidao/lib/python3.10/site-packages:/home/matheus/thesis_ws/install/encoder_device/lib/python3.10/site-packages:/home/matheus/thesis_ws/install/data_logger/lib/python3.10/site-packages:/home/matheus/thesis_ws/install/controller_guidao/lib/python3.10/site-packages:/home/matheus/Desktop/TestesROS2/ros_unity_ws/install/ros_tcp_endpoint/lib/python3.10/site-packages:/home/matheus/Desktop/TestesROS2/microros_ws/install/micro_ros_msgs/local/lib/python3.10/dist-packages:/opt/ros/humble/lib/python3.10/site-packages:/opt/ros/humble/local/lib/python3.10/dist-packages', 'LC_NUMERIC': 'pt_BR.UTF-8', 'LC_PAPER': 'pt_BR.UTF-8', 'COLCON': '1', 'VTE_VERSION': '6800', 'CMAKE_PREFIX_PATH': '/home/matheus/thesis_ws/install/thesis_interfaces:/home/matheus/thesis_ws/install/hal_interfaces:/home/matheus/Desktop/TestesROS2/microros_ws/install/micro_ros_setup:/home/matheus/Desktop/TestesROS2/microros_ws/install/micro_ros_agent:/home/matheus/Desktop/TestesROS2/microros_ws/install/micro_ros_msgs'}, 'shell': False}
[7.279924] (data_logger) Command: {'cmd': ['/usr/bin/python3', '-W', 'ignore:setup.py install is deprecated', '-W', 'ignore:easy_install command is deprecated', 'setup.py', 'egg_info', '--egg-base', '../../build/data_logger', 'build', '--build-base', '/home/matheus/thesis_ws/build/data_logger/build', 'install', '--record', '/home/matheus/thesis_ws/build/data_logger/install.log', '--install-scripts', '$base/lib/data_logger', '--single-version-externally-managed', 'install_data'], 'cwd': '/home/matheus/thesis_ws/src/data_logger', 'env': {'LESSOPEN': '| /usr/bin/lesspipe %s', 'USER': 'matheus', 'LC_TIME': 'pt_BR.UTF-8', 'XDG_SESSION_TYPE': 'x11', 'SHLVL': '1', 'LD_LIBRARY_PATH': '/home/matheus/thesis_ws/install/hal_interfaces/lib:/home/matheus/Desktop/TestesROS2/microros_ws/install/micro_ros_agent/lib:/home/matheus/Desktop/TestesROS2/microros_ws/install/micro_ros_msgs/lib:/opt/ros/humble/opt/rviz_ogre_vendor/lib:/opt/ros/humble/lib/x86_64-linux-gnu:/opt/ros/humble/lib', 'HOME': '/home/matheus', 'OLDPWD': '/home/matheus', 'DESKTOP_SESSION': 'ubuntu-xorg', 'ROS_PYTHON_VERSION': '3', 'GNOME_SHELL_SESSION_MODE': 'ubuntu', 'GTK_MODULES': 'gail:atk-bridge', 'LC_MONETARY': 'pt_BR.UTF-8', 'LC_CTYPE': 'pt_BR.UTF-8', 'SYSTEMD_EXEC_PID': '1746', 'DBUS_SESSION_BUS_ADDRESS': 'unix:path=/run/user/1000/bus', 'COLORTERM': 'truecolor', 'COLCON_PREFIX_PATH': '/home/matheus/thesis_ws/install:/home/matheus/Desktop/TestesROS2/ros_unity_ws/install:/home/matheus/Desktop/TestesROS2/microros_ws/install', 'ROS_DISTRO': 'humble', 'GTK_IM_MODULE': 'ibus', 'LOGNAME': 'matheus', '_': '/usr/bin/colcon', 'ROS_VERSION': '2', 'XDG_SESSION_CLASS': 'user', 'USERNAME': 'matheus', 'TERM': 'xterm-256color', 'GNOME_DESKTOP_SESSION_ID': 'this-is-deprecated', 'ROS_LOCALHOST_ONLY': '0', 'WINDOWPATH': '2', 'PATH': '/opt/ros/humble/bin:/home/matheus/.local/bin:/usr/local/sbin:/usr/local/bin:/usr/sbin:/usr/bin:/sbin:/bin:/usr/games:/usr/local/games:/snap/bin:/snap/bin:/home/matheus/.platformio/penv/bin', 'SESSION_MANAGER': 'local/matheus-300E5M-300E5L:@/tmp/.ICE-unix/1722,unix/matheus-300E5M-300E5L:/tmp/.ICE-unix/1722', 'XDG_MENU_PREFIX': 'gnome-', 'LC_ADDRESS': 'pt_BR.UTF-8', 'GNOME_TERMINAL_SCREEN': '/org/gnome/Terminal/screen/f70c918e_603a_40e9_ad59_37335646557a', 'XDG_RUNTIME_DIR': '/run/user/1000', 'DISPLAY': ':0', 'LANG': 'en_US.UTF-8', 'XDG_CURRENT_DESKTOP': 'ubuntu:GNOME', 'LC_TELEPHONE': 'pt_BR.UTF-8', 'XMODIFIERS': '@im=ibus', 'XDG_SESSION_DESKTOP': 'ubuntu-xorg', 'XAUTHORITY': '/run/user/1000/gdm/Xauthority', 'LS_COLORS': 'rs=0:di=01;34:ln=01;36:mh=00:pi=40;33:so=01;35:do=01;35:bd=40;33;01:cd=40;33;01:or=40;31;01:mi=00:su=37;41:sg=30;43:ca=30;41:tw=30;42:ow=34;42:st=37;44:ex=01;32:*.tar=01;31:*.tgz=01;31:*.arc=01;31:*.arj=01;31:*.taz=01;31:*.lha=01;31:*.lz4=01;31:*.lzh=01;31:*.lzma=01;31:*.tlz=01;31:*.txz=01;31:*.tzo=01;31:*.t7z=01;31:*.zip=01;31:*.z=01;31:*.dz=01;31:*.gz=01;31:*.lrz=01;31:*.lz=01;31:*.lzo=01;31:*.xz=01;31:*.zst=01;31:*.tzst=01;31:*.bz2=01;31:*.bz=01;31:*.tbz=01;31:*.tbz2=01;31:*.tz=01;31:*.deb=01;31:*.rpm=01;31:*.jar=01;31:*.war=01;31:*.ear=01;31:*.sar=01;31:*.rar=01;31:*.alz=01;31:*.ace=01;31:*.zoo=01;31:*.cpio=01;31:*.7z=01;31:*.rz=01;31:*.cab=01;31:*.wim=01;31:*.swm=01;31:*.dwm=01;31:*.esd=01;31:*.jpg=01;35:*.jpeg=01;35:*.mjpg=01;35:*.mjpeg=01;35:*.gif=01;35:*.bmp=01;35:*.pbm=01;35:*.pgm=01;35:*.ppm=01;35:*.tga=01;35:*.xbm=01;35:*.xpm=01;35:*.tif=01;35:*.tiff=01;35:*.png=01;35:*.svg=01;35:*.svgz=01;35:*.mng=01;35:*.pcx=01;35:*.mov=01;35:*.mpg=01;35:*.mpeg=01;35:*.m2v=01;35:*.mkv=01;35:*.webm=01;35:*.webp=01;35:*.ogm=01;35:*.mp4=01;35:*.m4v=01;35:*.mp4v=01;35:*.vob=01;35:*.qt=01;35:*.nuv=01;35:*.wmv=01;35:*.asf=01;35:*.rm=01;35:*.rmvb=01;35:*.flc=01;35:*.avi=01;35:*.fli=01;35:*.flv=01;35:*.gl=01;35:*.dl=01;35:*.xcf=01;35:*.xwd=01;35:*.yuv=01;35:*.cgm=01;35:*.emf=01;35:*.ogv=01;35:*.ogx=01;35:*.aac=00;36:*.au=00;36:*.flac=00;36:*.m4a=00;36:*.mid=00;36:*.midi=00;36:*.mka=00;36:*.mp3=00;36:*.mpc=00;36:*.ogg=00;36:*.ra=00;36:*.wav=00;36:*.oga=00;36:*.opus=00;36:*.spx=00;36:*.xspf=00;36:', 'GNOME_TERMINAL_SERVICE': ':1.217', 'SSH_AGENT_LAUNCHER': 'gnome-keyring', 'SSH_AUTH_SOCK': '/run/user/1000/keyring/ssh', 'AMENT_PREFIX_PATH': '/home/matheus/thesis_ws/install/thesis_interfaces:/home/matheus/thesis_ws/install/hal_signal_processing:/home/matheus/thesis_ws/install/hal_interfaces:/home/matheus/thesis_ws/install/hal_device_manager:/home/matheus/thesis_ws/install/game_unity_bridge:/home/matheus/thesis_ws/install/game_session:/home/matheus/thesis_ws/install/game_input_mapping:/home/matheus/thesis_ws/install/encoder_guidao:/home/matheus/thesis_ws/install/encoder_device:/home/matheus/thesis_ws/install/data_logger:/home/matheus/thesis_ws/install/controller_guidao:/home/matheus/Desktop/TestesROS2/ros_unity_ws/install/ros_tcp_endpoint:/home/matheus/Desktop/TestesROS2/microros_ws/install/micro_ros_setup:/home/matheus/Desktop/TestesROS2/microros_ws/install/micro_ros_agent:/home/matheus/Desktop/TestesROS2/microros_ws/install/micro_ros_msgs:/opt/ros/humble', 'SHELL': '/bin/bash', 'LC_NAME': 'pt_BR.UTF-8', 'QT_ACCESSIBILITY': '1', 'GDMSESSION': 'ubuntu-xorg', 'LESSCLOSE': '/usr/bin/lesspipe %s %s', 'LC_MEASUREMENT': 'pt_BR.UTF-8', 'GPG_AGENT_INFO': '/run/user/1000/gnupg/S.gpg-agent:0:1', 'LC_IDENTIFICATION': 'pt_BR.UTF-8', 'QT_IM_MODULE': 'ibus', 'PWD': '/home/matheus/thesis_ws/build/data_logger', 'LC_ALL': 'en_US.UTF-8', 'XDG_CONFIG_DIRS': '/etc/xdg/xdg-ubuntu-xorg:/etc/xdg', 'XDG_DATA_DIRS': '/usr/share/ubuntu-xorg:/usr/share/gnome:/usr/local/share/:/usr/share/:/var/lib/snapd/desktop', 'PYTHONPATH': '/home/matheus/thesis_ws/build/data_logger/prefix_override:/usr/lib/python3/dist-packages/colcon_core/task/python/colcon_distutils_commands:/home/matheus/thesis_ws/install/data_logger/lib/python3.10/site-packages:/home/matheus/thesis_ws/install/hal_signal_processing/lib/python3.10/site-packages:/home/matheus/thesis_ws/install/hal_interfaces/local/lib/python3.10/dist-packages:/home/matheus/thesis_ws/install/hal_device_manager/lib/python3.10/site-packages:/home/matheus/thesis_ws/install/game_unity_bridge/lib/python3.10/site-packages:/home/matheus/thesis_ws/install/game_session/lib/python3.10/site-packages:/home/matheus/thesis_ws/install/game_input_mapping/lib/python3.10/site-packages:/home/matheus/thesis_ws/install/encoder_guidao/lib/python3.10/site-packages:/home/matheus/thesis_ws/install/encoder_device/lib/python3.10/site-packages:/home/matheus/thesis_ws/install/data_logger/lib/python3.10/site-packages:/home/matheus/thesis_ws/install/controller_guidao/lib/python3.10/site-packages:/home/matheus/Desktop/TestesROS2/ros_unity_ws/install/ros_tcp_endpoint/lib/python3.10/site-packages:/home/matheus/Desktop/TestesROS2/microros_ws/install/micro_ros_msgs/local/lib/python3.10/dist-packages:/opt/ros/humble/lib/python3.10/site-packages:/opt/ros/humble/local/lib/python3.10/dist-packages', 'LC_NUMERIC': 'pt_BR.UTF-8', 'LC_PAPER': 'pt_BR.UTF-8', 'COLCON': '1', 'VTE_VERSION': '6800', 'CMAKE_PREFIX_PATH': '/home/matheus/thesis_ws/install/thesis_interfaces:/home/matheus/thesis_ws/install/hal_interfaces:/home/matheus/Desktop/TestesROS2/microros_ws/install/micro_ros_setup:/home/matheus/Desktop/TestesROS2/microros_ws/install/micro_ros_agent:/home/matheus/Desktop/TestesROS2/microros_ws/install/micro_ros_msgs'}, 'shell': False}
[7.289640] (game_unity_bridge) Command: {'cmd': ['/usr/bin/python3', '-W', 'ignore:setup.py install is deprecated', '-W', 'ignore:easy_install command is deprecated', 'setup.py', 'egg_info', '--egg-base', '../../build/game_unity_bridge', 'build', '--build-base', '/home/matheus/thesis_ws/build/game_unity_bridge/build', 'install', '--record', '/home/matheus/thesis_ws/build/game_unity_bridge/install.log', '--install-scripts', '$base/lib/game_unity_bridge', '--single-version-externally-managed', 'install_data'], 'cwd': '/home/matheus/thesis_ws/src/game_unity_bridge', 'env': {'LESSOPEN': '| /usr/bin/lesspipe %s', 'USER': 'matheus', 'LC_TIME': 'pt_BR.UTF-8', 'XDG_SESSION_TYPE': 'x11', 'SHLVL': '1', 'LD_LIBRARY_PATH': '/home/matheus/thesis_ws/install/hal_interfaces/lib:/home/matheus/Desktop/TestesROS2/microros_ws/install/micro_ros_agent/lib:/home/matheus/Desktop/TestesROS2/microros_ws/install/micro_ros_msgs/lib:/opt/ros/humble/opt/rviz_ogre_vendor/lib:/opt/ros/humble/lib/x86_64-linux-gnu:/opt/ros/humble/lib', 'HOME': '/home/matheus', 'OLDPWD': '/home/matheus', 'DESKTOP_SESSION': 'ubuntu-xorg', 'ROS_PYTHON_VERSION': '3', 'GNOME_SHELL_SESSION_MODE': 'ubuntu', 'GTK_MODULES': 'gail:atk-bridge', 'LC_MONETARY': 'pt_BR.UTF-8', 'LC_CTYPE': 'pt_BR.UTF-8', 'SYSTEMD_EXEC_PID': '1746', 'DBUS_SESSION_BUS_ADDRESS': 'unix:path=/run/user/1000/bus', 'COLORTERM': 'truecolor', 'COLCON_PREFIX_PATH': '/home/matheus/thesis_ws/install:/home/matheus/Desktop/TestesROS2/ros_unity_ws/install:/home/matheus/Desktop/TestesROS2/microros_ws/install', 'ROS_DISTRO': 'humble', 'GTK_IM_MODULE': 'ibus', 'LOGNAME': 'matheus', '_': '/usr/bin/colcon', 'ROS_VERSION': '2', 'XDG_SESSION_CLASS': 'user', 'USERNAME': 'matheus', 'TERM': 'xterm-256color', 'GNOME_DESKTOP_SESSION_ID': 'this-is-deprecated', 'ROS_LOCALHOST_ONLY': '0', 'WINDOWPATH': '2', 'PATH': '/opt/ros/humble/bin:/home/matheus/.local/bin:/usr/local/sbin:/usr/local/bin:/usr/sbin:/usr/bin:/sbin:/bin:/usr/games:/usr/local/games:/snap/bin:/snap/bin:/home/matheus/.platformio/penv/bin', 'SESSION_MANAGER': 'local/matheus-300E5M-300E5L:@/tmp/.ICE-unix/1722,unix/matheus-300E5M-300E5L:/tmp/.ICE-unix/1722', 'XDG_MENU_PREFIX': 'gnome-', 'LC_ADDRESS': 'pt_BR.UTF-8', 'GNOME_TERMINAL_SCREEN': '/org/gnome/Terminal/screen/f70c918e_603a_40e9_ad59_37335646557a', 'XDG_RUNTIME_DIR': '/run/user/1000', 'DISPLAY': ':0', 'LANG': 'en_US.UTF-8', 'XDG_CURRENT_DESKTOP': 'ubuntu:GNOME', 'LC_TELEPHONE': 'pt_BR.UTF-8', 'XMODIFIERS': '@im=ibus', 'XDG_SESSION_DESKTOP': 'ubuntu-xorg', 'XAUTHORITY': '/run/user/1000/gdm/Xauthority', 'LS_COLORS': 'rs=0:di=01;34:ln=01;36:mh=00:pi=40;33:so=01;35:do=01;35:bd=40;33;01:cd=40;33;01:or=40;31;01:mi=00:su=37;41:sg=30;43:ca=30;41:tw=30;42:ow=34;42:st=37;44:ex=01;32:*.tar=01;31:*.tgz=01;31:*.arc=01;31:*.arj=01;31:*.taz=01;31:*.lha=01;31:*.lz4=01;31:*.lzh=01;31:*.lzma=01;31:*.tlz=01;31:*.txz=01;31:*.tzo=01;31:*.t7z=01;31:*.zip=01;31:*.z=01;31:*.dz=01;31:*.gz=01;31:*.lrz=01;31:*.lz=01;31:*.lzo=01;31:*.xz=01;31:*.zst=01;31:*.tzst=01;31:*.bz2=01;31:*.bz=01;31:*.tbz=01;31:*.tbz2=01;31:*.tz=01;31:*.deb=01;31:*.rpm=01;31:*.jar=01;31:*.war=01;31:*.ear=01;31:*.sar=01;31:*.rar=01;31:*.alz=01;31:*.ace=01;31:*.zoo=01;31:*.cpio=01;31:*.7z=01;31:*.rz=01;31:*.cab=01;31:*.wim=01;31:*.swm=01;31:*.dwm=01;31:*.esd=01;31:*.jpg=01;35:*.jpeg=01;35:*.mjpg=01;35:*.mjpeg=01;35:*.gif=01;35:*.bmp=01;35:*.pbm=01;35:*.pgm=01;35:*.ppm=01;35:*.tga=01;35:*.xbm=01;35:*.xpm=01;35:*.tif=01;35:*.tiff=01;35:*.png=01;35:*.svg=01;35:*.svgz=01;35:*.mng=01;35:*.pcx=01;35:*.mov=01;35:*.mpg=01;35:*.mpeg=01;35:*.m2v=01;35:*.mkv=01;35:*.webm=01;35:*.webp=01;35:*.ogm=01;35:*.mp4=01;35:*.m4v=01;35:*.mp4v=01;35:*.vob=01;35:*.qt=01;35:*.nuv=01;35:*.wmv=01;35:*.asf=01;35:*.rm=01;35:*.rmvb=01;35:*.flc=01;35:*.avi=01;35:*.fli=01;35:*.flv=01;35:*.gl=01;35:*.dl=01;35:*.xcf=01;35:*.xwd=01;35:*.yuv=01;35:*.cgm=01;35:*.emf=01;35:*.ogv=01;35:*.ogx=01;35:*.aac=00;36:*.au=00;36:*.flac=00;36:*.m4a=00;36:*.mid=00;36:*.midi=00;36:*.mka=00;36:*.mp3=00;36:*.mpc=00;36:*.ogg=00;36:*.ra=00;36:*.wav=00;36:*.oga=00;36:*.opus=00;36:*.spx=00;36:*.xspf=00;36:', 'GNOME_TERMINAL_SERVICE': ':1.217', 'SSH_AGENT_LAUNCHER': 'gnome-keyring', 'SSH_AUTH_SOCK': '/run/user/1000/keyring/ssh', 'AMENT_PREFIX_PATH': '/home/matheus/thesis_ws/install/thesis_interfaces:/home/matheus/thesis_ws/install/hal_signal_processing:/home/matheus/thesis_ws/install/hal_interfaces:/home/matheus/thesis_ws/install/hal_device_manager:/home/matheus/thesis_ws/install/game_unity_bridge:/home/matheus/thesis_ws/install/game_session:/home/matheus/thesis_ws/install/game_input_mapping:/home/matheus/thesis_ws/install/encoder_guidao:/home/matheus/thesis_ws/install/encoder_device:/home/matheus/thesis_ws/install/data_logger:/home/matheus/thesis_ws/install/controller_guidao:/home/matheus/Desktop/TestesROS2/ros_unity_ws/install/ros_tcp_endpoint:/home/matheus/Desktop/TestesROS2/microros_ws/install/micro_ros_setup:/home/matheus/Desktop/TestesROS2/microros_ws/install/micro_ros_agent:/home/matheus/Desktop/TestesROS2/microros_ws/install/micro_ros_msgs:/opt/ros/humble', 'SHELL': '/bin/bash', 'LC_NAME': 'pt_BR.UTF-8', 'QT_ACCESSIBILITY': '1', 'GDMSESSION': 'ubuntu-xorg', 'LESSCLOSE': '/usr/bin/lesspipe %s %s', 'LC_MEASUREMENT': 'pt_BR.UTF-8', 'GPG_AGENT_INFO': '/run/user/1000/gnupg/S.gpg-agent:0:1', 'LC_IDENTIFICATION': 'pt_BR.UTF-8', 'QT_IM_MODULE': 'ibus', 'PWD': '/home/matheus/thesis_ws/build/game_unity_bridge', 'LC_ALL': 'en_US.UTF-8', 'XDG_CONFIG_DIRS': '/etc/xdg/xdg-ubuntu-xorg:/etc/xdg', 'XDG_DATA_DIRS': '/usr/share/ubuntu-xorg:/usr/share/gnome:/usr/local/share/:/usr/share/:/var/lib/snapd/desktop', 'PYTHONPATH': '/home/matheus/thesis_ws/build/game_unity_bridge/prefix_override:/usr/lib/python3/dist-packages/colcon_core/task/python/colcon_distutils_commands:/home/matheus/thesis_ws/install/game_unity_bridge/lib/python3.10/site-packages:/home/matheus/thesis_ws/install/hal_signal_processing/lib/python3.10/site-packages:/home/matheus/thesis_ws/install/hal_interfaces/local/lib/python3.10/dist-packages:/home/matheus/thesis_ws/install/hal_device_manager/lib/python3.10/site-packages:/home/matheus/thesis_ws/install/game_unity_bridge/lib/python3.10/site-packages:/home/matheus/thesis_ws/install/game_session/lib/python3.10/site-packages:/home/matheus/thesis_ws/install/game_input_mapping/lib/python3.10/site-packages:/home/matheus/thesis_ws/install/encoder_guidao/lib/python3.10/site-packages:/home/matheus/thesis_ws/install/encoder_device/lib/python3.10/site-packages:/home/matheus/thesis_ws/install/data_logger/lib/python3.10/site-packages:/home/matheus/thesis_ws/install/controller_guidao/lib/python3.10/site-packages:/home/matheus/Desktop/TestesROS2/ros_unity_ws/install/ros_tcp_endpoint/lib/python3.10/site-packages:/home/matheus/Desktop/TestesROS2/microros_ws/install/micro_ros_msgs/local/lib/python3.10/dist-packages:/opt/ros/humble/lib/python3.10/site-packages:/opt/ros/humble/local/lib/python3.10/dist-packages', 'LC_NUMERIC': 'pt_BR.UTF-8', 'LC_PAPER': 'pt_BR.UTF-8', 'COLCON': '1', 'VTE_VERSION': '6800', 'CMAKE_PREFIX_PATH': '/home/matheus/thesis_ws/install/thesis_interfaces:/home/matheus/thesis_ws/install/hal_interfaces:/home/matheus/Desktop/TestesROS2/microros_ws/install/micro_ros_setup:/home/matheus/Desktop/TestesROS2/microros_ws/install/micro_ros_agent:/home/matheus/Desktop/TestesROS2/microros_ws/install/micro_ros_msgs'}, 'shell': False}
[7.294443] (game_session) Command: {'cmd': ['/usr/bin/python3', '-W', 'ignore:setup.py install is deprecated', '-W', 'ignore:easy_install command is deprecated', 'setup.py', 'egg_info', '--egg-base', '../../build/game_session', 'build', '--build-base', '/home/matheus/thesis_ws/build/game_session/build', 'install', '--record', '/home/matheus/thesis_ws/build/game_session/install.log', '--install-scripts', '$base/lib/game_session', '--single-version-externally-managed', 'install_data'], 'cwd': '/home/matheus/thesis_ws/src/game_session', 'env': {'LESSOPEN': '| /usr/bin/lesspipe %s', 'USER': 'matheus', 'LC_TIME': 'pt_BR.UTF-8', 'XDG_SESSION_TYPE': 'x11', 'SHLVL': '1', 'LD_LIBRARY_PATH': '/home/matheus/thesis_ws/install/hal_interfaces/lib:/home/matheus/Desktop/TestesROS2/microros_ws/install/micro_ros_agent/lib:/home/matheus/Desktop/TestesROS2/microros_ws/install/micro_ros_msgs/lib:/opt/ros/humble/opt/rviz_ogre_vendor/lib:/opt/ros/humble/lib/x86_64-linux-gnu:/opt/ros/humble/lib', 'HOME': '/home/matheus', 'OLDPWD': '/home/matheus', 'DESKTOP_SESSION': 'ubuntu-xorg', 'ROS_PYTHON_VERSION': '3', 'GNOME_SHELL_SESSION_MODE': 'ubuntu', 'GTK_MODULES': 'gail:atk-bridge', 'LC_MONETARY': 'pt_BR.UTF-8', 'LC_CTYPE': 'pt_BR.UTF-8', 'SYSTEMD_EXEC_PID': '1746', 'DBUS_SESSION_BUS_ADDRESS': 'unix:path=/run/user/1000/bus', 'COLORTERM': 'truecolor', 'COLCON_PREFIX_PATH': '/home/matheus/thesis_ws/install:/home/matheus/Desktop/TestesROS2/ros_unity_ws/install:/home/matheus/Desktop/TestesROS2/microros_ws/install', 'ROS_DISTRO': 'humble', 'GTK_IM_MODULE': 'ibus', 'LOGNAME': 'matheus', '_': '/usr/bin/colcon', 'ROS_VERSION': '2', 'XDG_SESSION_CLASS': 'user', 'USERNAME': 'matheus', 'TERM': 'xterm-256color', 'GNOME_DESKTOP_SESSION_ID': 'this-is-deprecated', 'ROS_LOCALHOST_ONLY': '0', 'WINDOWPATH': '2', 'PATH': '/opt/ros/humble/bin:/home/matheus/.local/bin:/usr/local/sbin:/usr/local/bin:/usr/sbin:/usr/bin:/sbin:/bin:/usr/games:/usr/local/games:/snap/bin:/snap/bin:/home/matheus/.platformio/penv/bin', 'SESSION_MANAGER': 'local/matheus-300E5M-300E5L:@/tmp/.ICE-unix/1722,unix/matheus-300E5M-300E5L:/tmp/.ICE-unix/1722', 'XDG_MENU_PREFIX': 'gnome-', 'LC_ADDRESS': 'pt_BR.UTF-8', 'GNOME_TERMINAL_SCREEN': '/org/gnome/Terminal/screen/f70c918e_603a_40e9_ad59_37335646557a', 'XDG_RUNTIME_DIR': '/run/user/1000', 'DISPLAY': ':0', 'LANG': 'en_US.UTF-8', 'XDG_CURRENT_DESKTOP': 'ubuntu:GNOME', 'LC_TELEPHONE': 'pt_BR.UTF-8', 'XMODIFIERS': '@im=ibus', 'XDG_SESSION_DESKTOP': 'ubuntu-xorg', 'XAUTHORITY': '/run/user/1000/gdm/Xauthority', 'LS_COLORS': 'rs=0:di=01;34:ln=01;36:mh=00:pi=40;33:so=01;35:do=01;35:bd=40;33;01:cd=40;33;01:or=40;31;01:mi=00:su=37;41:sg=30;43:ca=30;41:tw=30;42:ow=34;42:st=37;44:ex=01;32:*.tar=01;31:*.tgz=01;31:*.arc=01;31:*.arj=01;31:*.taz=01;31:*.lha=01;31:*.lz4=01;31:*.lzh=01;31:*.lzma=01;31:*.tlz=01;31:*.txz=01;31:*.tzo=01;31:*.t7z=01;31:*.zip=01;31:*.z=01;31:*.dz=01;31:*.gz=01;31:*.lrz=01;31:*.lz=01;31:*.lzo=01;31:*.xz=01;31:*.zst=01;31:*.tzst=01;31:*.bz2=01;31:*.bz=01;31:*.tbz=01;31:*.tbz2=01;31:*.tz=01;31:*.deb=01;31:*.rpm=01;31:*.jar=01;31:*.war=01;31:*.ear=01;31:*.sar=01;31:*.rar=01;31:*.alz=01;31:*.ace=01;31:*.zoo=01;31:*.cpio=01;31:*.7z=01;31:*.rz=01;31:*.cab=01;31:*.wim=01;31:*.swm=01;31:*.dwm=01;31:*.esd=01;31:*.jpg=01;35:*.jpeg=01;35:*.mjpg=01;35:*.mjpeg=01;35:*.gif=01;35:*.bmp=01;35:*.pbm=01;35:*.pgm=01;35:*.ppm=01;35:*.tga=01;35:*.xbm=01;35:*.xpm=01;35:*.tif=01;35:*.tiff=01;35:*.png=01;35:*.svg=01;35:*.svgz=01;35:*.mng=01;35:*.pcx=01;35:*.mov=01;35:*.mpg=01;35:*.mpeg=01;35:*.m2v=01;35:*.mkv=01;35:*.webm=01;35:*.webp=01;35:*.ogm=01;35:*.mp4=01;35:*.m4v=01;35:*.mp4v=01;35:*.vob=01;35:*.qt=01;35:*.nuv=01;35:*.wmv=01;35:*.asf=01;35:*.rm=01;35:*.rmvb=01;35:*.flc=01;35:*.avi=01;35:*.fli=01;35:*.flv=01;35:*.gl=01;35:*.dl=01;35:*.xcf=01;35:*.xwd=01;35:*.yuv=01;35:*.cgm=01;35:*.emf=01;35:*.ogv=01;35:*.ogx=01;35:*.aac=00;36:*.au=00;36:*.flac=00;36:*.m4a=00;36:*.mid=00;36:*.midi=00;36:*.mka=00;36:*.mp3=00;36:*.mpc=00;36:*.ogg=00;36:*.ra=00;36:*.wav=00;36:*.oga=00;36:*.opus=00;36:*.spx=00;36:*.xspf=00;36:', 'GNOME_TERMINAL_SERVICE': ':1.217', 'SSH_AGENT_LAUNCHER': 'gnome-keyring', 'SSH_AUTH_SOCK': '/run/user/1000/keyring/ssh', 'AMENT_PREFIX_PATH': '/home/matheus/thesis_ws/install/thesis_interfaces:/home/matheus/thesis_ws/install/hal_signal_processing:/home/matheus/thesis_ws/install/hal_interfaces:/home/matheus/thesis_ws/install/hal_device_manager:/home/matheus/thesis_ws/install/game_unity_bridge:/home/matheus/thesis_ws/install/game_session:/home/matheus/thesis_ws/install/game_input_mapping:/home/matheus/thesis_ws/install/encoder_guidao:/home/matheus/thesis_ws/install/encoder_device:/home/matheus/thesis_ws/install/data_logger:/home/matheus/thesis_ws/install/controller_guidao:/home/matheus/Desktop/TestesROS2/ros_unity_ws/install/ros_tcp_endpoint:/home/matheus/Desktop/TestesROS2/microros_ws/install/micro_ros_setup:/home/matheus/Desktop/TestesROS2/microros_ws/install/micro_ros_agent:/home/matheus/Desktop/TestesROS2/microros_ws/install/micro_ros_msgs:/opt/ros/humble', 'SHELL': '/bin/bash', 'LC_NAME': 'pt_BR.UTF-8', 'QT_ACCESSIBILITY': '1', 'GDMSESSION': 'ubuntu-xorg', 'LESSCLOSE': '/usr/bin/lesspipe %s %s', 'LC_MEASUREMENT': 'pt_BR.UTF-8', 'GPG_AGENT_INFO': '/run/user/1000/gnupg/S.gpg-agent:0:1', 'LC_IDENTIFICATION': 'pt_BR.UTF-8', 'QT_IM_MODULE': 'ibus', 'PWD': '/home/matheus/thesis_ws/build/game_session', 'LC_ALL': 'en_US.UTF-8', 'XDG_CONFIG_DIRS': '/etc/xdg/xdg-ubuntu-xorg:/etc/xdg', 'XDG_DATA_DIRS': '/usr/share/ubuntu-xorg:/usr/share/gnome:/usr/local/share/:/usr/share/:/var/lib/snapd/desktop', 'PYTHONPATH': '/home/matheus/thesis_ws/build/game_session/prefix_override:/usr/lib/python3/dist-packages/colcon_core/task/python/colcon_distutils_commands:/home/matheus/thesis_ws/install/game_session/lib/python3.10/site-packages:/home/matheus/thesis_ws/install/hal_signal_processing/lib/python3.10/site-packages:/home/matheus/thesis_ws/install/hal_interfaces/local/lib/python3.10/dist-packages:/home/matheus/thesis_ws/install/hal_device_manager/lib/python3.10/site-packages:/home/matheus/thesis_ws/install/game_unity_bridge/lib/python3.10/site-packages:/home/matheus/thesis_ws/install/game_session/lib/python3.10/site-packages:/home/matheus/thesis_ws/install/game_input_mapping/lib/python3.10/site-packages:/home/matheus/thesis_ws/install/encoder_guidao/lib/python3.10/site-packages:/home/matheus/thesis_ws/install/encoder_device/lib/python3.10/site-packages:/home/matheus/thesis_ws/install/data_logger/lib/python3.10/site-packages:/home/matheus/thesis_ws/install/controller_guidao/lib/python3.10/site-packages:/home/matheus/Desktop/TestesROS2/ros_unity_ws/install/ros_tcp_endpoint/lib/python3.10/site-packages:/home/matheus/Desktop/TestesROS2/microros_ws/install/micro_ros_msgs/local/lib/python3.10/dist-packages:/opt/ros/humble/lib/python3.10/site-packages:/opt/ros/humble/local/lib/python3.10/dist-packages', 'LC_NUMERIC': 'pt_BR.UTF-8', 'LC_PAPER': 'pt_BR.UTF-8', 'COLCON': '1', 'VTE_VERSION': '6800', 'CMAKE_PREFIX_PATH': '/home/matheus/thesis_ws/install/thesis_interfaces:/home/matheus/thesis_ws/install/hal_interfaces:/home/matheus/Desktop/TestesROS2/microros_ws/install/micro_ros_setup:/home/matheus/Desktop/TestesROS2/microros_ws/install/micro_ros_agent:/home/matheus/Desktop/TestesROS2/microros_ws/install/micro_ros_msgs'}, 'shell': False}
[7.305369] (controller_guidao) Command: {'cmd': ['/usr/bin/python3', '-W', 'ignore:setup.py install is deprecated', '-W', 'ignore:easy_install command is deprecated', 'setup.py', 'egg_info', '--egg-base', '../../build/controller_guidao', 'build', '--build-base', '/home/matheus/thesis_ws/build/controller_guidao/build', 'install', '--record', '/home/matheus/thesis_ws/build/controller_guidao/install.log', '--install-scripts', '$base/lib/controller_guidao', '--single-version-externally-managed', 'install_data'], 'cwd': '/home/matheus/thesis_ws/src/controller_guidao', 'env': {'LESSOPEN': '| /usr/bin/lesspipe %s', 'USER': 'matheus', 'LC_TIME': 'pt_BR.UTF-8', 'XDG_SESSION_TYPE': 'x11', 'SHLVL': '1', 'LD_LIBRARY_PATH': '/home/matheus/thesis_ws/install/hal_interfaces/lib:/home/matheus/Desktop/TestesROS2/microros_ws/install/micro_ros_agent/lib:/home/matheus/Desktop/TestesROS2/microros_ws/install/micro_ros_msgs/lib:/opt/ros/humble/opt/rviz_ogre_vendor/lib:/opt/ros/humble/lib/x86_64-linux-gnu:/opt/ros/humble/lib', 'HOME': '/home/matheus', 'OLDPWD': '/home/matheus', 'DESKTOP_SESSION': 'ubuntu-xorg', 'ROS_PYTHON_VERSION': '3', 'GNOME_SHELL_SESSION_MODE': 'ubuntu', 'GTK_MODULES': 'gail:atk-bridge', 'LC_MONETARY': 'pt_BR.UTF-8', 'LC_CTYPE': 'pt_BR.UTF-8', 'SYSTEMD_EXEC_PID': '1746', 'DBUS_SESSION_BUS_ADDRESS': 'unix:path=/run/user/1000/bus', 'COLORTERM': 'truecolor', 'COLCON_PREFIX_PATH': '/home/matheus/thesis_ws/install:/home/matheus/Desktop/TestesROS2/ros_unity_ws/install:/home/matheus/Desktop/TestesROS2/microros_ws/install', 'ROS_DISTRO': 'humble', 'GTK_IM_MODULE': 'ibus', 'LOGNAME': 'matheus', '_': '/usr/bin/colcon', 'ROS_VERSION': '2', 'XDG_SESSION_CLASS': 'user', 'USERNAME': 'matheus', 'TERM': 'xterm-256color', 'GNOME_DESKTOP_SESSION_ID': 'this-is-deprecated', 'ROS_LOCALHOST_ONLY': '0', 'WINDOWPATH': '2', 'PATH': '/opt/ros/humble/bin:/home/matheus/.local/bin:/usr/local/sbin:/usr/local/bin:/usr/sbin:/usr/bin:/sbin:/bin:/usr/games:/usr/local/games:/snap/bin:/snap/bin:/home/matheus/.platformio/penv/bin', 'SESSION_MANAGER': 'local/matheus-300E5M-300E5L:@/tmp/.ICE-unix/1722,unix/matheus-300E5M-300E5L:/tmp/.ICE-unix/1722', 'XDG_MENU_PREFIX': 'gnome-', 'LC_ADDRESS': 'pt_BR.UTF-8', 'GNOME_TERMINAL_SCREEN': '/org/gnome/Terminal/screen/f70c918e_603a_40e9_ad59_37335646557a', 'XDG_RUNTIME_DIR': '/run/user/1000', 'DISPLAY': ':0', 'LANG': 'en_US.UTF-8', 'XDG_CURRENT_DESKTOP': 'ubuntu:GNOME', 'LC_TELEPHONE': 'pt_BR.UTF-8', 'XMODIFIERS': '@im=ibus', 'XDG_SESSION_DESKTOP': 'ubuntu-xorg', 'XAUTHORITY': '/run/user/1000/gdm/Xauthority', 'LS_COLORS': 'rs=0:di=01;34:ln=01;36:mh=00:pi=40;33:so=01;35:do=01;35:bd=40;33;01:cd=40;33;01:or=40;31;01:mi=00:su=37;41:sg=30;43:ca=30;41:tw=30;42:ow=34;42:st=37;44:ex=01;32:*.tar=01;31:*.tgz=01;31:*.arc=01;31:*.arj=01;31:*.taz=01;31:*.lha=01;31:*.lz4=01;31:*.lzh=01;31:*.lzma=01;31:*.tlz=01;31:*.txz=01;31:*.tzo=01;31:*.t7z=01;31:*.zip=01;31:*.z=01;31:*.dz=01;31:*.gz=01;31:*.lrz=01;31:*.lz=01;31:*.lzo=01;31:*.xz=01;31:*.zst=01;31:*.tzst=01;31:*.bz2=01;31:*.bz=01;31:*.tbz=01;31:*.tbz2=01;31:*.tz=01;31:*.deb=01;31:*.rpm=01;31:*.jar=01;31:*.war=01;31:*.ear=01;31:*.sar=01;31:*.rar=01;31:*.alz=01;31:*.ace=01;31:*.zoo=01;31:*.cpio=01;31:*.7z=01;31:*.rz=01;31:*.cab=01;31:*.wim=01;31:*.swm=01;31:*.dwm=01;31:*.esd=01;31:*.jpg=01;35:*.jpeg=01;35:*.mjpg=01;35:*.mjpeg=01;35:*.gif=01;35:*.bmp=01;35:*.pbm=01;35:*.pgm=01;35:*.ppm=01;35:*.tga=01;35:*.xbm=01;35:*.xpm=01;35:*.tif=01;35:*.tiff=01;35:*.png=01;35:*.svg=01;35:*.svgz=01;35:*.mng=01;35:*.pcx=01;35:*.mov=01;35:*.mpg=01;35:*.mpeg=01;35:*.m2v=01;35:*.mkv=01;35:*.webm=01;35:*.webp=01;35:*.ogm=01;35:*.mp4=01;35:*.m4v=01;35:*.mp4v=01;35:*.vob=01;35:*.qt=01;35:*.nuv=01;35:*.wmv=01;35:*.asf=01;35:*.rm=01;35:*.rmvb=01;35:*.flc=01;35:*.avi=01;35:*.fli=01;35:*.flv=01;35:*.gl=01;35:*.dl=01;35:*.xcf=01;35:*.xwd=01;35:*.yuv=01;35:*.cgm=01;35:*.emf=01;35:*.ogv=01;35:*.ogx=01;35:*.aac=00;36:*.au=00;36:*.flac=00;36:*.m4a=00;36:*.mid=00;36:*.midi=00;36:*.mka=00;36:*.mp3=00;36:*.mpc=00;36:*.ogg=00;36:*.ra=00;36:*.wav=00;36:*.oga=00;36:*.opus=00;36:*.spx=00;36:*.xspf=00;36:', 'GNOME_TERMINAL_SERVICE': ':1.217', 'SSH_AGENT_LAUNCHER': 'gnome-keyring', 'SSH_AUTH_SOCK': '/run/user/1000/keyring/ssh', 'AMENT_PREFIX_PATH': '/home/matheus/thesis_ws/install/thesis_interfaces:/home/matheus/thesis_ws/install/hal_signal_processing:/home/matheus/thesis_ws/install/hal_interfaces:/home/matheus/thesis_ws/install/hal_device_manager:/home/matheus/thesis_ws/install/game_unity_bridge:/home/matheus/thesis_ws/install/game_session:/home/matheus/thesis_ws/install/game_input_mapping:/home/matheus/thesis_ws/install/encoder_guidao:/home/matheus/thesis_ws/install/encoder_device:/home/matheus/thesis_ws/install/data_logger:/home/matheus/thesis_ws/install/controller_guidao:/home/matheus/Desktop/TestesROS2/ros_unity_ws/install/ros_tcp_endpoint:/home/matheus/Desktop/TestesROS2/microros_ws/install/micro_ros_setup:/home/matheus/Desktop/TestesROS2/microros_ws/install/micro_ros_agent:/home/matheus/Desktop/TestesROS2/microros_ws/install/micro_ros_msgs:/opt/ros/humble', 'SHELL': '/bin/bash', 'LC_NAME': 'pt_BR.UTF-8', 'QT_ACCESSIBILITY': '1', 'GDMSESSION': 'ubuntu-xorg', 'LESSCLOSE': '/usr/bin/lesspipe %s %s', 'LC_MEASUREMENT': 'pt_BR.UTF-8', 'GPG_AGENT_INFO': '/run/user/1000/gnupg/S.gpg-agent:0:1', 'LC_IDENTIFICATION': 'pt_BR.UTF-8', 'QT_IM_MODULE': 'ibus', 'PWD': '/home/matheus/thesis_ws/build/controller_guidao', 'LC_ALL': 'en_US.UTF-8', 'XDG_CONFIG_DIRS': '/etc/xdg/xdg-ubuntu-xorg:/etc/xdg', 'XDG_DATA_DIRS': '/usr/share/ubuntu-xorg:/usr/share/gnome:/usr/local/share/:/usr/share/:/var/lib/snapd/desktop', 'PYTHONPATH': '/home/matheus/thesis_ws/build/controller_guidao/prefix_override:/usr/lib/python3/dist-packages/colcon_core/task/python/colcon_distutils_commands:/home/matheus/thesis_ws/install/controller_guidao/lib/python3.10/site-packages:/home/matheus/thesis_ws/install/hal_signal_processing/lib/python3.10/site-packages:/home/matheus/thesis_ws/install/hal_interfaces/local/lib/python3.10/dist-packages:/home/matheus/thesis_ws/install/hal_device_manager/lib/python3.10/site-packages:/home/matheus/thesis_ws/install/game_unity_bridge/lib/python3.10/site-packages:/home/matheus/thesis_ws/install/game_session/lib/python3.10/site-packages:/home/matheus/thesis_ws/install/game_input_mapping/lib/python3.10/site-packages:/home/matheus/thesis_ws/install/encoder_guidao/lib/python3.10/site-packages:/home/matheus/thesis_ws/install/encoder_device/lib/python3.10/site-packages:/home/matheus/thesis_ws/install/data_logger/lib/python3.10/site-packages:/home/matheus/thesis_ws/install/controller_guidao/lib/python3.10/site-packages:/home/matheus/Desktop/TestesROS2/ros_unity_ws/install/ros_tcp_endpoint/lib/python3.10/site-packages:/home/matheus/Desktop/TestesROS2/microros_ws/install/micro_ros_msgs/local/lib/python3.10/dist-packages:/opt/ros/humble/lib/python3.10/site-packages:/opt/ros/humble/local/lib/python3.10/dist-packages', 'LC_NUMERIC': 'pt_BR.UTF-8', 'LC_PAPER': 'pt_BR.UTF-8', 'COLCON': '1', 'VTE_VERSION': '6800', 'CMAKE_PREFIX_PATH': '/home/matheus/thesis_ws/install/thesis_interfaces:/home/matheus/thesis_ws/install/hal_interfaces:/home/matheus/Desktop/TestesROS2/microros_ws/install/micro_ros_setup:/home/matheus/Desktop/TestesROS2/microros_ws/install/micro_ros_agent:/home/matheus/Desktop/TestesROS2/microros_ws/install/micro_ros_msgs'}, 'shell': False}
[7.345917] (-) TimerEvent: {}
[7.446629] (-) TimerEvent: {}
[7.547365] (-) TimerEvent: {}
[7.648162] (-) TimerEvent: {}
[7.700761] (hal_signal_processing) StdoutLine: {'line': b'running egg_info\n'}
[7.702330] (hal_signal_processing) StdoutLine: {'line': b'writing ../../build/hal_signal_processing/hal_signal_processing.egg-info/PKG-INFO\n'}
[7.702912] (hal_signal_processing) StdoutLine: {'line': b'writing dependency_links to ../../build/hal_signal_processing/hal_signal_processing.egg-info/dependency_links.txt\n'}
[7.703406] (hal_signal_processing) StdoutLine: {'line': b'writing entry points to ../../build/hal_signal_processing/hal_signal_processing.egg-info/entry_points.txt\n'}
[7.703734] (hal_signal_processing) StdoutLine: {'line': b'writing requirements to ../../build/hal_signal_processing/hal_signal_processing.egg-info/requires.txt\n'}
[7.704020] (hal_signal_processing) StdoutLine: {'line': b'writing top-level names to ../../build/hal_signal_processing/hal_signal_processing.egg-info/top_level.txt\n'}
[7.707535] (hal_signal_processing) StdoutLine: {'line': b"reading manifest file '../../build/hal_signal_processing/hal_signal_processing.egg-info/SOURCES.txt'\n"}
[7.716188] (hal_signal_processing) StdoutLine: {'line': b"writing manifest file '../../build/hal_signal_processing/hal_signal_processing.egg-info/SOURCES.txt'\n"}
[7.716689] (hal_signal_processing) StdoutLine: {'line': b'running build\n'}
[7.717081] (hal_signal_processing) StdoutLine: {'line': b'running build_py\n'}
[7.717337] (hal_signal_processing) StdoutLine: {'line': b'running install\n'}
[7.717669] (hal_signal_processing) StdoutLine: {'line': b'running install_lib\n'}
[7.729270] (hal_signal_processing) StdoutLine: {'line': b'running install_data\n'}
[7.729773] (hal_signal_processing) StdoutLine: {'line': b'running install_egg_info\n'}
[7.733292] (hal_signal_processing) StdoutLine: {'line': b"removing '/home/matheus/thesis_ws/install/hal_signal_processing/lib/python3.10/site-packages/hal_signal_processing-0.0.0-py3.10.egg-info' (and everything under it)\n"}
[7.733919] (hal_signal_processing) StdoutLine: {'line': b'Copying ../../build/hal_signal_processing/hal_signal_processing.egg-info to /home/matheus/thesis_ws/install/hal_signal_processing/lib/python3.10/site-packages/hal_signal_processing-0.0.0-py3.10.egg-info\n'}
[7.746876] (hal_signal_processing) StdoutLine: {'line': b'running install_scripts\n'}
[7.748259] (-) TimerEvent: {}
[7.825870] (hal_signal_processing) StdoutLine: {'line': b'Installing signal_processing_node script to /home/matheus/thesis_ws/install/hal_signal_processing/lib/hal_signal_processing\n'}
[7.841663] (hal_signal_processing) StdoutLine: {'line': b"writing list of installed files to '/home/matheus/thesis_ws/build/hal_signal_processing/install.log'\n"}
[7.848407] (-) TimerEvent: {}
[7.910521] (hal_signal_processing) CommandEnded: {'returncode': 0}
[7.911768] (controller_guidao) StdoutLine: {'line': b'running egg_info\n'}
[7.912251] (controller_guidao) StdoutLine: {'line': b'writing ../../build/controller_guidao/controller_guidao.egg-info/PKG-INFO\n'}
[7.912516] (controller_guidao) StdoutLine: {'line': b'writing dependency_links to ../../build/controller_guidao/controller_guidao.egg-info/dependency_links.txt\n'}
[7.912749] (controller_guidao) StdoutLine: {'line': b'writing entry points to ../../build/controller_guidao/controller_guidao.egg-info/entry_points.txt\n'}
[7.913004] (controller_guidao) StdoutLine: {'line': b'writing requirements to ../../build/controller_guidao/controller_guidao.egg-info/requires.txt\n'}
[7.913237] (controller_guidao) StdoutLine: {'line': b'writing top-level names to ../../build/controller_guidao/controller_guidao.egg-info/top_level.txt\n'}
[7.913453] (controller_guidao) StdoutLine: {'line': b"reading manifest file '../../build/controller_guidao/controller_guidao.egg-info/SOURCES.txt'\n"}
[7.913667] (controller_guidao) StdoutLine: {'line': b"writing manifest file '../../build/controller_guidao/controller_guidao.egg-info/SOURCES.txt'\n"}
[7.913893] (controller_guidao) StdoutLine: {'line': b'running build\n'}
[7.914126] (controller_guidao) StdoutLine: {'line': b'running build_py\n'}
[7.914337] (controller_guidao) StdoutLine: {'line': b'copying controller_guidao/controller_guidao_node.py -> /home/matheus/thesis_ws/build/controller_guidao/build/lib/controller_guidao\n'}
[7.914571] (controller_guidao) StdoutLine: {'line': b'running install\n'}
[7.914787] (controller_guidao) StdoutLine: {'line': b'running install_lib\n'}
[7.917072] (controller_guidao) StdoutLine: {'line': b'copying /home/matheus/thesis_ws/build/controller_guidao/build/lib/controller_guidao/controller_guidao_node.py -> /home/matheus/thesis_ws/install/controller_guidao/lib/python3.10/site-packages/controller_guidao\n'}
[7.918932] (controller_guidao) StdoutLine: {'line': b'byte-compiling /home/matheus/thesis_ws/install/controller_guidao/lib/python3.10/site-packages/controller_guidao/controller_guidao_node.py to controller_guidao_node.cpython-310.pyc\n'}
[7.946017] (controller_guidao) StdoutLine: {'line': b'running install_data\n'}
[7.946636] (controller_guidao) StdoutLine: {'line': b'running install_egg_info\n'}
[7.948528] (-) TimerEvent: {}
[7.950969] (controller_guidao) StdoutLine: {'line': b"removing '/home/matheus/thesis_ws/install/controller_guidao/lib/python3.10/site-packages/controller_guidao-0.0.0-py3.10.egg-info' (and everything under it)\n"}
[7.951442] (controller_guidao) StdoutLine: {'line': b'Copying ../../build/controller_guidao/controller_guidao.egg-info to /home/matheus/thesis_ws/install/controller_guidao/lib/python3.10/site-packages/controller_guidao-0.0.0-py3.10.egg-info\n'}
[7.963675] (controller_guidao) StdoutLine: {'line': b'running install_scripts\n'}
[7.978674] (hal_signal_processing) JobEnded: {'identifier': 'hal_signal_processing', 'rc': 0}
[8.005182] (controller_guidao) StdoutLine: {'line': b'Installing controller_guidao_node script to /home/matheus/thesis_ws/install/controller_guidao/lib/controller_guidao\n'}
[8.006021] (controller_guidao) StdoutLine: {'line': b"writing list of installed files to '/home/matheus/thesis_ws/build/controller_guidao/install.log'\n"}
[8.038928] (game_session) StdoutLine: {'line': b'running egg_info\n'}
[8.040364] (game_session) StdoutLine: {'line': b'writing ../../build/game_session/game_session.egg-info/PKG-INFO\n'}
[8.040973] (game_session) StdoutLine: {'line': b'writing dependency_links to ../../build/game_session/game_session.egg-info/dependency_links.txt\n'}
[8.041605] (game_session) StdoutLine: {'line': b'writing entry points to ../../build/game_session/game_session.egg-info/entry_points.txt\n'}
[8.041899] (game_session) StdoutLine: {'line': b'writing requirements to ../../build/game_session/game_session.egg-info/requires.txt\n'}
[8.042153] (game_session) StdoutLine: {'line': b'writing top-level names to ../../build/game_session/game_session.egg-info/top_level.txt\n'}
[8.046159] (game_session) StdoutLine: {'line': b"reading manifest file '../../build/game_session/game_session.egg-info/SOURCES.txt'\n"}
[8.048657] (-) TimerEvent: {}
[8.055632] (controller_guidao) CommandEnded: {'returncode': 0}
[8.060322] (game_session) StdoutLine: {'line': b"writing manifest file '../../build/game_session/game_session.egg-info/SOURCES.txt'\n"}
[8.060832] (game_session) StdoutLine: {'line': b'running build\n'}
[8.061124] (game_session) StdoutLine: {'line': b'running build_py\n'}
[8.061355] (game_session) StdoutLine: {'line': b'running install\n'}
[8.061591] (game_session) StdoutLine: {'line': b'running install_lib\n'}
[8.068586] (game_session) StdoutLine: {'line': b'running install_data\n'}
[8.069044] (game_session) StdoutLine: {'line': b'running install_egg_info\n'}
[8.076673] (game_session) StdoutLine: {'line': b"removing '/home/matheus/thesis_ws/install/game_session/lib/python3.10/site-packages/game_session-0.0.0-py3.10.egg-info' (and everything under it)\n"}
[8.077775] (game_session) StdoutLine: {'line': b'Copying ../../build/game_session/game_session.egg-info to /home/matheus/thesis_ws/install/game_session/lib/python3.10/site-packages/game_session-0.0.0-py3.10.egg-info\n'}
[8.091975] (game_session) StdoutLine: {'line': b'running install_scripts\n'}
[8.095805] (controller_guidao) JobEnded: {'identifier': 'controller_guidao', 'rc': 0}
[8.137870] (game_session) StdoutLine: {'line': b"writing list of installed files to '/home/matheus/thesis_ws/build/game_session/install.log'\n"}
[8.148827] (-) TimerEvent: {}
[8.189349] (game_session) CommandEnded: {'returncode': 0}
[8.209079] (hal_device_manager) StdoutLine: {'line': b'running egg_info\n'}
[8.210538] (hal_device_manager) StdoutLine: {'line': b'writing ../../build/hal_device_manager/hal_device_manager.egg-info/PKG-INFO\n'}
[8.211229] (hal_device_manager) StdoutLine: {'line': b'writing dependency_links to ../../build/hal_device_manager/hal_device_manager.egg-info/dependency_links.txt\n'}
[8.211532] (hal_device_manager) StdoutLine: {'line': b'writing entry points to ../../build/hal_device_manager/hal_device_manager.egg-info/entry_points.txt\n'}
[8.211778] (hal_device_manager) StdoutLine: {'line': b'writing requirements to ../../build/hal_device_manager/hal_device_manager.egg-info/requires.txt\n'}
[8.212114] (hal_device_manager) StdoutLine: {'line': b'writing top-level names to ../../build/hal_device_manager/hal_device_manager.egg-info/top_level.txt\n'}
[8.214975] (hal_device_manager) StdoutLine: {'line': b"reading manifest file '../../build/hal_device_manager/hal_device_manager.egg-info/SOURCES.txt'\n"}
[8.227467] (hal_device_manager) StdoutLine: {'line': b"writing manifest file '../../build/hal_device_manager/hal_device_manager.egg-info/SOURCES.txt'\n"}
[8.229646] (hal_device_manager) StdoutLine: {'line': b'running build\n'}
[8.229906] (hal_device_manager) StdoutLine: {'line': b'running build_py\n'}
[8.230098] (hal_device_manager) StdoutLine: {'line': b'running install\n'}
[8.230261] (hal_device_manager) StdoutLine: {'line': b'running install_lib\n'}
[8.232194] (game_input_mapping) StdoutLine: {'line': b'running egg_info\n'}
[8.234245] (game_input_mapping) StdoutLine: {'line': b'writing ../../build/game_input_mapping/game_input_mapping.egg-info/PKG-INFO\n'}
[8.235081] (game_input_mapping) StdoutLine: {'line': b'writing dependency_links to ../../build/game_input_mapping/game_input_mapping.egg-info/dependency_links.txt\n'}
[8.235788] (game_input_mapping) StdoutLine: {'line': b'writing entry points to ../../build/game_input_mapping/game_input_mapping.egg-info/entry_points.txt\n'}
[8.236031] (game_input_mapping) StdoutLine: {'line': b'writing requirements to ../../build/game_input_mapping/game_input_mapping.egg-info/requires.txt\n'}
[8.236283] (game_input_mapping) StdoutLine: {'line': b'writing top-level names to ../../build/game_input_mapping/game_input_mapping.egg-info/top_level.txt\n'}
[8.239769] (game_session) JobEnded: {'identifier': 'game_session', 'rc': 0}
[8.240739] (hal_device_manager) StdoutLine: {'line': b'running install_data\n'}
[8.240999] (hal_device_manager) StdoutLine: {'line': b'running install_egg_info\n'}
[8.243537] (game_input_mapping) StdoutLine: {'line': b"reading manifest file '../../build/game_input_mapping/game_input_mapping.egg-info/SOURCES.txt'\n"}
[8.246502] (game_input_mapping) StdoutLine: {'line': b"writing manifest file '../../build/game_input_mapping/game_input_mapping.egg-info/SOURCES.txt'\n"}
[8.246861] (game_input_mapping) StdoutLine: {'line': b'running build\n'}
[8.247240] (game_input_mapping) StdoutLine: {'line': b'running build_py\n'}
[8.247652] (hal_device_manager) StdoutLine: {'line': b"removing '/home/matheus/thesis_ws/install/hal_device_manager/lib/python3.10/site-packages/hal_device_manager-0.0.0-py3.10.egg-info' (and everything under it)\n"}
[8.247951] (game_input_mapping) StdoutLine: {'line': b'running install\n'}
[8.248480] (hal_device_manager) StdoutLine: {'line': b'Copying ../../build/hal_device_manager/hal_device_manager.egg-info to /home/matheus/thesis_ws/install/hal_device_manager/lib/python3.10/site-packages/hal_device_manager-0.0.0-py3.10.egg-info\n'}
[8.248991] (game_input_mapping) StdoutLine: {'line': b'running install_lib\n'}
[8.249422] (-) TimerEvent: {}
[8.253510] (game_input_mapping) StdoutLine: {'line': b'running install_data\n'}
[8.254228] (game_input_mapping) StdoutLine: {'line': b'running install_egg_info\n'}
[8.260972] (game_input_mapping) StdoutLine: {'line': b"removing '/home/matheus/thesis_ws/install/game_input_mapping/lib/python3.10/site-packages/game_input_mapping-0.0.0-py3.10.egg-info' (and everything under it)\n"}
[8.262181] (game_input_mapping) StdoutLine: {'line': b'Copying ../../build/game_input_mapping/game_input_mapping.egg-info to /home/matheus/thesis_ws/install/game_input_mapping/lib/python3.10/site-packages/game_input_mapping-0.0.0-py3.10.egg-info\n'}
[8.263014] (hal_device_manager) StdoutLine: {'line': b'running install_scripts\n'}
[8.265573] (game_input_mapping) StdoutLine: {'line': b'running install_scripts\n'}
[8.270318] (game_unity_bridge) StdoutLine: {'line': b'running egg_info\n'}
[8.272369] (game_unity_bridge) StdoutLine: {'line': b'writing ../../build/game_unity_bridge/game_unity_bridge.egg-info/PKG-INFO\n'}
[8.273063] (game_unity_bridge) StdoutLine: {'line': b'writing dependency_links to ../../build/game_unity_bridge/game_unity_bridge.egg-info/dependency_links.txt\n'}
[8.273478] (game_unity_bridge) StdoutLine: {'line': b'writing entry points to ../../build/game_unity_bridge/game_unity_bridge.egg-info/entry_points.txt\n'}
[8.273741] (game_unity_bridge) StdoutLine: {'line': b'writing requirements to ../../build/game_unity_bridge/game_unity_bridge.egg-info/requires.txt\n'}
[8.274026] (game_unity_bridge) StdoutLine: {'line': b'writing top-level names to ../../build/game_unity_bridge/game_unity_bridge.egg-info/top_level.txt\n'}
[8.277453] (game_unity_bridge) StdoutLine: {'line': b"reading manifest file '../../build/game_unity_bridge/game_unity_bridge.egg-info/SOURCES.txt'\n"}
[8.279379] (encoder_guidao) StdoutLine: {'line': b'running egg_info\n'}
[8.281051] (encoder_guidao) StdoutLine: {'line': b'writing ../../build/encoder_guidao/encoder_guidao.egg-info/PKG-INFO\n'}
[8.282162] (encoder_guidao) StdoutLine: {'line': b'writing dependency_links to ../../build/encoder_guidao/encoder_guidao.egg-info/dependency_links.txt\n'}
[8.285466] (encoder_guidao) StdoutLine: {'line': b'writing entry points to ../../build/encoder_guidao/encoder_guidao.egg-info/entry_points.txt\n'}
[8.286091] (encoder_guidao) StdoutLine: {'line': b'writing requirements to ../../build/encoder_guidao/encoder_guidao.egg-info/requires.txt\n'}
[8.286825] (game_unity_bridge) StdoutLine: {'line': b"writing manifest file '../../build/game_unity_bridge/game_unity_bridge.egg-info/SOURCES.txt'\n"}
[8.287196] (encoder_guidao) StdoutLine: {'line': b'writing top-level names to ../../build/encoder_guidao/encoder_guidao.egg-info/top_level.txt\n'}
[8.287445] (game_unity_bridge) StdoutLine: {'line': b'running build\n'}
[8.287679] (game_unity_bridge) StdoutLine: {'line': b'running build_py\n'}
[8.288002] (game_unity_bridge) StdoutLine: {'line': b'running install\n'}
[8.288241] (game_unity_bridge) StdoutLine: {'line': b'running install_lib\n'}
[8.290465] (encoder_guidao) StdoutLine: {'line': b"reading manifest file '../../build/encoder_guidao/encoder_guidao.egg-info/SOURCES.txt'\n"}
[8.292154] (encoder_guidao) StdoutLine: {'line': b"writing manifest file '../../build/encoder_guidao/encoder_guidao.egg-info/SOURCES.txt'\n"}
[8.292611] (encoder_guidao) StdoutLine: {'line': b'running build\n'}
[8.292921] (encoder_guidao) StdoutLine: {'line': b'running build_py\n'}
[8.293307] (encoder_guidao) StdoutLine: {'line': b'copying encoder_guidao/encoder_guidao_node.py -> /home/matheus/thesis_ws/build/encoder_guidao/build/lib/encoder_guidao\n'}
[8.293558] (encoder_guidao) StdoutLine: {'line': b'running install\n'}
[8.294041] (encoder_guidao) StdoutLine: {'line': b'running install_lib\n'}
[8.295890] (encoder_guidao) StdoutLine: {'line': b'copying /home/matheus/thesis_ws/build/encoder_guidao/build/lib/encoder_guidao/encoder_guidao_node.py -> /home/matheus/thesis_ws/install/encoder_guidao/lib/python3.10/site-packages/encoder_guidao\n'}
[8.298197] (encoder_guidao) StdoutLine: {'line': b'byte-compiling /home/matheus/thesis_ws/install/encoder_guidao/lib/python3.10/site-packages/encoder_guidao/encoder_guidao_node.py to encoder_guidao_node.cpython-310.pyc\n'}
[8.302246] (encoder_guidao) StdoutLine: {'line': b'running install_data\n'}
[8.302741] (encoder_guidao) StdoutLine: {'line': b'running install_egg_info\n'}
[8.303114] (game_unity_bridge) StdoutLine: {'line': b'running install_data\n'}
[8.303424] (game_unity_bridge) StdoutLine: {'line': b'running install_egg_info\n'}
[8.306599] (encoder_guidao) StdoutLine: {'line': b"removing '/home/matheus/thesis_ws/install/encoder_guidao/lib/python3.10/site-packages/encoder_guidao-0.0.0-py3.10.egg-info' (and everything under it)\n"}
[8.307245] (encoder_guidao) StdoutLine: {'line': b'Copying ../../build/encoder_guidao/encoder_guidao.egg-info to /home/matheus/thesis_ws/install/encoder_guidao/lib/python3.10/site-packages/encoder_guidao-0.0.0-py3.10.egg-info\n'}
[8.308616] (encoder_guidao) StdoutLine: {'line': b'running install_scripts\n'}
[8.310468] (game_unity_bridge) StdoutLine: {'line': b"removing '/home/matheus/thesis_ws/install/game_unity_bridge/lib/python3.10/site-packages/game_unity_bridge-0.0.0-py3.10.egg-info' (and everything under it)\n"}
[8.311615] (game_unity_bridge) StdoutLine: {'line': b'Copying ../../build/game_unity_bridge/game_unity_bridge.egg-info to /home/matheus/thesis_ws/install/game_unity_bridge/lib/python3.10/site-packages/game_unity_bridge-0.0.0-py3.10.egg-info\n'}
[8.318825] (hal_device_manager) StdoutLine: {'line': b'Installing device_manager_node script to /home/matheus/thesis_ws/install/hal_device_manager/lib/hal_device_manager\n'}
[8.319476] (hal_device_manager) StdoutLine: {'line': b"writing list of installed files to '/home/matheus/thesis_ws/build/hal_device_manager/install.log'\n"}
[8.326170] (game_unity_bridge) StdoutLine: {'line': b'running install_scripts\n'}
[8.344782] (game_input_mapping) StdoutLine: {'line': b"writing list of installed files to '/home/matheus/thesis_ws/build/game_input_mapping/install.log'\n"}
[8.349654] (-) TimerEvent: {}
[8.352572] (encoder_guidao) StdoutLine: {'line': b'Installing encoder_guidao_node script to /home/matheus/thesis_ws/install/encoder_guidao/lib/encoder_guidao\n'}
[8.353348] (encoder_guidao) StdoutLine: {'line': b"writing list of installed files to '/home/matheus/thesis_ws/build/encoder_guidao/install.log'\n"}
[8.369556] (hal_device_manager) CommandEnded: {'returncode': 0}
[8.406640] (game_unity_bridge) StdoutLine: {'line': b"writing list of installed files to '/home/matheus/thesis_ws/build/game_unity_bridge/install.log'\n"}
[8.410614] (encoder_device) StdoutLine: {'line': b'running egg_info\n'}
[8.412870] (data_logger) StdoutLine: {'line': b'running egg_info\n'}
[8.416272] (data_logger) StdoutLine: {'line': b'writing ../../build/data_logger/data_logger.egg-info/PKG-INFO\n'}
[8.416772] (data_logger) StdoutLine: {'line': b'writing dependency_links to ../../build/data_logger/data_logger.egg-info/dependency_links.txt\n'}
[8.417100] (data_logger) StdoutLine: {'line': b'writing entry points to ../../build/data_logger/data_logger.egg-info/entry_points.txt\n'}
[8.417338] (data_logger) StdoutLine: {'line': b'writing requirements to ../../build/data_logger/data_logger.egg-info/requires.txt\n'}
[8.417558] (data_logger) StdoutLine: {'line': b'writing top-level names to ../../build/data_logger/data_logger.egg-info/top_level.txt\n'}
[8.417941] (encoder_device) StdoutLine: {'line': b'writing ../../build/encoder_device/encoder_device.egg-info/PKG-INFO\n'}
[8.420362] (data_logger) StdoutLine: {'line': b"reading manifest file '../../build/data_logger/data_logger.egg-info/SOURCES.txt'\n"}
[8.421933] (encoder_device) StdoutLine: {'line': b'writing dependency_links to ../../build/encoder_device/encoder_device.egg-info/dependency_links.txt\n'}
[8.422615] (encoder_device) StdoutLine: {'line': b'writing entry points to ../../build/encoder_device/encoder_device.egg-info/entry_points.txt\n'}
[8.422889] (encoder_device) StdoutLine: {'line': b'writing requirements to ../../build/encoder_device/encoder_device.egg-info/requires.txt\n'}
[8.423592] (encoder_device) StdoutLine: {'line': b'writing top-level names to ../../build/encoder_device/encoder_device.egg-info/top_level.txt\n'}
[8.423835] (data_logger) StdoutLine: {'line': b"writing manifest file '../../build/data_logger/data_logger.egg-info/SOURCES.txt'\n"}
[8.424548] (data_logger) StdoutLine: {'line': b'running build\n'}
[8.424863] (data_logger) StdoutLine: {'line': b'running build_py\n'}
[8.425240] (data_logger) StdoutLine: {'line': b'running install\n'}
[8.425482] (data_logger) StdoutLine: {'line': b'running install_lib\n'}
[8.426003] (hal_device_manager) JobEnded: {'identifier': 'hal_device_manager', 'rc': 0}
[8.430974] (encoder_device) StdoutLine: {'line': b"reading manifest file '../../build/encoder_device/encoder_device.egg-info/SOURCES.txt'\n"}
[8.431314] (game_input_mapping) CommandEnded: {'returncode': 0}
[8.436340] (encoder_device) StdoutLine: {'line': b"writing manifest file '../../build/encoder_device/encoder_device.egg-info/SOURCES.txt'\n"}
[8.436973] (encoder_device) StdoutLine: {'line': b'running build\n'}
[8.438227] (encoder_device) StdoutLine: {'line': b'running build_py\n'}
[8.439239] (encoder_device) StdoutLine: {'line': b'running install\n'}
[8.439543] (encoder_device) StdoutLine: {'line': b'running install_lib\n'}
[8.439800] (data_logger) StdoutLine: {'line': b'running install_data\n'}
[8.440631] (data_logger) StdoutLine: {'line': b'running install_egg_info\n'}
[8.445592] (data_logger) StdoutLine: {'line': b"removing '/home/matheus/thesis_ws/install/data_logger/lib/python3.10/site-packages/data_logger-0.0.0-py3.10.egg-info' (and everything under it)\n"}
[8.446790] (data_logger) StdoutLine: {'line': b'Copying ../../build/data_logger/data_logger.egg-info to /home/matheus/thesis_ws/install/data_logger/lib/python3.10/site-packages/data_logger-0.0.0-py3.10.egg-info\n'}
[8.452371] (encoder_device) StdoutLine: {'line': b'running install_data\n'}
[8.454372] (-) TimerEvent: {}
[8.454908] (encoder_device) StdoutLine: {'line': b'running install_egg_info\n'}
[8.455432] (data_logger) StdoutLine: {'line': b'running install_scripts\n'}
[8.455792] (encoder_device) StdoutLine: {'line': b"removing '/home/matheus/thesis_ws/install/encoder_device/lib/python3.10/site-packages/encoder_device-0.0.0-py3.10.egg-info' (and everything under it)\n"}
[8.456321] (encoder_device) StdoutLine: {'line': b'Copying ../../build/encoder_device/encoder_device.egg-info to /home/matheus/thesis_ws/install/encoder_device/lib/python3.10/site-packages/encoder_device-0.0.0-py3.10.egg-info\n'}
[8.464733] (game_input_mapping) JobEnded: {'identifier': 'game_input_mapping', 'rc': 0}
[8.468374] (encoder_guidao) CommandEnded: {'returncode': 0}
[8.469457] (encoder_device) StdoutLine: {'line': b'running install_scripts\n'}
[8.500175] (encoder_guidao) JobEnded: {'identifier': 'encoder_guidao', 'rc': 0}
[8.504826] (data_logger) StdoutLine: {'line': b"writing list of installed files to '/home/matheus/thesis_ws/build/data_logger/install.log'\n"}
[8.505603] (game_unity_bridge) CommandEnded: {'returncode': 0}
[8.510356] (encoder_device) StdoutLine: {'line': b"writing list of installed files to '/home/matheus/thesis_ws/build/encoder_device/install.log'\n"}
[8.541613] (game_unity_bridge) JobEnded: {'identifier': 'game_unity_bridge', 'rc': 0}
[8.551641] (data_logger) CommandEnded: {'returncode': 0}
[8.554536] (-) TimerEvent: {}
[8.607037] (data_logger) JobEnded: {'identifier': 'data_logger', 'rc': 0}
[8.610530] (encoder_device) CommandEnded: {'returncode': 0}
[8.648017] (encoder_device) JobEnded: {'identifier': 'encoder_device', 'rc': 0}
[8.650947] (-) EventReactorShutdown: {}
