[0.000000] (-) TimerEvent: {}
[0.000160] (data_logger) JobQueued: {'identifier': 'data_logger', 'dependencies': OrderedDict()}
[0.000258] (encoder_device) JobQueued: {'identifier': 'encoder_device', 'dependencies': OrderedDict()}
[0.000330] (encoder_guidao) JobQueued: {'identifier': 'encoder_guidao', 'dependencies': OrderedDict()}
[0.000352] (game_input_mapping) JobQueued: {'identifier': 'game_input_mapping', 'dependencies': OrderedDict()}
[0.000372] (game_session) JobQueued: {'identifier': 'game_session', 'dependencies': OrderedDict()}
[0.000392] (game_unity_bridge) JobQueued: {'identifier': 'game_unity_bridge', 'dependencies': OrderedDict()}
[0.000411] (hal_device_manager) JobQueued: {'identifier': 'hal_device_manager', 'dependencies': OrderedDict()}
[0.000429] (hal_interfaces) JobQueued: {'identifier': 'hal_interfaces', 'dependencies': OrderedDict()}
[0.000448] (hal_signal_processing) JobQueued: {'identifier': 'hal_signal_processing', 'dependencies': OrderedDict()}
[0.000474] (thesis_interfaces) JobQueued: {'identifier': 'thesis_interfaces', 'dependencies': OrderedDict()}
[0.000502] (data_logger) JobStarted: {'identifier': 'data_logger'}
[0.005679] (encoder_device) JobStarted: {'identifier': 'encoder_device'}
[0.009546] (encoder_guidao) JobStarted: {'identifier': 'encoder_guidao'}
[0.018265] (game_input_mapping) JobStarted: {'identifier': 'game_input_mapping'}
[0.021829] (game_session) JobStarted: {'identifier': 'game_session'}
[0.030105] (game_unity_bridge) JobStarted: {'identifier': 'game_unity_bridge'}
[0.037437] (hal_device_manager) JobStarted: {'identifier': 'hal_device_manager'}
[0.042745] (hal_interfaces) JobStarted: {'identifier': 'hal_interfaces'}
[0.046019] (hal_signal_processing) JobStarted: {'identifier': 'hal_signal_processing'}
[0.049681] (thesis_interfaces) JobStarted: {'identifier': 'thesis_interfaces'}
[0.099219] (-) TimerEvent: {}
[0.199637] (-) TimerEvent: {}
[0.299994] (-) TimerEvent: {}
[0.400294] (-) TimerEvent: {}
[0.500588] (-) TimerEvent: {}
[0.601007] (-) TimerEvent: {}
[0.701334] (-) TimerEvent: {}
[0.801676] (-) TimerEvent: {}
[0.902108] (-) TimerEvent: {}
[1.002532] (-) TimerEvent: {}
[1.102945] (-) TimerEvent: {}
[1.203371] (-) TimerEvent: {}
[1.303830] (-) TimerEvent: {}
[1.404250] (-) TimerEvent: {}
[1.424820] (hal_interfaces) JobProgress: {'identifier': 'hal_interfaces', 'progress': 'cmake'}
[1.425803] (hal_interfaces) JobProgress: {'identifier': 'hal_interfaces', 'progress': 'build'}
[1.425876] (hal_interfaces) Command: {'cmd': ['/usr/bin/cmake', '--build', '/home/matheus/thesis_ws/build/hal_interfaces', '--', '-j12', '-l12'], 'cwd': '/home/matheus/thesis_ws/build/hal_interfaces', 'env': OrderedDict([('LESSOPEN', '| /usr/bin/lesspipe %s'), ('USER', 'matheus'), ('LC_TIME', 'pt_BR.UTF-8'), ('XDG_SESSION_TYPE', 'x11'), ('SHLVL', '1'), ('LD_LIBRARY_PATH', '/home/matheus/thesis_ws/install/hal_interfaces/lib:/home/matheus/Desktop/TestesROS2/microros_ws/install/micro_ros_agent/lib:/home/matheus/Desktop/TestesROS2/microros_ws/install/micro_ros_msgs/lib:/opt/ros/humble/opt/rviz_ogre_vendor/lib:/opt/ros/humble/lib/x86_64-linux-gnu:/opt/ros/humble/lib'), ('HOME', '/home/matheus'), ('DESKTOP_SESSION', 'ubuntu-xorg'), ('ROS_PYTHON_VERSION', '3'), ('GNOME_SHELL_SESSION_MODE', 'ubuntu'), ('GTK_MODULES', 'gail:atk-bridge'), ('LC_MONETARY', 'pt_BR.UTF-8'), ('LC_CTYPE', 'pt_BR.UTF-8'), ('SYSTEMD_EXEC_PID', '5873'), ('DBUS_SESSION_BUS_ADDRESS', 'unix:path=/run/user/1000/bus'), ('COLORTERM', 'truecolor'), ('COLCON_PREFIX_PATH', '/home/matheus/thesis_ws/install:/home/matheus/Desktop/TestesROS2/ros_unity_ws/install:/home/matheus/Desktop/TestesROS2/microros_ws/install'), ('ROS_DISTRO', 'humble'), ('GTK_IM_MODULE', 'ibus'), ('LOGNAME', 'matheus'), ('_', '/usr/bin/colcon'), ('ROS_VERSION', '2'), ('XDG_SESSION_CLASS', 'user'), ('USERNAME', 'matheus'), ('TERM', 'xterm-256color'), ('GNOME_DESKTOP_SESSION_ID', 'this-is-deprecated'), ('ROS_LOCALHOST_ONLY', '0'), ('WINDOWPATH', '2'), ('PATH', '/opt/ros/humble/bin:/home/matheus/.local/bin:/usr/local/sbin:/usr/local/bin:/usr/sbin:/usr/bin:/sbin:/bin:/usr/games:/usr/local/games:/snap/bin:/snap/bin:/home/matheus/.platformio/penv/bin'), ('SESSION_MANAGER', 'local/matheus-300E5M-300E5L:@/tmp/.ICE-unix/1844,unix/matheus-300E5M-300E5L:/tmp/.ICE-unix/1844'), ('XDG_MENU_PREFIX', 'gnome-'), ('LC_ADDRESS', 'pt_BR.UTF-8'), ('GNOME_TERMINAL_SCREEN', '/org/gnome/Terminal/screen/af976568_ccbf_4557_8f73_0fd5587512bb'), ('XDG_RUNTIME_DIR', '/run/user/1000'), ('DISPLAY', ':0'), ('LANG', 'en_US.UTF-8'), ('XDG_CURRENT_DESKTOP', 'ubuntu:GNOME'), ('LC_TELEPHONE', 'pt_BR.UTF-8'), ('XMODIFIERS', '@im=ibus'), ('XDG_SESSION_DESKTOP', 'ubuntu-xorg'), ('XAUTHORITY', '/run/user/1000/gdm/Xauthority'), ('LS_COLORS', 'rs=0:di=01;34:ln=01;36:mh=00:pi=40;33:so=01;35:do=01;35:bd=40;33;01:cd=40;33;01:or=40;31;01:mi=00:su=37;41:sg=30;43:ca=30;41:tw=30;42:ow=34;42:st=37;44:ex=01;32:*.tar=01;31:*.tgz=01;31:*.arc=01;31:*.arj=01;31:*.taz=01;31:*.lha=01;31:*.lz4=01;31:*.lzh=01;31:*.lzma=01;31:*.tlz=01;31:*.txz=01;31:*.tzo=01;31:*.t7z=01;31:*.zip=01;31:*.z=01;31:*.dz=01;31:*.gz=01;31:*.lrz=01;31:*.lz=01;31:*.lzo=01;31:*.xz=01;31:*.zst=01;31:*.tzst=01;31:*.bz2=01;31:*.bz=01;31:*.tbz=01;31:*.tbz2=01;31:*.tz=01;31:*.deb=01;31:*.rpm=01;31:*.jar=01;31:*.war=01;31:*.ear=01;31:*.sar=01;31:*.rar=01;31:*.alz=01;31:*.ace=01;31:*.zoo=01;31:*.cpio=01;31:*.7z=01;31:*.rz=01;31:*.cab=01;31:*.wim=01;31:*.swm=01;31:*.dwm=01;31:*.esd=01;31:*.jpg=01;35:*.jpeg=01;35:*.mjpg=01;35:*.mjpeg=01;35:*.gif=01;35:*.bmp=01;35:*.pbm=01;35:*.pgm=01;35:*.ppm=01;35:*.tga=01;35:*.xbm=01;35:*.xpm=01;35:*.tif=01;35:*.tiff=01;35:*.png=01;35:*.svg=01;35:*.svgz=01;35:*.mng=01;35:*.pcx=01;35:*.mov=01;35:*.mpg=01;35:*.mpeg=01;35:*.m2v=01;35:*.mkv=01;35:*.webm=01;35:*.webp=01;35:*.ogm=01;35:*.mp4=01;35:*.m4v=01;35:*.mp4v=01;35:*.vob=01;35:*.qt=01;35:*.nuv=01;35:*.wmv=01;35:*.asf=01;35:*.rm=01;35:*.rmvb=01;35:*.flc=01;35:*.avi=01;35:*.fli=01;35:*.flv=01;35:*.gl=01;35:*.dl=01;35:*.xcf=01;35:*.xwd=01;35:*.yuv=01;35:*.cgm=01;35:*.emf=01;35:*.ogv=01;35:*.ogx=01;35:*.aac=00;36:*.au=00;36:*.flac=00;36:*.m4a=00;36:*.mid=00;36:*.midi=00;36:*.mka=00;36:*.mp3=00;36:*.mpc=00;36:*.ogg=00;36:*.ra=00;36:*.wav=00;36:*.oga=00;36:*.opus=00;36:*.spx=00;36:*.xspf=00;36:'), ('GNOME_TERMINAL_SERVICE', ':1.156'), ('SSH_AGENT_LAUNCHER', 'gnome-keyring'), ('SSH_AUTH_SOCK', '/run/user/1000/keyring/ssh'), ('AMENT_PREFIX_PATH', '/home/matheus/thesis_ws/install/thesis_interfaces:/home/matheus/thesis_ws/install/hal_signal_processing:/home/matheus/thesis_ws/install/hal_interfaces:/home/matheus/thesis_ws/install/hal_device_manager:/home/matheus/thesis_ws/install/game_unity_bridge:/home/matheus/thesis_ws/install/game_session:/home/matheus/thesis_ws/install/game_input_mapping:/home/matheus/thesis_ws/install/encoder_guidao:/home/matheus/thesis_ws/install/encoder_device:/home/matheus/thesis_ws/install/data_logger:/home/matheus/Desktop/TestesROS2/ros_unity_ws/install/ros_tcp_endpoint:/home/matheus/Desktop/TestesROS2/microros_ws/install/micro_ros_setup:/home/matheus/Desktop/TestesROS2/microros_ws/install/micro_ros_agent:/home/matheus/Desktop/TestesROS2/microros_ws/install/micro_ros_msgs:/opt/ros/humble'), ('SHELL', '/bin/bash'), ('LC_NAME', 'pt_BR.UTF-8'), ('QT_ACCESSIBILITY', '1'), ('GDMSESSION', 'ubuntu-xorg'), ('LESSCLOSE', '/usr/bin/lesspipe %s %s'), ('LC_MEASUREMENT', 'pt_BR.UTF-8'), ('GPG_AGENT_INFO', '/run/user/1000/gnupg/S.gpg-agent:0:1'), ('LC_IDENTIFICATION', 'pt_BR.UTF-8'), ('QT_IM_MODULE', 'ibus'), ('PWD', '/home/matheus/thesis_ws/build/hal_interfaces'), ('LC_ALL', 'en_US.UTF-8'), ('XDG_CONFIG_DIRS', '/etc/xdg/xdg-ubuntu-xorg:/etc/xdg'), ('XDG_DATA_DIRS', '/usr/share/ubuntu-xorg:/usr/share/gnome:/usr/local/share/:/usr/share/:/var/lib/snapd/desktop'), ('PYTHONPATH', '/home/matheus/thesis_ws/install/hal_signal_processing/lib/python3.10/site-packages:/home/matheus/thesis_ws/install/hal_interfaces/local/lib/python3.10/dist-packages:/home/matheus/thesis_ws/install/hal_device_manager/lib/python3.10/site-packages:/home/matheus/thesis_ws/install/game_unity_bridge/lib/python3.10/site-packages:/home/matheus/thesis_ws/install/game_session/lib/python3.10/site-packages:/home/matheus/thesis_ws/install/game_input_mapping/lib/python3.10/site-packages:/home/matheus/thesis_ws/install/encoder_guidao/lib/python3.10/site-packages:/home/matheus/thesis_ws/install/encoder_device/lib/python3.10/site-packages:/home/matheus/thesis_ws/install/data_logger/lib/python3.10/site-packages:/home/matheus/Desktop/TestesROS2/ros_unity_ws/install/ros_tcp_endpoint/lib/python3.10/site-packages:/home/matheus/Desktop/TestesROS2/microros_ws/install/micro_ros_msgs/local/lib/python3.10/dist-packages:/opt/ros/humble/lib/python3.10/site-packages:/opt/ros/humble/local/lib/python3.10/dist-packages'), ('LC_NUMERIC', 'pt_BR.UTF-8'), ('LC_PAPER', 'pt_BR.UTF-8'), ('COLCON', '1'), ('VTE_VERSION', '6800'), ('CMAKE_PREFIX_PATH', '/home/matheus/thesis_ws/install/thesis_interfaces:/home/matheus/thesis_ws/install/hal_interfaces:/home/matheus/Desktop/TestesROS2/microros_ws/install/micro_ros_setup:/home/matheus/Desktop/TestesROS2/microros_ws/install/micro_ros_agent:/home/matheus/Desktop/TestesROS2/microros_ws/install/micro_ros_msgs:/home/matheus/thesis_ws/install/hal_signal_processing:/home/matheus/thesis_ws/install/hal_device_manager:/home/matheus/thesis_ws/install/game_unity_bridge:/home/matheus/thesis_ws/install/game_session:/home/matheus/thesis_ws/install/game_input_mapping:/home/matheus/thesis_ws/install/encoder_guidao:/home/matheus/thesis_ws/install/encoder_device:/home/matheus/thesis_ws/install/data_logger:/home/matheus/Desktop/TestesROS2/ros_unity_ws/install/ros_tcp_endpoint:/opt/ros/humble')]), 'shell': False}
[1.504348] (-) TimerEvent: {}
[1.604655] (-) TimerEvent: {}
[1.690339] (hal_interfaces) StdoutLine: {'line': b'[  6%] Built target hal_interfaces__cpp\n'}
[1.690590] (hal_interfaces) StdoutLine: {'line': b'[ 15%] Built target hal_interfaces__rosidl_generator_c\n'}
[1.690639] (hal_interfaces) StdoutLine: {'line': b'[ 15%] Built target hal_interfaces__rs\n'}
[1.690677] (hal_interfaces) StdoutLine: {'line': b'[ 15%] Built target ament_cmake_python_copy_hal_interfaces\n'}
[1.690712] (hal_interfaces) StdoutLine: {'line': b'[ 25%] Built target hal_interfaces__rosidl_typesupport_fastrtps_c\n'}
[1.690751] (hal_interfaces) StdoutLine: {'line': b'[ 34%] Built target hal_interfaces__rosidl_typesupport_fastrtps_cpp\n'}
[1.690784] (hal_interfaces) StdoutLine: {'line': b'[ 71%] Built target hal_interfaces__rosidl_typesupport_introspection_cpp\n'}
[1.690816] (hal_interfaces) StdoutLine: {'line': b'[ 71%] Built target hal_interfaces__rosidl_typesupport_c\n'}
[1.690850] (hal_interfaces) StdoutLine: {'line': b'[ 71%] Built target hal_interfaces__rosidl_typesupport_introspection_c\n'}
[1.690895] (hal_interfaces) StdoutLine: {'line': b'[ 71%] Built target hal_interfaces__rosidl_typesupport_cpp\n'}
[1.690932] (hal_interfaces) StdoutLine: {'line': b'[ 71%] Built target hal_interfaces\n'}
[1.690964] (hal_interfaces) StdoutLine: {'line': b'[ 75%] Built target hal_interfaces__py\n'}
[1.691003] (hal_interfaces) StdoutLine: {'line': b'[ 81%] Built target hal_interfaces__rosidl_generator_py\n'}
[1.691036] (hal_interfaces) StdoutLine: {'line': b'[ 96%] Built target hal_interfaces__rosidl_typesupport_c__pyext\n'}
[1.691069] (hal_interfaces) StdoutLine: {'line': b'[ 96%] Built target hal_interfaces__rosidl_typesupport_fastrtps_c__pyext\n'}
[1.691107] (hal_interfaces) StdoutLine: {'line': b'[100%] Built target hal_interfaces__rosidl_typesupport_introspection_c__pyext\n'}
[1.691140] (hal_interfaces) StdoutLine: {'line': b'running egg_info\n'}
[1.691174] (hal_interfaces) StdoutLine: {'line': b'writing hal_interfaces.egg-info/PKG-INFO\n'}
[1.691211] (hal_interfaces) StdoutLine: {'line': b'writing dependency_links to hal_interfaces.egg-info/dependency_links.txt\n'}
[1.691243] (hal_interfaces) StdoutLine: {'line': b'writing top-level names to hal_interfaces.egg-info/top_level.txt\n'}
[1.691273] (hal_interfaces) StdoutLine: {'line': b"reading manifest file 'hal_interfaces.egg-info/SOURCES.txt'\n"}
[1.691311] (hal_interfaces) StdoutLine: {'line': b"writing manifest file 'hal_interfaces.egg-info/SOURCES.txt'\n"}
[1.691344] (thesis_interfaces) JobProgress: {'identifier': 'thesis_interfaces', 'progress': 'cmake'}
[1.691656] (thesis_interfaces) JobProgress: {'identifier': 'thesis_interfaces', 'progress': 'build'}
[1.691779] (thesis_interfaces) Command: {'cmd': ['/usr/bin/cmake', '--build', '/home/matheus/thesis_ws/build/thesis_interfaces', '--', '-j12', '-l12'], 'cwd': '/home/matheus/thesis_ws/build/thesis_interfaces', 'env': OrderedDict([('LESSOPEN', '| /usr/bin/lesspipe %s'), ('USER', 'matheus'), ('LC_TIME', 'pt_BR.UTF-8'), ('XDG_SESSION_TYPE', 'x11'), ('SHLVL', '1'), ('LD_LIBRARY_PATH', '/home/matheus/thesis_ws/install/hal_interfaces/lib:/home/matheus/Desktop/TestesROS2/microros_ws/install/micro_ros_agent/lib:/home/matheus/Desktop/TestesROS2/microros_ws/install/micro_ros_msgs/lib:/opt/ros/humble/opt/rviz_ogre_vendor/lib:/opt/ros/humble/lib/x86_64-linux-gnu:/opt/ros/humble/lib'), ('HOME', '/home/matheus'), ('DESKTOP_SESSION', 'ubuntu-xorg'), ('ROS_PYTHON_VERSION', '3'), ('GNOME_SHELL_SESSION_MODE', 'ubuntu'), ('GTK_MODULES', 'gail:atk-bridge'), ('LC_MONETARY', 'pt_BR.UTF-8'), ('LC_CTYPE', 'pt_BR.UTF-8'), ('SYSTEMD_EXEC_PID', '5873'), ('DBUS_SESSION_BUS_ADDRESS', 'unix:path=/run/user/1000/bus'), ('COLORTERM', 'truecolor'), ('COLCON_PREFIX_PATH', '/home/matheus/thesis_ws/install:/home/matheus/Desktop/TestesROS2/ros_unity_ws/install:/home/matheus/Desktop/TestesROS2/microros_ws/install'), ('ROS_DISTRO', 'humble'), ('GTK_IM_MODULE', 'ibus'), ('LOGNAME', 'matheus'), ('_', '/usr/bin/colcon'), ('ROS_VERSION', '2'), ('XDG_SESSION_CLASS', 'user'), ('USERNAME', 'matheus'), ('TERM', 'xterm-256color'), ('GNOME_DESKTOP_SESSION_ID', 'this-is-deprecated'), ('ROS_LOCALHOST_ONLY', '0'), ('WINDOWPATH', '2'), ('PATH', '/opt/ros/humble/bin:/home/matheus/.local/bin:/usr/local/sbin:/usr/local/bin:/usr/sbin:/usr/bin:/sbin:/bin:/usr/games:/usr/local/games:/snap/bin:/snap/bin:/home/matheus/.platformio/penv/bin'), ('SESSION_MANAGER', 'local/matheus-300E5M-300E5L:@/tmp/.ICE-unix/1844,unix/matheus-300E5M-300E5L:/tmp/.ICE-unix/1844'), ('XDG_MENU_PREFIX', 'gnome-'), ('LC_ADDRESS', 'pt_BR.UTF-8'), ('GNOME_TERMINAL_SCREEN', '/org/gnome/Terminal/screen/af976568_ccbf_4557_8f73_0fd5587512bb'), ('XDG_RUNTIME_DIR', '/run/user/1000'), ('DISPLAY', ':0'), ('LANG', 'en_US.UTF-8'), ('XDG_CURRENT_DESKTOP', 'ubuntu:GNOME'), ('LC_TELEPHONE', 'pt_BR.UTF-8'), ('XMODIFIERS', '@im=ibus'), ('XDG_SESSION_DESKTOP', 'ubuntu-xorg'), ('XAUTHORITY', '/run/user/1000/gdm/Xauthority'), ('LS_COLORS', 'rs=0:di=01;34:ln=01;36:mh=00:pi=40;33:so=01;35:do=01;35:bd=40;33;01:cd=40;33;01:or=40;31;01:mi=00:su=37;41:sg=30;43:ca=30;41:tw=30;42:ow=34;42:st=37;44:ex=01;32:*.tar=01;31:*.tgz=01;31:*.arc=01;31:*.arj=01;31:*.taz=01;31:*.lha=01;31:*.lz4=01;31:*.lzh=01;31:*.lzma=01;31:*.tlz=01;31:*.txz=01;31:*.tzo=01;31:*.t7z=01;31:*.zip=01;31:*.z=01;31:*.dz=01;31:*.gz=01;31:*.lrz=01;31:*.lz=01;31:*.lzo=01;31:*.xz=01;31:*.zst=01;31:*.tzst=01;31:*.bz2=01;31:*.bz=01;31:*.tbz=01;31:*.tbz2=01;31:*.tz=01;31:*.deb=01;31:*.rpm=01;31:*.jar=01;31:*.war=01;31:*.ear=01;31:*.sar=01;31:*.rar=01;31:*.alz=01;31:*.ace=01;31:*.zoo=01;31:*.cpio=01;31:*.7z=01;31:*.rz=01;31:*.cab=01;31:*.wim=01;31:*.swm=01;31:*.dwm=01;31:*.esd=01;31:*.jpg=01;35:*.jpeg=01;35:*.mjpg=01;35:*.mjpeg=01;35:*.gif=01;35:*.bmp=01;35:*.pbm=01;35:*.pgm=01;35:*.ppm=01;35:*.tga=01;35:*.xbm=01;35:*.xpm=01;35:*.tif=01;35:*.tiff=01;35:*.png=01;35:*.svg=01;35:*.svgz=01;35:*.mng=01;35:*.pcx=01;35:*.mov=01;35:*.mpg=01;35:*.mpeg=01;35:*.m2v=01;35:*.mkv=01;35:*.webm=01;35:*.webp=01;35:*.ogm=01;35:*.mp4=01;35:*.m4v=01;35:*.mp4v=01;35:*.vob=01;35:*.qt=01;35:*.nuv=01;35:*.wmv=01;35:*.asf=01;35:*.rm=01;35:*.rmvb=01;35:*.flc=01;35:*.avi=01;35:*.fli=01;35:*.flv=01;35:*.gl=01;35:*.dl=01;35:*.xcf=01;35:*.xwd=01;35:*.yuv=01;35:*.cgm=01;35:*.emf=01;35:*.ogv=01;35:*.ogx=01;35:*.aac=00;36:*.au=00;36:*.flac=00;36:*.m4a=00;36:*.mid=00;36:*.midi=00;36:*.mka=00;36:*.mp3=00;36:*.mpc=00;36:*.ogg=00;36:*.ra=00;36:*.wav=00;36:*.oga=00;36:*.opus=00;36:*.spx=00;36:*.xspf=00;36:'), ('GNOME_TERMINAL_SERVICE', ':1.156'), ('SSH_AGENT_LAUNCHER', 'gnome-keyring'), ('SSH_AUTH_SOCK', '/run/user/1000/keyring/ssh'), ('AMENT_PREFIX_PATH', '/home/matheus/thesis_ws/install/thesis_interfaces:/home/matheus/thesis_ws/install/hal_signal_processing:/home/matheus/thesis_ws/install/hal_interfaces:/home/matheus/thesis_ws/install/hal_device_manager:/home/matheus/thesis_ws/install/game_unity_bridge:/home/matheus/thesis_ws/install/game_session:/home/matheus/thesis_ws/install/game_input_mapping:/home/matheus/thesis_ws/install/encoder_guidao:/home/matheus/thesis_ws/install/encoder_device:/home/matheus/thesis_ws/install/data_logger:/home/matheus/Desktop/TestesROS2/ros_unity_ws/install/ros_tcp_endpoint:/home/matheus/Desktop/TestesROS2/microros_ws/install/micro_ros_setup:/home/matheus/Desktop/TestesROS2/microros_ws/install/micro_ros_agent:/home/matheus/Desktop/TestesROS2/microros_ws/install/micro_ros_msgs:/opt/ros/humble'), ('SHELL', '/bin/bash'), ('LC_NAME', 'pt_BR.UTF-8'), ('QT_ACCESSIBILITY', '1'), ('GDMSESSION', 'ubuntu-xorg'), ('LESSCLOSE', '/usr/bin/lesspipe %s %s'), ('LC_MEASUREMENT', 'pt_BR.UTF-8'), ('GPG_AGENT_INFO', '/run/user/1000/gnupg/S.gpg-agent:0:1'), ('LC_IDENTIFICATION', 'pt_BR.UTF-8'), ('QT_IM_MODULE', 'ibus'), ('PWD', '/home/matheus/thesis_ws/build/thesis_interfaces'), ('LC_ALL', 'en_US.UTF-8'), ('XDG_CONFIG_DIRS', '/etc/xdg/xdg-ubuntu-xorg:/etc/xdg'), ('XDG_DATA_DIRS', '/usr/share/ubuntu-xorg:/usr/share/gnome:/usr/local/share/:/usr/share/:/var/lib/snapd/desktop'), ('PYTHONPATH', '/home/matheus/thesis_ws/install/hal_signal_processing/lib/python3.10/site-packages:/home/matheus/thesis_ws/install/hal_interfaces/local/lib/python3.10/dist-packages:/home/matheus/thesis_ws/install/hal_device_manager/lib/python3.10/site-packages:/home/matheus/thesis_ws/install/game_unity_bridge/lib/python3.10/site-packages:/home/matheus/thesis_ws/install/game_session/lib/python3.10/site-packages:/home/matheus/thesis_ws/install/game_input_mapping/lib/python3.10/site-packages:/home/matheus/thesis_ws/install/encoder_guidao/lib/python3.10/site-packages:/home/matheus/thesis_ws/install/encoder_device/lib/python3.10/site-packages:/home/matheus/thesis_ws/install/data_logger/lib/python3.10/site-packages:/home/matheus/Desktop/TestesROS2/ros_unity_ws/install/ros_tcp_endpoint/lib/python3.10/site-packages:/home/matheus/Desktop/TestesROS2/microros_ws/install/micro_ros_msgs/local/lib/python3.10/dist-packages:/opt/ros/humble/lib/python3.10/site-packages:/opt/ros/humble/local/lib/python3.10/dist-packages'), ('LC_NUMERIC', 'pt_BR.UTF-8'), ('LC_PAPER', 'pt_BR.UTF-8'), ('COLCON', '1'), ('VTE_VERSION', '6800'), ('CMAKE_PREFIX_PATH', '/home/matheus/thesis_ws/install/thesis_interfaces:/home/matheus/thesis_ws/install/hal_interfaces:/home/matheus/Desktop/TestesROS2/microros_ws/install/micro_ros_setup:/home/matheus/Desktop/TestesROS2/microros_ws/install/micro_ros_agent:/home/matheus/Desktop/TestesROS2/microros_ws/install/micro_ros_msgs:/home/matheus/thesis_ws/install/hal_signal_processing:/home/matheus/thesis_ws/install/hal_device_manager:/home/matheus/thesis_ws/install/game_unity_bridge:/home/matheus/thesis_ws/install/game_session:/home/matheus/thesis_ws/install/game_input_mapping:/home/matheus/thesis_ws/install/encoder_guidao:/home/matheus/thesis_ws/install/encoder_device:/home/matheus/thesis_ws/install/data_logger:/home/matheus/Desktop/TestesROS2/ros_unity_ws/install/ros_tcp_endpoint:/opt/ros/humble')]), 'shell': False}
[1.693790] (hal_interfaces) StdoutLine: {'line': b'[100%] Built target ament_cmake_python_build_hal_interfaces_egg\n'}
[1.704984] (-) TimerEvent: {}
[1.709663] (hal_interfaces) CommandEnded: {'returncode': 0}
[1.710389] (hal_interfaces) JobProgress: {'identifier': 'hal_interfaces', 'progress': 'install'}
[1.721087] (hal_interfaces) Command: {'cmd': ['/usr/bin/cmake', '--install', '/home/matheus/thesis_ws/build/hal_interfaces'], 'cwd': '/home/matheus/thesis_ws/build/hal_interfaces', 'env': OrderedDict([('LESSOPEN', '| /usr/bin/lesspipe %s'), ('USER', 'matheus'), ('LC_TIME', 'pt_BR.UTF-8'), ('XDG_SESSION_TYPE', 'x11'), ('SHLVL', '1'), ('LD_LIBRARY_PATH', '/home/matheus/thesis_ws/install/hal_interfaces/lib:/home/matheus/Desktop/TestesROS2/microros_ws/install/micro_ros_agent/lib:/home/matheus/Desktop/TestesROS2/microros_ws/install/micro_ros_msgs/lib:/opt/ros/humble/opt/rviz_ogre_vendor/lib:/opt/ros/humble/lib/x86_64-linux-gnu:/opt/ros/humble/lib'), ('HOME', '/home/matheus'), ('DESKTOP_SESSION', 'ubuntu-xorg'), ('ROS_PYTHON_VERSION', '3'), ('GNOME_SHELL_SESSION_MODE', 'ubuntu'), ('GTK_MODULES', 'gail:atk-bridge'), ('LC_MONETARY', 'pt_BR.UTF-8'), ('LC_CTYPE', 'pt_BR.UTF-8'), ('SYSTEMD_EXEC_PID', '5873'), ('DBUS_SESSION_BUS_ADDRESS', 'unix:path=/run/user/1000/bus'), ('COLORTERM', 'truecolor'), ('COLCON_PREFIX_PATH', '/home/matheus/thesis_ws/install:/home/matheus/Desktop/TestesROS2/ros_unity_ws/install:/home/matheus/Desktop/TestesROS2/microros_ws/install'), ('ROS_DISTRO', 'humble'), ('GTK_IM_MODULE', 'ibus'), ('LOGNAME', 'matheus'), ('_', '/usr/bin/colcon'), ('ROS_VERSION', '2'), ('XDG_SESSION_CLASS', 'user'), ('USERNAME', 'matheus'), ('TERM', 'xterm-256color'), ('GNOME_DESKTOP_SESSION_ID', 'this-is-deprecated'), ('ROS_LOCALHOST_ONLY', '0'), ('WINDOWPATH', '2'), ('PATH', '/opt/ros/humble/bin:/home/matheus/.local/bin:/usr/local/sbin:/usr/local/bin:/usr/sbin:/usr/bin:/sbin:/bin:/usr/games:/usr/local/games:/snap/bin:/snap/bin:/home/matheus/.platformio/penv/bin'), ('SESSION_MANAGER', 'local/matheus-300E5M-300E5L:@/tmp/.ICE-unix/1844,unix/matheus-300E5M-300E5L:/tmp/.ICE-unix/1844'), ('XDG_MENU_PREFIX', 'gnome-'), ('LC_ADDRESS', 'pt_BR.UTF-8'), ('GNOME_TERMINAL_SCREEN', '/org/gnome/Terminal/screen/af976568_ccbf_4557_8f73_0fd5587512bb'), ('XDG_RUNTIME_DIR', '/run/user/1000'), ('DISPLAY', ':0'), ('LANG', 'en_US.UTF-8'), ('XDG_CURRENT_DESKTOP', 'ubuntu:GNOME'), ('LC_TELEPHONE', 'pt_BR.UTF-8'), ('XMODIFIERS', '@im=ibus'), ('XDG_SESSION_DESKTOP', 'ubuntu-xorg'), ('XAUTHORITY', '/run/user/1000/gdm/Xauthority'), ('LS_COLORS', 'rs=0:di=01;34:ln=01;36:mh=00:pi=40;33:so=01;35:do=01;35:bd=40;33;01:cd=40;33;01:or=40;31;01:mi=00:su=37;41:sg=30;43:ca=30;41:tw=30;42:ow=34;42:st=37;44:ex=01;32:*.tar=01;31:*.tgz=01;31:*.arc=01;31:*.arj=01;31:*.taz=01;31:*.lha=01;31:*.lz4=01;31:*.lzh=01;31:*.lzma=01;31:*.tlz=01;31:*.txz=01;31:*.tzo=01;31:*.t7z=01;31:*.zip=01;31:*.z=01;31:*.dz=01;31:*.gz=01;31:*.lrz=01;31:*.lz=01;31:*.lzo=01;31:*.xz=01;31:*.zst=01;31:*.tzst=01;31:*.bz2=01;31:*.bz=01;31:*.tbz=01;31:*.tbz2=01;31:*.tz=01;31:*.deb=01;31:*.rpm=01;31:*.jar=01;31:*.war=01;31:*.ear=01;31:*.sar=01;31:*.rar=01;31:*.alz=01;31:*.ace=01;31:*.zoo=01;31:*.cpio=01;31:*.7z=01;31:*.rz=01;31:*.cab=01;31:*.wim=01;31:*.swm=01;31:*.dwm=01;31:*.esd=01;31:*.jpg=01;35:*.jpeg=01;35:*.mjpg=01;35:*.mjpeg=01;35:*.gif=01;35:*.bmp=01;35:*.pbm=01;35:*.pgm=01;35:*.ppm=01;35:*.tga=01;35:*.xbm=01;35:*.xpm=01;35:*.tif=01;35:*.tiff=01;35:*.png=01;35:*.svg=01;35:*.svgz=01;35:*.mng=01;35:*.pcx=01;35:*.mov=01;35:*.mpg=01;35:*.mpeg=01;35:*.m2v=01;35:*.mkv=01;35:*.webm=01;35:*.webp=01;35:*.ogm=01;35:*.mp4=01;35:*.m4v=01;35:*.mp4v=01;35:*.vob=01;35:*.qt=01;35:*.nuv=01;35:*.wmv=01;35:*.asf=01;35:*.rm=01;35:*.rmvb=01;35:*.flc=01;35:*.avi=01;35:*.fli=01;35:*.flv=01;35:*.gl=01;35:*.dl=01;35:*.xcf=01;35:*.xwd=01;35:*.yuv=01;35:*.cgm=01;35:*.emf=01;35:*.ogv=01;35:*.ogx=01;35:*.aac=00;36:*.au=00;36:*.flac=00;36:*.m4a=00;36:*.mid=00;36:*.midi=00;36:*.mka=00;36:*.mp3=00;36:*.mpc=00;36:*.ogg=00;36:*.ra=00;36:*.wav=00;36:*.oga=00;36:*.opus=00;36:*.spx=00;36:*.xspf=00;36:'), ('GNOME_TERMINAL_SERVICE', ':1.156'), ('SSH_AGENT_LAUNCHER', 'gnome-keyring'), ('SSH_AUTH_SOCK', '/run/user/1000/keyring/ssh'), ('AMENT_PREFIX_PATH', '/home/matheus/thesis_ws/install/thesis_interfaces:/home/matheus/thesis_ws/install/hal_signal_processing:/home/matheus/thesis_ws/install/hal_interfaces:/home/matheus/thesis_ws/install/hal_device_manager:/home/matheus/thesis_ws/install/game_unity_bridge:/home/matheus/thesis_ws/install/game_session:/home/matheus/thesis_ws/install/game_input_mapping:/home/matheus/thesis_ws/install/encoder_guidao:/home/matheus/thesis_ws/install/encoder_device:/home/matheus/thesis_ws/install/data_logger:/home/matheus/Desktop/TestesROS2/ros_unity_ws/install/ros_tcp_endpoint:/home/matheus/Desktop/TestesROS2/microros_ws/install/micro_ros_setup:/home/matheus/Desktop/TestesROS2/microros_ws/install/micro_ros_agent:/home/matheus/Desktop/TestesROS2/microros_ws/install/micro_ros_msgs:/opt/ros/humble'), ('SHELL', '/bin/bash'), ('LC_NAME', 'pt_BR.UTF-8'), ('QT_ACCESSIBILITY', '1'), ('GDMSESSION', 'ubuntu-xorg'), ('LESSCLOSE', '/usr/bin/lesspipe %s %s'), ('LC_MEASUREMENT', 'pt_BR.UTF-8'), ('GPG_AGENT_INFO', '/run/user/1000/gnupg/S.gpg-agent:0:1'), ('LC_IDENTIFICATION', 'pt_BR.UTF-8'), ('QT_IM_MODULE', 'ibus'), ('PWD', '/home/matheus/thesis_ws/build/hal_interfaces'), ('LC_ALL', 'en_US.UTF-8'), ('XDG_CONFIG_DIRS', '/etc/xdg/xdg-ubuntu-xorg:/etc/xdg'), ('XDG_DATA_DIRS', '/usr/share/ubuntu-xorg:/usr/share/gnome:/usr/local/share/:/usr/share/:/var/lib/snapd/desktop'), ('PYTHONPATH', '/home/matheus/thesis_ws/install/hal_signal_processing/lib/python3.10/site-packages:/home/matheus/thesis_ws/install/hal_interfaces/local/lib/python3.10/dist-packages:/home/matheus/thesis_ws/install/hal_device_manager/lib/python3.10/site-packages:/home/matheus/thesis_ws/install/game_unity_bridge/lib/python3.10/site-packages:/home/matheus/thesis_ws/install/game_session/lib/python3.10/site-packages:/home/matheus/thesis_ws/install/game_input_mapping/lib/python3.10/site-packages:/home/matheus/thesis_ws/install/encoder_guidao/lib/python3.10/site-packages:/home/matheus/thesis_ws/install/encoder_device/lib/python3.10/site-packages:/home/matheus/thesis_ws/install/data_logger/lib/python3.10/site-packages:/home/matheus/Desktop/TestesROS2/ros_unity_ws/install/ros_tcp_endpoint/lib/python3.10/site-packages:/home/matheus/Desktop/TestesROS2/microros_ws/install/micro_ros_msgs/local/lib/python3.10/dist-packages:/opt/ros/humble/lib/python3.10/site-packages:/opt/ros/humble/local/lib/python3.10/dist-packages'), ('LC_NUMERIC', 'pt_BR.UTF-8'), ('LC_PAPER', 'pt_BR.UTF-8'), ('COLCON', '1'), ('VTE_VERSION', '6800'), ('CMAKE_PREFIX_PATH', '/home/matheus/thesis_ws/install/thesis_interfaces:/home/matheus/thesis_ws/install/hal_interfaces:/home/matheus/Desktop/TestesROS2/microros_ws/install/micro_ros_setup:/home/matheus/Desktop/TestesROS2/microros_ws/install/micro_ros_agent:/home/matheus/Desktop/TestesROS2/microros_ws/install/micro_ros_msgs:/home/matheus/thesis_ws/install/hal_signal_processing:/home/matheus/thesis_ws/install/hal_device_manager:/home/matheus/thesis_ws/install/game_unity_bridge:/home/matheus/thesis_ws/install/game_session:/home/matheus/thesis_ws/install/game_input_mapping:/home/matheus/thesis_ws/install/encoder_guidao:/home/matheus/thesis_ws/install/encoder_device:/home/matheus/thesis_ws/install/data_logger:/home/matheus/Desktop/TestesROS2/ros_unity_ws/install/ros_tcp_endpoint:/opt/ros/humble')]), 'shell': False}
[1.730074] (hal_interfaces) StdoutLine: {'line': b'-- Install configuration: ""\n'}
[1.730287] (hal_interfaces) StdoutLine: {'line': b'-- Up-to-date: /home/matheus/thesis_ws/install/hal_interfaces/share/ament_index/resource_index/rosidl_interfaces/hal_interfaces\n'}
[1.730420] (hal_interfaces) StdoutLine: {'line': b'-- Up-to-date: /home/matheus/thesis_ws/install/hal_interfaces/include/hal_interfaces/hal_interfaces\n'}
[1.733077] (hal_interfaces) StdoutLine: {'line': b'-- Up-to-date: /home/matheus/thesis_ws/install/hal_interfaces/include/hal_interfaces/hal_interfaces/msg\n'}
[1.733326] (hal_interfaces) StdoutLine: {'line': b'-- Up-to-date: /home/matheus/thesis_ws/install/hal_interfaces/include/hal_interfaces/hal_interfaces/msg/rosidl_generator_c__visibility_control.h\n'}
[1.733407] (hal_interfaces) StdoutLine: {'line': b'-- Up-to-date: /home/matheus/thesis_ws/install/hal_interfaces/include/hal_interfaces/hal_interfaces/srv\n'}
[1.733642] (hal_interfaces) StdoutLine: {'line': b'-- Up-to-date: /home/matheus/thesis_ws/install/hal_interfaces/include/hal_interfaces/hal_interfaces/srv/set_string.h\n'}
[1.733869] (hal_interfaces) StdoutLine: {'line': b'-- Up-to-date: /home/matheus/thesis_ws/install/hal_interfaces/include/hal_interfaces/hal_interfaces/srv/detail\n'}
[1.734520] (hal_interfaces) StdoutLine: {'line': b'-- Up-to-date: /home/matheus/thesis_ws/install/hal_interfaces/include/hal_interfaces/hal_interfaces/srv/detail/set_string__struct.h\n'}
[1.734691] (hal_interfaces) StdoutLine: {'line': b'-- Up-to-date: /home/matheus/thesis_ws/install/hal_interfaces/include/hal_interfaces/hal_interfaces/srv/detail/set_string__functions.h\n'}
[1.734859] (hal_interfaces) StdoutLine: {'line': b'-- Up-to-date: /home/matheus/thesis_ws/install/hal_interfaces/include/hal_interfaces/hal_interfaces/srv/detail/set_string__type_support.h\n'}
[1.734968] (hal_interfaces) StdoutLine: {'line': b'-- Up-to-date: /home/matheus/thesis_ws/install/hal_interfaces/include/hal_interfaces/hal_interfaces/srv/detail/set_string__functions.c\n'}
[1.735052] (hal_interfaces) StdoutLine: {'line': b'-- Up-to-date: /home/matheus/thesis_ws/install/hal_interfaces/share/hal_interfaces/environment/library_path.sh\n'}
[1.735130] (hal_interfaces) StdoutLine: {'line': b'-- Up-to-date: /home/matheus/thesis_ws/install/hal_interfaces/share/hal_interfaces/environment/library_path.dsv\n'}
[1.735209] (hal_interfaces) StdoutLine: {'line': b'-- Up-to-date: /home/matheus/thesis_ws/install/hal_interfaces/lib/libhal_interfaces__rosidl_generator_c.so\n'}
[1.735322] (hal_interfaces) StdoutLine: {'line': b'-- Up-to-date: /home/matheus/thesis_ws/install/hal_interfaces/include/hal_interfaces/hal_interfaces\n'}
[1.735412] (hal_interfaces) StdoutLine: {'line': b'-- Up-to-date: /home/matheus/thesis_ws/install/hal_interfaces/include/hal_interfaces/hal_interfaces/msg\n'}
[1.735496] (hal_interfaces) StdoutLine: {'line': b'-- Up-to-date: /home/matheus/thesis_ws/install/hal_interfaces/include/hal_interfaces/hal_interfaces/msg/rosidl_typesupport_fastrtps_c__visibility_control.h\n'}
[1.735576] (hal_interfaces) StdoutLine: {'line': b'-- Up-to-date: /home/matheus/thesis_ws/install/hal_interfaces/include/hal_interfaces/hal_interfaces/srv\n'}
[1.735663] (hal_interfaces) StdoutLine: {'line': b'-- Up-to-date: /home/matheus/thesis_ws/install/hal_interfaces/include/hal_interfaces/hal_interfaces/srv/detail\n'}
[1.735756] (hal_interfaces) StdoutLine: {'line': b'-- Up-to-date: /home/matheus/thesis_ws/install/hal_interfaces/include/hal_interfaces/hal_interfaces/srv/detail/set_string__rosidl_typesupport_fastrtps_c.h\n'}
[1.735849] (hal_interfaces) StdoutLine: {'line': b'-- Up-to-date: /home/matheus/thesis_ws/install/hal_interfaces/lib/libhal_interfaces__rosidl_typesupport_fastrtps_c.so\n'}
[1.739108] (hal_interfaces) StdoutLine: {'line': b'-- Up-to-date: /home/matheus/thesis_ws/install/hal_interfaces/include/hal_interfaces/hal_interfaces\n'}
[1.739226] (hal_interfaces) StdoutLine: {'line': b'-- Up-to-date: /home/matheus/thesis_ws/install/hal_interfaces/include/hal_interfaces/hal_interfaces/msg\n'}
[1.739300] (hal_interfaces) StdoutLine: {'line': b'-- Up-to-date: /home/matheus/thesis_ws/install/hal_interfaces/include/hal_interfaces/hal_interfaces/msg/rosidl_typesupport_introspection_c__visibility_control.h\n'}
[1.739390] (hal_interfaces) StdoutLine: {'line': b'-- Up-to-date: /home/matheus/thesis_ws/install/hal_interfaces/include/hal_interfaces/hal_interfaces/srv\n'}
[1.739458] (hal_interfaces) StdoutLine: {'line': b'-- Up-to-date: /home/matheus/thesis_ws/install/hal_interfaces/include/hal_interfaces/hal_interfaces/srv/detail\n'}
[1.739523] (hal_interfaces) StdoutLine: {'line': b'-- Up-to-date: /home/matheus/thesis_ws/install/hal_interfaces/include/hal_interfaces/hal_interfaces/srv/detail/set_string__type_support.c\n'}
[1.739591] (hal_interfaces) StdoutLine: {'line': b'-- Up-to-date: /home/matheus/thesis_ws/install/hal_interfaces/include/hal_interfaces/hal_interfaces/srv/detail/set_string__rosidl_typesupport_introspection_c.h\n'}
[1.739660] (hal_interfaces) StdoutLine: {'line': b'-- Up-to-date: /home/matheus/thesis_ws/install/hal_interfaces/lib/libhal_interfaces__rosidl_typesupport_introspection_c.so\n'}
[1.739731] (hal_interfaces) StdoutLine: {'line': b'-- Up-to-date: /home/matheus/thesis_ws/install/hal_interfaces/lib/libhal_interfaces__rosidl_typesupport_c.so\n'}
[1.739799] (hal_interfaces) StdoutLine: {'line': b'-- Up-to-date: /home/matheus/thesis_ws/install/hal_interfaces/include/hal_interfaces/hal_interfaces\n'}
[1.739866] (hal_interfaces) StdoutLine: {'line': b'-- Up-to-date: /home/matheus/thesis_ws/install/hal_interfaces/include/hal_interfaces/hal_interfaces/msg\n'}
[1.739961] (hal_interfaces) StdoutLine: {'line': b'-- Up-to-date: /home/matheus/thesis_ws/install/hal_interfaces/include/hal_interfaces/hal_interfaces/msg/rosidl_generator_cpp__visibility_control.hpp\n'}
[1.740032] (hal_interfaces) StdoutLine: {'line': b'-- Up-to-date: /home/matheus/thesis_ws/install/hal_interfaces/include/hal_interfaces/hal_interfaces/srv\n'}
[1.740098] (hal_interfaces) StdoutLine: {'line': b'-- Up-to-date: /home/matheus/thesis_ws/install/hal_interfaces/include/hal_interfaces/hal_interfaces/srv/set_string.hpp\n'}
[1.740165] (hal_interfaces) StdoutLine: {'line': b'-- Up-to-date: /home/matheus/thesis_ws/install/hal_interfaces/include/hal_interfaces/hal_interfaces/srv/detail\n'}
[1.740240] (hal_interfaces) StdoutLine: {'line': b'-- Up-to-date: /home/matheus/thesis_ws/install/hal_interfaces/include/hal_interfaces/hal_interfaces/srv/detail/set_string__builder.hpp\n'}
[1.740311] (hal_interfaces) StdoutLine: {'line': b'-- Up-to-date: /home/matheus/thesis_ws/install/hal_interfaces/include/hal_interfaces/hal_interfaces/srv/detail/set_string__struct.hpp\n'}
[1.740378] (hal_interfaces) StdoutLine: {'line': b'-- Up-to-date: /home/matheus/thesis_ws/install/hal_interfaces/include/hal_interfaces/hal_interfaces/srv/detail/set_string__type_support.hpp\n'}
[1.740447] (hal_interfaces) StdoutLine: {'line': b'-- Up-to-date: /home/matheus/thesis_ws/install/hal_interfaces/include/hal_interfaces/hal_interfaces/srv/detail/set_string__traits.hpp\n'}
[1.740511] (hal_interfaces) StdoutLine: {'line': b'-- Up-to-date: /home/matheus/thesis_ws/install/hal_interfaces/include/hal_interfaces/hal_interfaces\n'}
[1.740579] (hal_interfaces) StdoutLine: {'line': b'-- Up-to-date: /home/matheus/thesis_ws/install/hal_interfaces/include/hal_interfaces/hal_interfaces/msg\n'}
[1.740650] (hal_interfaces) StdoutLine: {'line': b'-- Up-to-date: /home/matheus/thesis_ws/install/hal_interfaces/include/hal_interfaces/hal_interfaces/msg/rosidl_typesupport_fastrtps_cpp__visibility_control.h\n'}
[1.740719] (hal_interfaces) StdoutLine: {'line': b'-- Up-to-date: /home/matheus/thesis_ws/install/hal_interfaces/include/hal_interfaces/hal_interfaces/srv\n'}
[1.740785] (hal_interfaces) StdoutLine: {'line': b'-- Up-to-date: /home/matheus/thesis_ws/install/hal_interfaces/include/hal_interfaces/hal_interfaces/srv/detail\n'}
[1.740850] (hal_interfaces) StdoutLine: {'line': b'-- Up-to-date: /home/matheus/thesis_ws/install/hal_interfaces/include/hal_interfaces/hal_interfaces/srv/detail/dds_fastrtps\n'}
[1.740935] (hal_interfaces) StdoutLine: {'line': b'-- Up-to-date: /home/matheus/thesis_ws/install/hal_interfaces/include/hal_interfaces/hal_interfaces/srv/detail/set_string__rosidl_typesupport_fastrtps_cpp.hpp\n'}
[1.741011] (hal_interfaces) StdoutLine: {'line': b'-- Up-to-date: /home/matheus/thesis_ws/install/hal_interfaces/lib/libhal_interfaces__rosidl_typesupport_fastrtps_cpp.so\n'}
[1.741080] (hal_interfaces) StdoutLine: {'line': b'-- Up-to-date: /home/matheus/thesis_ws/install/hal_interfaces/include/hal_interfaces/hal_interfaces\n'}
[1.741149] (hal_interfaces) StdoutLine: {'line': b'-- Up-to-date: /home/matheus/thesis_ws/install/hal_interfaces/include/hal_interfaces/hal_interfaces/srv\n'}
[1.741223] (hal_interfaces) StdoutLine: {'line': b'-- Up-to-date: /home/matheus/thesis_ws/install/hal_interfaces/include/hal_interfaces/hal_interfaces/srv/detail\n'}
[1.741295] (hal_interfaces) StdoutLine: {'line': b'-- Up-to-date: /home/matheus/thesis_ws/install/hal_interfaces/include/hal_interfaces/hal_interfaces/srv/detail/set_string__rosidl_typesupport_introspection_cpp.hpp\n'}
[1.741365] (hal_interfaces) StdoutLine: {'line': b'-- Up-to-date: /home/matheus/thesis_ws/install/hal_interfaces/include/hal_interfaces/hal_interfaces/srv/detail/set_string__type_support.cpp\n'}
[1.741439] (hal_interfaces) StdoutLine: {'line': b'-- Up-to-date: /home/matheus/thesis_ws/install/hal_interfaces/lib/libhal_interfaces__rosidl_typesupport_introspection_cpp.so\n'}
[1.741511] (hal_interfaces) StdoutLine: {'line': b'-- Up-to-date: /home/matheus/thesis_ws/install/hal_interfaces/lib/libhal_interfaces__rosidl_typesupport_cpp.so\n'}
[1.741594] (hal_interfaces) StdoutLine: {'line': b'-- Up-to-date: /home/matheus/thesis_ws/install/hal_interfaces/share/hal_interfaces/environment/pythonpath.sh\n'}
[1.741666] (hal_interfaces) StdoutLine: {'line': b'-- Up-to-date: /home/matheus/thesis_ws/install/hal_interfaces/share/hal_interfaces/environment/pythonpath.dsv\n'}
[1.741746] (hal_interfaces) StdoutLine: {'line': b'-- Up-to-date: /home/matheus/thesis_ws/install/hal_interfaces/local/lib/python3.10/dist-packages/hal_interfaces-0.0.0-py3.10.egg-info\n'}
[1.741814] (hal_interfaces) StdoutLine: {'line': b'-- Installing: /home/matheus/thesis_ws/install/hal_interfaces/local/lib/python3.10/dist-packages/hal_interfaces-0.0.0-py3.10.egg-info/dependency_links.txt\n'}
[1.741881] (thesis_interfaces) CommandEnded: {'returncode': 0}
[1.746099] (hal_interfaces) StdoutLine: {'line': b'-- Installing: /home/matheus/thesis_ws/install/hal_interfaces/local/lib/python3.10/dist-packages/hal_interfaces-0.0.0-py3.10.egg-info/top_level.txt\n'}
[1.746357] (hal_interfaces) StdoutLine: {'line': b'-- Installing: /home/matheus/thesis_ws/install/hal_interfaces/local/lib/python3.10/dist-packages/hal_interfaces-0.0.0-py3.10.egg-info/SOURCES.txt\n'}
[1.746435] (hal_interfaces) StdoutLine: {'line': b'-- Installing: /home/matheus/thesis_ws/install/hal_interfaces/local/lib/python3.10/dist-packages/hal_interfaces-0.0.0-py3.10.egg-info/PKG-INFO\n'}
[1.746492] (hal_interfaces) StdoutLine: {'line': b'-- Up-to-date: /home/matheus/thesis_ws/install/hal_interfaces/local/lib/python3.10/dist-packages/hal_interfaces\n'}
[1.746544] (hal_interfaces) StdoutLine: {'line': b'-- Up-to-date: /home/matheus/thesis_ws/install/hal_interfaces/local/lib/python3.10/dist-packages/hal_interfaces/_hal_interfaces_s.ep.rosidl_typesupport_introspection_c.c\n'}
[1.746603] (hal_interfaces) StdoutLine: {'line': b'-- Up-to-date: /home/matheus/thesis_ws/install/hal_interfaces/local/lib/python3.10/dist-packages/hal_interfaces/srv\n'}
[1.746664] (hal_interfaces) StdoutLine: {'line': b'-- Up-to-date: /home/matheus/thesis_ws/install/hal_interfaces/local/lib/python3.10/dist-packages/hal_interfaces/srv/_set_string_s.c\n'}
[1.746721] (hal_interfaces) StdoutLine: {'line': b'-- Up-to-date: /home/matheus/thesis_ws/install/hal_interfaces/local/lib/python3.10/dist-packages/hal_interfaces/srv/_set_string.py\n'}
[1.746770] (hal_interfaces) StdoutLine: {'line': b'-- Up-to-date: /home/matheus/thesis_ws/install/hal_interfaces/local/lib/python3.10/dist-packages/hal_interfaces/srv/__init__.py\n'}
[1.746823] (hal_interfaces) StdoutLine: {'line': b'-- Up-to-date: /home/matheus/thesis_ws/install/hal_interfaces/local/lib/python3.10/dist-packages/hal_interfaces/libhal_interfaces__rosidl_generator_py.so\n'}
[1.746879] (hal_interfaces) StdoutLine: {'line': b'-- Up-to-date: /home/matheus/thesis_ws/install/hal_interfaces/local/lib/python3.10/dist-packages/hal_interfaces/_hal_interfaces_s.ep.rosidl_typesupport_c.c\n'}
[1.746955] (hal_interfaces) StdoutLine: {'line': b'-- Up-to-date: /home/matheus/thesis_ws/install/hal_interfaces/local/lib/python3.10/dist-packages/hal_interfaces/_hal_interfaces_s.ep.rosidl_typesupport_fastrtps_c.c\n'}
[1.747015] (hal_interfaces) StdoutLine: {'line': b'-- Up-to-date: /home/matheus/thesis_ws/install/hal_interfaces/local/lib/python3.10/dist-packages/hal_interfaces/hal_interfaces_s__rosidl_typesupport_fastrtps_c.cpython-310-x86_64-linux-gnu.so\n'}
[1.747068] (hal_interfaces) StdoutLine: {'line': b'-- Up-to-date: /home/matheus/thesis_ws/install/hal_interfaces/local/lib/python3.10/dist-packages/hal_interfaces/__init__.py\n'}
[1.747121] (hal_interfaces) StdoutLine: {'line': b'-- Up-to-date: /home/matheus/thesis_ws/install/hal_interfaces/local/lib/python3.10/dist-packages/hal_interfaces/hal_interfaces_s__rosidl_typesupport_introspection_c.cpython-310-x86_64-linux-gnu.so\n'}
[1.747172] (hal_interfaces) StdoutLine: {'line': b'-- Up-to-date: /home/matheus/thesis_ws/install/hal_interfaces/local/lib/python3.10/dist-packages/hal_interfaces/hal_interfaces_s__rosidl_typesupport_c.cpython-310-x86_64-linux-gnu.so\n'}
[1.747232] (thesis_interfaces) JobProgress: {'identifier': 'thesis_interfaces', 'progress': 'install'}
[1.747254] (thesis_interfaces) Command: {'cmd': ['/usr/bin/cmake', '--install', '/home/matheus/thesis_ws/build/thesis_interfaces'], 'cwd': '/home/matheus/thesis_ws/build/thesis_interfaces', 'env': OrderedDict([('LESSOPEN', '| /usr/bin/lesspipe %s'), ('USER', 'matheus'), ('LC_TIME', 'pt_BR.UTF-8'), ('XDG_SESSION_TYPE', 'x11'), ('SHLVL', '1'), ('LD_LIBRARY_PATH', '/home/matheus/thesis_ws/install/hal_interfaces/lib:/home/matheus/Desktop/TestesROS2/microros_ws/install/micro_ros_agent/lib:/home/matheus/Desktop/TestesROS2/microros_ws/install/micro_ros_msgs/lib:/opt/ros/humble/opt/rviz_ogre_vendor/lib:/opt/ros/humble/lib/x86_64-linux-gnu:/opt/ros/humble/lib'), ('HOME', '/home/matheus'), ('DESKTOP_SESSION', 'ubuntu-xorg'), ('ROS_PYTHON_VERSION', '3'), ('GNOME_SHELL_SESSION_MODE', 'ubuntu'), ('GTK_MODULES', 'gail:atk-bridge'), ('LC_MONETARY', 'pt_BR.UTF-8'), ('LC_CTYPE', 'pt_BR.UTF-8'), ('SYSTEMD_EXEC_PID', '5873'), ('DBUS_SESSION_BUS_ADDRESS', 'unix:path=/run/user/1000/bus'), ('COLORTERM', 'truecolor'), ('COLCON_PREFIX_PATH', '/home/matheus/thesis_ws/install:/home/matheus/Desktop/TestesROS2/ros_unity_ws/install:/home/matheus/Desktop/TestesROS2/microros_ws/install'), ('ROS_DISTRO', 'humble'), ('GTK_IM_MODULE', 'ibus'), ('LOGNAME', 'matheus'), ('_', '/usr/bin/colcon'), ('ROS_VERSION', '2'), ('XDG_SESSION_CLASS', 'user'), ('USERNAME', 'matheus'), ('TERM', 'xterm-256color'), ('GNOME_DESKTOP_SESSION_ID', 'this-is-deprecated'), ('ROS_LOCALHOST_ONLY', '0'), ('WINDOWPATH', '2'), ('PATH', '/opt/ros/humble/bin:/home/matheus/.local/bin:/usr/local/sbin:/usr/local/bin:/usr/sbin:/usr/bin:/sbin:/bin:/usr/games:/usr/local/games:/snap/bin:/snap/bin:/home/matheus/.platformio/penv/bin'), ('SESSION_MANAGER', 'local/matheus-300E5M-300E5L:@/tmp/.ICE-unix/1844,unix/matheus-300E5M-300E5L:/tmp/.ICE-unix/1844'), ('XDG_MENU_PREFIX', 'gnome-'), ('LC_ADDRESS', 'pt_BR.UTF-8'), ('GNOME_TERMINAL_SCREEN', '/org/gnome/Terminal/screen/af976568_ccbf_4557_8f73_0fd5587512bb'), ('XDG_RUNTIME_DIR', '/run/user/1000'), ('DISPLAY', ':0'), ('LANG', 'en_US.UTF-8'), ('XDG_CURRENT_DESKTOP', 'ubuntu:GNOME'), ('LC_TELEPHONE', 'pt_BR.UTF-8'), ('XMODIFIERS', '@im=ibus'), ('XDG_SESSION_DESKTOP', 'ubuntu-xorg'), ('XAUTHORITY', '/run/user/1000/gdm/Xauthority'), ('LS_COLORS', 'rs=0:di=01;34:ln=01;36:mh=00:pi=40;33:so=01;35:do=01;35:bd=40;33;01:cd=40;33;01:or=40;31;01:mi=00:su=37;41:sg=30;43:ca=30;41:tw=30;42:ow=34;42:st=37;44:ex=01;32:*.tar=01;31:*.tgz=01;31:*.arc=01;31:*.arj=01;31:*.taz=01;31:*.lha=01;31:*.lz4=01;31:*.lzh=01;31:*.lzma=01;31:*.tlz=01;31:*.txz=01;31:*.tzo=01;31:*.t7z=01;31:*.zip=01;31:*.z=01;31:*.dz=01;31:*.gz=01;31:*.lrz=01;31:*.lz=01;31:*.lzo=01;31:*.xz=01;31:*.zst=01;31:*.tzst=01;31:*.bz2=01;31:*.bz=01;31:*.tbz=01;31:*.tbz2=01;31:*.tz=01;31:*.deb=01;31:*.rpm=01;31:*.jar=01;31:*.war=01;31:*.ear=01;31:*.sar=01;31:*.rar=01;31:*.alz=01;31:*.ace=01;31:*.zoo=01;31:*.cpio=01;31:*.7z=01;31:*.rz=01;31:*.cab=01;31:*.wim=01;31:*.swm=01;31:*.dwm=01;31:*.esd=01;31:*.jpg=01;35:*.jpeg=01;35:*.mjpg=01;35:*.mjpeg=01;35:*.gif=01;35:*.bmp=01;35:*.pbm=01;35:*.pgm=01;35:*.ppm=01;35:*.tga=01;35:*.xbm=01;35:*.xpm=01;35:*.tif=01;35:*.tiff=01;35:*.png=01;35:*.svg=01;35:*.svgz=01;35:*.mng=01;35:*.pcx=01;35:*.mov=01;35:*.mpg=01;35:*.mpeg=01;35:*.m2v=01;35:*.mkv=01;35:*.webm=01;35:*.webp=01;35:*.ogm=01;35:*.mp4=01;35:*.m4v=01;35:*.mp4v=01;35:*.vob=01;35:*.qt=01;35:*.nuv=01;35:*.wmv=01;35:*.asf=01;35:*.rm=01;35:*.rmvb=01;35:*.flc=01;35:*.avi=01;35:*.fli=01;35:*.flv=01;35:*.gl=01;35:*.dl=01;35:*.xcf=01;35:*.xwd=01;35:*.yuv=01;35:*.cgm=01;35:*.emf=01;35:*.ogv=01;35:*.ogx=01;35:*.aac=00;36:*.au=00;36:*.flac=00;36:*.m4a=00;36:*.mid=00;36:*.midi=00;36:*.mka=00;36:*.mp3=00;36:*.mpc=00;36:*.ogg=00;36:*.ra=00;36:*.wav=00;36:*.oga=00;36:*.opus=00;36:*.spx=00;36:*.xspf=00;36:'), ('GNOME_TERMINAL_SERVICE', ':1.156'), ('SSH_AGENT_LAUNCHER', 'gnome-keyring'), ('SSH_AUTH_SOCK', '/run/user/1000/keyring/ssh'), ('AMENT_PREFIX_PATH', '/home/matheus/thesis_ws/install/thesis_interfaces:/home/matheus/thesis_ws/install/hal_signal_processing:/home/matheus/thesis_ws/install/hal_interfaces:/home/matheus/thesis_ws/install/hal_device_manager:/home/matheus/thesis_ws/install/game_unity_bridge:/home/matheus/thesis_ws/install/game_session:/home/matheus/thesis_ws/install/game_input_mapping:/home/matheus/thesis_ws/install/encoder_guidao:/home/matheus/thesis_ws/install/encoder_device:/home/matheus/thesis_ws/install/data_logger:/home/matheus/Desktop/TestesROS2/ros_unity_ws/install/ros_tcp_endpoint:/home/matheus/Desktop/TestesROS2/microros_ws/install/micro_ros_setup:/home/matheus/Desktop/TestesROS2/microros_ws/install/micro_ros_agent:/home/matheus/Desktop/TestesROS2/microros_ws/install/micro_ros_msgs:/opt/ros/humble'), ('SHELL', '/bin/bash'), ('LC_NAME', 'pt_BR.UTF-8'), ('QT_ACCESSIBILITY', '1'), ('GDMSESSION', 'ubuntu-xorg'), ('LESSCLOSE', '/usr/bin/lesspipe %s %s'), ('LC_MEASUREMENT', 'pt_BR.UTF-8'), ('GPG_AGENT_INFO', '/run/user/1000/gnupg/S.gpg-agent:0:1'), ('LC_IDENTIFICATION', 'pt_BR.UTF-8'), ('QT_IM_MODULE', 'ibus'), ('PWD', '/home/matheus/thesis_ws/build/thesis_interfaces'), ('LC_ALL', 'en_US.UTF-8'), ('XDG_CONFIG_DIRS', '/etc/xdg/xdg-ubuntu-xorg:/etc/xdg'), ('XDG_DATA_DIRS', '/usr/share/ubuntu-xorg:/usr/share/gnome:/usr/local/share/:/usr/share/:/var/lib/snapd/desktop'), ('PYTHONPATH', '/home/matheus/thesis_ws/install/hal_signal_processing/lib/python3.10/site-packages:/home/matheus/thesis_ws/install/hal_interfaces/local/lib/python3.10/dist-packages:/home/matheus/thesis_ws/install/hal_device_manager/lib/python3.10/site-packages:/home/matheus/thesis_ws/install/game_unity_bridge/lib/python3.10/site-packages:/home/matheus/thesis_ws/install/game_session/lib/python3.10/site-packages:/home/matheus/thesis_ws/install/game_input_mapping/lib/python3.10/site-packages:/home/matheus/thesis_ws/install/encoder_guidao/lib/python3.10/site-packages:/home/matheus/thesis_ws/install/encoder_device/lib/python3.10/site-packages:/home/matheus/thesis_ws/install/data_logger/lib/python3.10/site-packages:/home/matheus/Desktop/TestesROS2/ros_unity_ws/install/ros_tcp_endpoint/lib/python3.10/site-packages:/home/matheus/Desktop/TestesROS2/microros_ws/install/micro_ros_msgs/local/lib/python3.10/dist-packages:/opt/ros/humble/lib/python3.10/site-packages:/opt/ros/humble/local/lib/python3.10/dist-packages'), ('LC_NUMERIC', 'pt_BR.UTF-8'), ('LC_PAPER', 'pt_BR.UTF-8'), ('COLCON', '1'), ('VTE_VERSION', '6800'), ('CMAKE_PREFIX_PATH', '/home/matheus/thesis_ws/install/thesis_interfaces:/home/matheus/thesis_ws/install/hal_interfaces:/home/matheus/Desktop/TestesROS2/microros_ws/install/micro_ros_setup:/home/matheus/Desktop/TestesROS2/microros_ws/install/micro_ros_agent:/home/matheus/Desktop/TestesROS2/microros_ws/install/micro_ros_msgs:/home/matheus/thesis_ws/install/hal_signal_processing:/home/matheus/thesis_ws/install/hal_device_manager:/home/matheus/thesis_ws/install/game_unity_bridge:/home/matheus/thesis_ws/install/game_session:/home/matheus/thesis_ws/install/game_input_mapping:/home/matheus/thesis_ws/install/encoder_guidao:/home/matheus/thesis_ws/install/encoder_device:/home/matheus/thesis_ws/install/data_logger:/home/matheus/Desktop/TestesROS2/ros_unity_ws/install/ros_tcp_endpoint:/opt/ros/humble')]), 'shell': False}
[1.758226] (thesis_interfaces) StdoutLine: {'line': b'-- Install configuration: ""\n'}
[1.758712] (thesis_interfaces) StdoutLine: {'line': b'-- Up-to-date: /home/matheus/thesis_ws/install/thesis_interfaces/share/ament_index/resource_index/package_run_dependencies/thesis_interfaces\n'}
[1.758816] (thesis_interfaces) StdoutLine: {'line': b'-- Up-to-date: /home/matheus/thesis_ws/install/thesis_interfaces/share/ament_index/resource_index/parent_prefix_path/thesis_interfaces\n'}
[1.758878] (thesis_interfaces) StdoutLine: {'line': b'-- Up-to-date: /home/matheus/thesis_ws/install/thesis_interfaces/share/thesis_interfaces/environment/ament_prefix_path.sh\n'}
[1.759483] (thesis_interfaces) StdoutLine: {'line': b'-- Up-to-date: /home/matheus/thesis_ws/install/thesis_interfaces/share/thesis_interfaces/environment/ament_prefix_path.dsv\n'}
[1.759588] (thesis_interfaces) StdoutLine: {'line': b'-- Up-to-date: /home/matheus/thesis_ws/install/thesis_interfaces/share/thesis_interfaces/environment/path.sh\n'}
[1.759652] (thesis_interfaces) StdoutLine: {'line': b'-- Up-to-date: /home/matheus/thesis_ws/install/thesis_interfaces/share/thesis_interfaces/environment/path.dsv\n'}
[1.759710] (thesis_interfaces) StdoutLine: {'line': b'-- Up-to-date: /home/matheus/thesis_ws/install/thesis_interfaces/share/thesis_interfaces/local_setup.bash\n'}
[1.759763] (thesis_interfaces) StdoutLine: {'line': b'-- Up-to-date: /home/matheus/thesis_ws/install/thesis_interfaces/share/thesis_interfaces/local_setup.sh\n'}
[1.759815] (thesis_interfaces) StdoutLine: {'line': b'-- Up-to-date: /home/matheus/thesis_ws/install/thesis_interfaces/share/thesis_interfaces/local_setup.zsh\n'}
[1.759873] (thesis_interfaces) StdoutLine: {'line': b'-- Up-to-date: /home/matheus/thesis_ws/install/thesis_interfaces/share/thesis_interfaces/local_setup.dsv\n'}
[1.759943] (thesis_interfaces) StdoutLine: {'line': b'-- Installing: /home/matheus/thesis_ws/install/thesis_interfaces/share/thesis_interfaces/package.dsv\n'}
[1.759999] (thesis_interfaces) StdoutLine: {'line': b'-- Up-to-date: /home/matheus/thesis_ws/install/thesis_interfaces/share/ament_index/resource_index/packages/thesis_interfaces\n'}
[1.760053] (thesis_interfaces) StdoutLine: {'line': b'-- Up-to-date: /home/matheus/thesis_ws/install/thesis_interfaces/share/thesis_interfaces/cmake/thesis_interfacesConfig.cmake\n'}
[1.760107] (thesis_interfaces) StdoutLine: {'line': b'-- Up-to-date: /home/matheus/thesis_ws/install/thesis_interfaces/share/thesis_interfaces/cmake/thesis_interfacesConfig-version.cmake\n'}
[1.760218] (thesis_interfaces) StdoutLine: {'line': b'-- Up-to-date: /home/matheus/thesis_ws/install/thesis_interfaces/share/thesis_interfaces/package.xml\n'}
[1.760277] (thesis_interfaces) CommandEnded: {'returncode': 0}
[1.783346] (hal_interfaces) StdoutLine: {'line': b"Listing '/home/matheus/thesis_ws/install/hal_interfaces/local/lib/python3.10/dist-packages/hal_interfaces'...\n"}
[1.783518] (hal_interfaces) StdoutLine: {'line': b"Listing '/home/matheus/thesis_ws/install/hal_interfaces/local/lib/python3.10/dist-packages/hal_interfaces/srv'...\n"}
[1.784143] (thesis_interfaces) JobEnded: {'identifier': 'thesis_interfaces', 'rc': 0}
[1.789973] (hal_interfaces) StdoutLine: {'line': b'-- Up-to-date: /home/matheus/thesis_ws/install/hal_interfaces/local/lib/python3.10/dist-packages/hal_interfaces/hal_interfaces_s__rosidl_typesupport_fastrtps_c.cpython-310-x86_64-linux-gnu.so\n'}
[1.790239] (hal_interfaces) StdoutLine: {'line': b'-- Up-to-date: /home/matheus/thesis_ws/install/hal_interfaces/local/lib/python3.10/dist-packages/hal_interfaces/hal_interfaces_s__rosidl_typesupport_introspection_c.cpython-310-x86_64-linux-gnu.so\n'}
[1.790517] (hal_interfaces) StdoutLine: {'line': b'-- Up-to-date: /home/matheus/thesis_ws/install/hal_interfaces/local/lib/python3.10/dist-packages/hal_interfaces/hal_interfaces_s__rosidl_typesupport_c.cpython-310-x86_64-linux-gnu.so\n'}
[1.790792] (hal_interfaces) StdoutLine: {'line': b'-- Up-to-date: /home/matheus/thesis_ws/install/hal_interfaces/lib/libhal_interfaces__rosidl_generator_py.so\n'}
[1.790995] (hal_interfaces) StdoutLine: {'line': b'-- Up-to-date: /home/matheus/thesis_ws/install/hal_interfaces/share/ament_index/resource_index/rust_packages/hal_interfaces\n'}
[1.793184] (hal_interfaces) StdoutLine: {'line': b'-- Up-to-date: /home/matheus/thesis_ws/install/hal_interfaces/share/hal_interfaces/rust\n'}
[1.793576] (hal_interfaces) StdoutLine: {'line': b'-- Up-to-date: /home/matheus/thesis_ws/install/hal_interfaces/share/hal_interfaces/rust/Cargo.toml\n'}
[1.793663] (hal_interfaces) StdoutLine: {'line': b'-- Up-to-date: /home/matheus/thesis_ws/install/hal_interfaces/share/hal_interfaces/rust/src\n'}
[1.793740] (hal_interfaces) StdoutLine: {'line': b'-- Up-to-date: /home/matheus/thesis_ws/install/hal_interfaces/share/hal_interfaces/rust/src/lib.rs\n'}
[1.793820] (hal_interfaces) StdoutLine: {'line': b'-- Up-to-date: /home/matheus/thesis_ws/install/hal_interfaces/share/hal_interfaces/rust/src/srv\n'}
[1.793874] (hal_interfaces) StdoutLine: {'line': b'-- Up-to-date: /home/matheus/thesis_ws/install/hal_interfaces/share/hal_interfaces/rust/src/srv/rmw.rs\n'}
[1.793941] (hal_interfaces) StdoutLine: {'line': b'-- Up-to-date: /home/matheus/thesis_ws/install/hal_interfaces/share/hal_interfaces/rust/src/srv.rs\n'}
[1.793992] (hal_interfaces) StdoutLine: {'line': b'-- Up-to-date: /home/matheus/thesis_ws/install/hal_interfaces/share/hal_interfaces/rust/build.rs\n'}
[1.794041] (hal_interfaces) StdoutLine: {'line': b'-- Up-to-date: /home/matheus/thesis_ws/install/hal_interfaces/share/hal_interfaces/srv/SetString.idl\n'}
[1.794089] (hal_interfaces) StdoutLine: {'line': b'-- Up-to-date: /home/matheus/thesis_ws/install/hal_interfaces/share/hal_interfaces/srv/SetString.srv\n'}
[1.794137] (hal_interfaces) StdoutLine: {'line': b'-- Up-to-date: /home/matheus/thesis_ws/install/hal_interfaces/share/hal_interfaces/srv/SetString_Request.msg\n'}
[1.794185] (hal_interfaces) StdoutLine: {'line': b'-- Up-to-date: /home/matheus/thesis_ws/install/hal_interfaces/share/hal_interfaces/srv/SetString_Response.msg\n'}
[1.794233] (hal_interfaces) StdoutLine: {'line': b'-- Up-to-date: /home/matheus/thesis_ws/install/hal_interfaces/share/ament_index/resource_index/package_run_dependencies/hal_interfaces\n'}
[1.794289] (hal_interfaces) StdoutLine: {'line': b'-- Up-to-date: /home/matheus/thesis_ws/install/hal_interfaces/share/ament_index/resource_index/parent_prefix_path/hal_interfaces\n'}
[1.794337] (hal_interfaces) StdoutLine: {'line': b'-- Up-to-date: /home/matheus/thesis_ws/install/hal_interfaces/share/hal_interfaces/environment/ament_prefix_path.sh\n'}
[1.794389] (hal_interfaces) StdoutLine: {'line': b'-- Up-to-date: /home/matheus/thesis_ws/install/hal_interfaces/share/hal_interfaces/environment/ament_prefix_path.dsv\n'}
[1.794442] (hal_interfaces) StdoutLine: {'line': b'-- Up-to-date: /home/matheus/thesis_ws/install/hal_interfaces/share/hal_interfaces/environment/path.sh\n'}
[1.794508] (hal_interfaces) StdoutLine: {'line': b'-- Up-to-date: /home/matheus/thesis_ws/install/hal_interfaces/share/hal_interfaces/environment/path.dsv\n'}
[1.794563] (hal_interfaces) StdoutLine: {'line': b'-- Up-to-date: /home/matheus/thesis_ws/install/hal_interfaces/share/hal_interfaces/local_setup.bash\n'}
[1.794618] (hal_interfaces) StdoutLine: {'line': b'-- Up-to-date: /home/matheus/thesis_ws/install/hal_interfaces/share/hal_interfaces/local_setup.sh\n'}
[1.794672] (hal_interfaces) StdoutLine: {'line': b'-- Up-to-date: /home/matheus/thesis_ws/install/hal_interfaces/share/hal_interfaces/local_setup.zsh\n'}
[1.794729] (hal_interfaces) StdoutLine: {'line': b'-- Up-to-date: /home/matheus/thesis_ws/install/hal_interfaces/share/hal_interfaces/local_setup.dsv\n'}
[1.794790] (hal_interfaces) StdoutLine: {'line': b'-- Installing: /home/matheus/thesis_ws/install/hal_interfaces/share/hal_interfaces/package.dsv\n'}
[1.794852] (hal_interfaces) StdoutLine: {'line': b'-- Up-to-date: /home/matheus/thesis_ws/install/hal_interfaces/share/ament_index/resource_index/packages/hal_interfaces\n'}
[1.794942] (hal_interfaces) StdoutLine: {'line': b'-- Up-to-date: /home/matheus/thesis_ws/install/hal_interfaces/share/hal_interfaces/cmake/export_hal_interfaces__rosidl_generator_cExport.cmake\n'}
[1.795159] (hal_interfaces) StdoutLine: {'line': b'-- Up-to-date: /home/matheus/thesis_ws/install/hal_interfaces/share/hal_interfaces/cmake/export_hal_interfaces__rosidl_generator_cExport-noconfig.cmake\n'}
[1.795226] (hal_interfaces) StdoutLine: {'line': b'-- Up-to-date: /home/matheus/thesis_ws/install/hal_interfaces/share/hal_interfaces/cmake/export_hal_interfaces__rosidl_typesupport_fastrtps_cExport.cmake\n'}
[1.795287] (hal_interfaces) StdoutLine: {'line': b'-- Up-to-date: /home/matheus/thesis_ws/install/hal_interfaces/share/hal_interfaces/cmake/export_hal_interfaces__rosidl_typesupport_fastrtps_cExport-noconfig.cmake\n'}
[1.795349] (hal_interfaces) StdoutLine: {'line': b'-- Up-to-date: /home/matheus/thesis_ws/install/hal_interfaces/share/hal_interfaces/cmake/hal_interfaces__rosidl_typesupport_introspection_cExport.cmake\n'}
[1.795425] (hal_interfaces) StdoutLine: {'line': b'-- Up-to-date: /home/matheus/thesis_ws/install/hal_interfaces/share/hal_interfaces/cmake/hal_interfaces__rosidl_typesupport_introspection_cExport-noconfig.cmake\n'}
[1.795489] (hal_interfaces) StdoutLine: {'line': b'-- Up-to-date: /home/matheus/thesis_ws/install/hal_interfaces/share/hal_interfaces/cmake/hal_interfaces__rosidl_typesupport_cExport.cmake\n'}
[1.795550] (hal_interfaces) StdoutLine: {'line': b'-- Up-to-date: /home/matheus/thesis_ws/install/hal_interfaces/share/hal_interfaces/cmake/hal_interfaces__rosidl_typesupport_cExport-noconfig.cmake\n'}
[1.795607] (hal_interfaces) StdoutLine: {'line': b'-- Up-to-date: /home/matheus/thesis_ws/install/hal_interfaces/share/hal_interfaces/cmake/export_hal_interfaces__rosidl_generator_cppExport.cmake\n'}
[1.795665] (hal_interfaces) StdoutLine: {'line': b'-- Up-to-date: /home/matheus/thesis_ws/install/hal_interfaces/share/hal_interfaces/cmake/export_hal_interfaces__rosidl_typesupport_fastrtps_cppExport.cmake\n'}
[1.795722] (hal_interfaces) StdoutLine: {'line': b'-- Up-to-date: /home/matheus/thesis_ws/install/hal_interfaces/share/hal_interfaces/cmake/export_hal_interfaces__rosidl_typesupport_fastrtps_cppExport-noconfig.cmake\n'}
[1.795787] (hal_interfaces) StdoutLine: {'line': b'-- Up-to-date: /home/matheus/thesis_ws/install/hal_interfaces/share/hal_interfaces/cmake/hal_interfaces__rosidl_typesupport_introspection_cppExport.cmake\n'}
[1.795846] (hal_interfaces) StdoutLine: {'line': b'-- Up-to-date: /home/matheus/thesis_ws/install/hal_interfaces/share/hal_interfaces/cmake/hal_interfaces__rosidl_typesupport_introspection_cppExport-noconfig.cmake\n'}
[1.795933] (hal_interfaces) StdoutLine: {'line': b'-- Up-to-date: /home/matheus/thesis_ws/install/hal_interfaces/share/hal_interfaces/cmake/hal_interfaces__rosidl_typesupport_cppExport.cmake\n'}
[1.795996] (hal_interfaces) StdoutLine: {'line': b'-- Up-to-date: /home/matheus/thesis_ws/install/hal_interfaces/share/hal_interfaces/cmake/hal_interfaces__rosidl_typesupport_cppExport-noconfig.cmake\n'}
[1.796053] (hal_interfaces) StdoutLine: {'line': b'-- Up-to-date: /home/matheus/thesis_ws/install/hal_interfaces/share/hal_interfaces/cmake/export_hal_interfaces__rosidl_generator_pyExport.cmake\n'}
[1.796097] (hal_interfaces) StdoutLine: {'line': b'-- Up-to-date: /home/matheus/thesis_ws/install/hal_interfaces/share/hal_interfaces/cmake/export_hal_interfaces__rosidl_generator_pyExport-noconfig.cmake\n'}
[1.796138] (hal_interfaces) StdoutLine: {'line': b'-- Up-to-date: /home/matheus/thesis_ws/install/hal_interfaces/share/hal_interfaces/cmake/rosidl_cmake-extras.cmake\n'}
[1.796187] (hal_interfaces) StdoutLine: {'line': b'-- Up-to-date: /home/matheus/thesis_ws/install/hal_interfaces/share/hal_interfaces/cmake/ament_cmake_export_include_directories-extras.cmake\n'}
[1.796242] (hal_interfaces) StdoutLine: {'line': b'-- Up-to-date: /home/matheus/thesis_ws/install/hal_interfaces/share/hal_interfaces/cmake/ament_cmake_export_libraries-extras.cmake\n'}
[1.796299] (hal_interfaces) StdoutLine: {'line': b'-- Up-to-date: /home/matheus/thesis_ws/install/hal_interfaces/share/hal_interfaces/cmake/ament_cmake_export_targets-extras.cmake\n'}
[1.796359] (hal_interfaces) StdoutLine: {'line': b'-- Up-to-date: /home/matheus/thesis_ws/install/hal_interfaces/share/hal_interfaces/cmake/rosidl_cmake_export_typesupport_targets-extras.cmake\n'}
[1.796416] (hal_interfaces) StdoutLine: {'line': b'-- Up-to-date: /home/matheus/thesis_ws/install/hal_interfaces/share/hal_interfaces/cmake/ament_cmake_export_dependencies-extras.cmake\n'}
[1.796473] (hal_interfaces) StdoutLine: {'line': b'-- Up-to-date: /home/matheus/thesis_ws/install/hal_interfaces/share/hal_interfaces/cmake/rosidl_cmake_export_typesupport_libraries-extras.cmake\n'}
[1.796529] (hal_interfaces) StdoutLine: {'line': b'-- Up-to-date: /home/matheus/thesis_ws/install/hal_interfaces/share/hal_interfaces/cmake/rosidl_cmake_aggregate_target-extras.cmake\n'}
[1.796647] (hal_interfaces) StdoutLine: {'line': b'-- Up-to-date: /home/matheus/thesis_ws/install/hal_interfaces/share/hal_interfaces/cmake/hal_interfacesConfig.cmake\n'}
[1.796711] (hal_interfaces) StdoutLine: {'line': b'-- Up-to-date: /home/matheus/thesis_ws/install/hal_interfaces/share/hal_interfaces/cmake/hal_interfacesConfig-version.cmake\n'}
[1.796768] (hal_interfaces) StdoutLine: {'line': b'-- Up-to-date: /home/matheus/thesis_ws/install/hal_interfaces/share/hal_interfaces/package.xml\n'}
[1.797444] (hal_interfaces) CommandEnded: {'returncode': 0}
[1.805874] (-) TimerEvent: {}
[1.846903] (hal_interfaces) JobEnded: {'identifier': 'hal_interfaces', 'rc': 0}
[1.906940] (-) TimerEvent: {}
[2.007259] (-) TimerEvent: {}
[2.107591] (-) TimerEvent: {}
[2.128907] (encoder_guidao) Command: {'cmd': ['/usr/bin/python3', '-W', 'ignore:setup.py install is deprecated', '-W', 'ignore:easy_install command is deprecated', 'setup.py', 'egg_info', '--egg-base', '../../build/encoder_guidao', 'build', '--build-base', '/home/matheus/thesis_ws/build/encoder_guidao/build', 'install', '--record', '/home/matheus/thesis_ws/build/encoder_guidao/install.log', '--install-scripts', '$base/lib/encoder_guidao', '--single-version-externally-managed', 'install_data'], 'cwd': '/home/matheus/thesis_ws/src/encoder_guidao', 'env': {'LESSOPEN': '| /usr/bin/lesspipe %s', 'USER': 'matheus', 'LC_TIME': 'pt_BR.UTF-8', 'XDG_SESSION_TYPE': 'x11', 'SHLVL': '1', 'LD_LIBRARY_PATH': '/home/matheus/thesis_ws/install/hal_interfaces/lib:/home/matheus/Desktop/TestesROS2/microros_ws/install/micro_ros_agent/lib:/home/matheus/Desktop/TestesROS2/microros_ws/install/micro_ros_msgs/lib:/opt/ros/humble/opt/rviz_ogre_vendor/lib:/opt/ros/humble/lib/x86_64-linux-gnu:/opt/ros/humble/lib', 'HOME': '/home/matheus', 'DESKTOP_SESSION': 'ubuntu-xorg', 'ROS_PYTHON_VERSION': '3', 'GNOME_SHELL_SESSION_MODE': 'ubuntu', 'GTK_MODULES': 'gail:atk-bridge', 'LC_MONETARY': 'pt_BR.UTF-8', 'LC_CTYPE': 'pt_BR.UTF-8', 'SYSTEMD_EXEC_PID': '5873', 'DBUS_SESSION_BUS_ADDRESS': 'unix:path=/run/user/1000/bus', 'COLORTERM': 'truecolor', 'COLCON_PREFIX_PATH': '/home/matheus/thesis_ws/install:/home/matheus/Desktop/TestesROS2/ros_unity_ws/install:/home/matheus/Desktop/TestesROS2/microros_ws/install', 'ROS_DISTRO': 'humble', 'GTK_IM_MODULE': 'ibus', 'LOGNAME': 'matheus', '_': '/usr/bin/colcon', 'ROS_VERSION': '2', 'XDG_SESSION_CLASS': 'user', 'USERNAME': 'matheus', 'TERM': 'xterm-256color', 'GNOME_DESKTOP_SESSION_ID': 'this-is-deprecated', 'ROS_LOCALHOST_ONLY': '0', 'WINDOWPATH': '2', 'PATH': '/opt/ros/humble/bin:/home/matheus/.local/bin:/usr/local/sbin:/usr/local/bin:/usr/sbin:/usr/bin:/sbin:/bin:/usr/games:/usr/local/games:/snap/bin:/snap/bin:/home/matheus/.platformio/penv/bin', 'SESSION_MANAGER': 'local/matheus-300E5M-300E5L:@/tmp/.ICE-unix/1844,unix/matheus-300E5M-300E5L:/tmp/.ICE-unix/1844', 'XDG_MENU_PREFIX': 'gnome-', 'LC_ADDRESS': 'pt_BR.UTF-8', 'GNOME_TERMINAL_SCREEN': '/org/gnome/Terminal/screen/af976568_ccbf_4557_8f73_0fd5587512bb', 'XDG_RUNTIME_DIR': '/run/user/1000', 'DISPLAY': ':0', 'LANG': 'en_US.UTF-8', 'XDG_CURRENT_DESKTOP': 'ubuntu:GNOME', 'LC_TELEPHONE': 'pt_BR.UTF-8', 'XMODIFIERS': '@im=ibus', 'XDG_SESSION_DESKTOP': 'ubuntu-xorg', 'XAUTHORITY': '/run/user/1000/gdm/Xauthority', 'LS_COLORS': 'rs=0:di=01;34:ln=01;36:mh=00:pi=40;33:so=01;35:do=01;35:bd=40;33;01:cd=40;33;01:or=40;31;01:mi=00:su=37;41:sg=30;43:ca=30;41:tw=30;42:ow=34;42:st=37;44:ex=01;32:*.tar=01;31:*.tgz=01;31:*.arc=01;31:*.arj=01;31:*.taz=01;31:*.lha=01;31:*.lz4=01;31:*.lzh=01;31:*.lzma=01;31:*.tlz=01;31:*.txz=01;31:*.tzo=01;31:*.t7z=01;31:*.zip=01;31:*.z=01;31:*.dz=01;31:*.gz=01;31:*.lrz=01;31:*.lz=01;31:*.lzo=01;31:*.xz=01;31:*.zst=01;31:*.tzst=01;31:*.bz2=01;31:*.bz=01;31:*.tbz=01;31:*.tbz2=01;31:*.tz=01;31:*.deb=01;31:*.rpm=01;31:*.jar=01;31:*.war=01;31:*.ear=01;31:*.sar=01;31:*.rar=01;31:*.alz=01;31:*.ace=01;31:*.zoo=01;31:*.cpio=01;31:*.7z=01;31:*.rz=01;31:*.cab=01;31:*.wim=01;31:*.swm=01;31:*.dwm=01;31:*.esd=01;31:*.jpg=01;35:*.jpeg=01;35:*.mjpg=01;35:*.mjpeg=01;35:*.gif=01;35:*.bmp=01;35:*.pbm=01;35:*.pgm=01;35:*.ppm=01;35:*.tga=01;35:*.xbm=01;35:*.xpm=01;35:*.tif=01;35:*.tiff=01;35:*.png=01;35:*.svg=01;35:*.svgz=01;35:*.mng=01;35:*.pcx=01;35:*.mov=01;35:*.mpg=01;35:*.mpeg=01;35:*.m2v=01;35:*.mkv=01;35:*.webm=01;35:*.webp=01;35:*.ogm=01;35:*.mp4=01;35:*.m4v=01;35:*.mp4v=01;35:*.vob=01;35:*.qt=01;35:*.nuv=01;35:*.wmv=01;35:*.asf=01;35:*.rm=01;35:*.rmvb=01;35:*.flc=01;35:*.avi=01;35:*.fli=01;35:*.flv=01;35:*.gl=01;35:*.dl=01;35:*.xcf=01;35:*.xwd=01;35:*.yuv=01;35:*.cgm=01;35:*.emf=01;35:*.ogv=01;35:*.ogx=01;35:*.aac=00;36:*.au=00;36:*.flac=00;36:*.m4a=00;36:*.mid=00;36:*.midi=00;36:*.mka=00;36:*.mp3=00;36:*.mpc=00;36:*.ogg=00;36:*.ra=00;36:*.wav=00;36:*.oga=00;36:*.opus=00;36:*.spx=00;36:*.xspf=00;36:', 'GNOME_TERMINAL_SERVICE': ':1.156', 'SSH_AGENT_LAUNCHER': 'gnome-keyring', 'SSH_AUTH_SOCK': '/run/user/1000/keyring/ssh', 'AMENT_PREFIX_PATH': '/home/matheus/thesis_ws/install/thesis_interfaces:/home/matheus/thesis_ws/install/hal_signal_processing:/home/matheus/thesis_ws/install/hal_interfaces:/home/matheus/thesis_ws/install/hal_device_manager:/home/matheus/thesis_ws/install/game_unity_bridge:/home/matheus/thesis_ws/install/game_session:/home/matheus/thesis_ws/install/game_input_mapping:/home/matheus/thesis_ws/install/encoder_guidao:/home/matheus/thesis_ws/install/encoder_device:/home/matheus/thesis_ws/install/data_logger:/home/matheus/Desktop/TestesROS2/ros_unity_ws/install/ros_tcp_endpoint:/home/matheus/Desktop/TestesROS2/microros_ws/install/micro_ros_setup:/home/matheus/Desktop/TestesROS2/microros_ws/install/micro_ros_agent:/home/matheus/Desktop/TestesROS2/microros_ws/install/micro_ros_msgs:/opt/ros/humble', 'SHELL': '/bin/bash', 'LC_NAME': 'pt_BR.UTF-8', 'QT_ACCESSIBILITY': '1', 'GDMSESSION': 'ubuntu-xorg', 'LESSCLOSE': '/usr/bin/lesspipe %s %s', 'LC_MEASUREMENT': 'pt_BR.UTF-8', 'GPG_AGENT_INFO': '/run/user/1000/gnupg/S.gpg-agent:0:1', 'LC_IDENTIFICATION': 'pt_BR.UTF-8', 'QT_IM_MODULE': 'ibus', 'PWD': '/home/matheus/thesis_ws/build/encoder_guidao', 'LC_ALL': 'en_US.UTF-8', 'XDG_CONFIG_DIRS': '/etc/xdg/xdg-ubuntu-xorg:/etc/xdg', 'XDG_DATA_DIRS': '/usr/share/ubuntu-xorg:/usr/share/gnome:/usr/local/share/:/usr/share/:/var/lib/snapd/desktop', 'PYTHONPATH': '/home/matheus/thesis_ws/build/encoder_guidao/prefix_override:/usr/lib/python3/dist-packages/colcon_core/task/python/colcon_distutils_commands:/home/matheus/thesis_ws/install/encoder_guidao/lib/python3.10/site-packages:/home/matheus/thesis_ws/install/hal_signal_processing/lib/python3.10/site-packages:/home/matheus/thesis_ws/install/hal_interfaces/local/lib/python3.10/dist-packages:/home/matheus/thesis_ws/install/hal_device_manager/lib/python3.10/site-packages:/home/matheus/thesis_ws/install/game_unity_bridge/lib/python3.10/site-packages:/home/matheus/thesis_ws/install/game_session/lib/python3.10/site-packages:/home/matheus/thesis_ws/install/game_input_mapping/lib/python3.10/site-packages:/home/matheus/thesis_ws/install/encoder_guidao/lib/python3.10/site-packages:/home/matheus/thesis_ws/install/encoder_device/lib/python3.10/site-packages:/home/matheus/thesis_ws/install/data_logger/lib/python3.10/site-packages:/home/matheus/Desktop/TestesROS2/ros_unity_ws/install/ros_tcp_endpoint/lib/python3.10/site-packages:/home/matheus/Desktop/TestesROS2/microros_ws/install/micro_ros_msgs/local/lib/python3.10/dist-packages:/opt/ros/humble/lib/python3.10/site-packages:/opt/ros/humble/local/lib/python3.10/dist-packages', 'LC_NUMERIC': 'pt_BR.UTF-8', 'LC_PAPER': 'pt_BR.UTF-8', 'COLCON': '1', 'VTE_VERSION': '6800', 'CMAKE_PREFIX_PATH': '/home/matheus/thesis_ws/install/thesis_interfaces:/home/matheus/thesis_ws/install/hal_interfaces:/home/matheus/Desktop/TestesROS2/microros_ws/install/micro_ros_setup:/home/matheus/Desktop/TestesROS2/microros_ws/install/micro_ros_agent:/home/matheus/Desktop/TestesROS2/microros_ws/install/micro_ros_msgs'}, 'shell': False}
[2.191456] (hal_signal_processing) Command: {'cmd': ['/usr/bin/python3', '-W', 'ignore:setup.py install is deprecated', '-W', 'ignore:easy_install command is deprecated', 'setup.py', 'egg_info', '--egg-base', '../../build/hal_signal_processing', 'build', '--build-base', '/home/matheus/thesis_ws/build/hal_signal_processing/build', 'install', '--record', '/home/matheus/thesis_ws/build/hal_signal_processing/install.log', '--install-scripts', '$base/lib/hal_signal_processing', '--single-version-externally-managed', 'install_data'], 'cwd': '/home/matheus/thesis_ws/src/hal_signal_processing', 'env': {'LESSOPEN': '| /usr/bin/lesspipe %s', 'USER': 'matheus', 'LC_TIME': 'pt_BR.UTF-8', 'XDG_SESSION_TYPE': 'x11', 'SHLVL': '1', 'LD_LIBRARY_PATH': '/home/matheus/thesis_ws/install/hal_interfaces/lib:/home/matheus/Desktop/TestesROS2/microros_ws/install/micro_ros_agent/lib:/home/matheus/Desktop/TestesROS2/microros_ws/install/micro_ros_msgs/lib:/opt/ros/humble/opt/rviz_ogre_vendor/lib:/opt/ros/humble/lib/x86_64-linux-gnu:/opt/ros/humble/lib', 'HOME': '/home/matheus', 'DESKTOP_SESSION': 'ubuntu-xorg', 'ROS_PYTHON_VERSION': '3', 'GNOME_SHELL_SESSION_MODE': 'ubuntu', 'GTK_MODULES': 'gail:atk-bridge', 'LC_MONETARY': 'pt_BR.UTF-8', 'LC_CTYPE': 'pt_BR.UTF-8', 'SYSTEMD_EXEC_PID': '5873', 'DBUS_SESSION_BUS_ADDRESS': 'unix:path=/run/user/1000/bus', 'COLORTERM': 'truecolor', 'COLCON_PREFIX_PATH': '/home/matheus/thesis_ws/install:/home/matheus/Desktop/TestesROS2/ros_unity_ws/install:/home/matheus/Desktop/TestesROS2/microros_ws/install', 'ROS_DISTRO': 'humble', 'GTK_IM_MODULE': 'ibus', 'LOGNAME': 'matheus', '_': '/usr/bin/colcon', 'ROS_VERSION': '2', 'XDG_SESSION_CLASS': 'user', 'USERNAME': 'matheus', 'TERM': 'xterm-256color', 'GNOME_DESKTOP_SESSION_ID': 'this-is-deprecated', 'ROS_LOCALHOST_ONLY': '0', 'WINDOWPATH': '2', 'PATH': '/opt/ros/humble/bin:/home/matheus/.local/bin:/usr/local/sbin:/usr/local/bin:/usr/sbin:/usr/bin:/sbin:/bin:/usr/games:/usr/local/games:/snap/bin:/snap/bin:/home/matheus/.platformio/penv/bin', 'SESSION_MANAGER': 'local/matheus-300E5M-300E5L:@/tmp/.ICE-unix/1844,unix/matheus-300E5M-300E5L:/tmp/.ICE-unix/1844', 'XDG_MENU_PREFIX': 'gnome-', 'LC_ADDRESS': 'pt_BR.UTF-8', 'GNOME_TERMINAL_SCREEN': '/org/gnome/Terminal/screen/af976568_ccbf_4557_8f73_0fd5587512bb', 'XDG_RUNTIME_DIR': '/run/user/1000', 'DISPLAY': ':0', 'LANG': 'en_US.UTF-8', 'XDG_CURRENT_DESKTOP': 'ubuntu:GNOME', 'LC_TELEPHONE': 'pt_BR.UTF-8', 'XMODIFIERS': '@im=ibus', 'XDG_SESSION_DESKTOP': 'ubuntu-xorg', 'XAUTHORITY': '/run/user/1000/gdm/Xauthority', 'LS_COLORS': 'rs=0:di=01;34:ln=01;36:mh=00:pi=40;33:so=01;35:do=01;35:bd=40;33;01:cd=40;33;01:or=40;31;01:mi=00:su=37;41:sg=30;43:ca=30;41:tw=30;42:ow=34;42:st=37;44:ex=01;32:*.tar=01;31:*.tgz=01;31:*.arc=01;31:*.arj=01;31:*.taz=01;31:*.lha=01;31:*.lz4=01;31:*.lzh=01;31:*.lzma=01;31:*.tlz=01;31:*.txz=01;31:*.tzo=01;31:*.t7z=01;31:*.zip=01;31:*.z=01;31:*.dz=01;31:*.gz=01;31:*.lrz=01;31:*.lz=01;31:*.lzo=01;31:*.xz=01;31:*.zst=01;31:*.tzst=01;31:*.bz2=01;31:*.bz=01;31:*.tbz=01;31:*.tbz2=01;31:*.tz=01;31:*.deb=01;31:*.rpm=01;31:*.jar=01;31:*.war=01;31:*.ear=01;31:*.sar=01;31:*.rar=01;31:*.alz=01;31:*.ace=01;31:*.zoo=01;31:*.cpio=01;31:*.7z=01;31:*.rz=01;31:*.cab=01;31:*.wim=01;31:*.swm=01;31:*.dwm=01;31:*.esd=01;31:*.jpg=01;35:*.jpeg=01;35:*.mjpg=01;35:*.mjpeg=01;35:*.gif=01;35:*.bmp=01;35:*.pbm=01;35:*.pgm=01;35:*.ppm=01;35:*.tga=01;35:*.xbm=01;35:*.xpm=01;35:*.tif=01;35:*.tiff=01;35:*.png=01;35:*.svg=01;35:*.svgz=01;35:*.mng=01;35:*.pcx=01;35:*.mov=01;35:*.mpg=01;35:*.mpeg=01;35:*.m2v=01;35:*.mkv=01;35:*.webm=01;35:*.webp=01;35:*.ogm=01;35:*.mp4=01;35:*.m4v=01;35:*.mp4v=01;35:*.vob=01;35:*.qt=01;35:*.nuv=01;35:*.wmv=01;35:*.asf=01;35:*.rm=01;35:*.rmvb=01;35:*.flc=01;35:*.avi=01;35:*.fli=01;35:*.flv=01;35:*.gl=01;35:*.dl=01;35:*.xcf=01;35:*.xwd=01;35:*.yuv=01;35:*.cgm=01;35:*.emf=01;35:*.ogv=01;35:*.ogx=01;35:*.aac=00;36:*.au=00;36:*.flac=00;36:*.m4a=00;36:*.mid=00;36:*.midi=00;36:*.mka=00;36:*.mp3=00;36:*.mpc=00;36:*.ogg=00;36:*.ra=00;36:*.wav=00;36:*.oga=00;36:*.opus=00;36:*.spx=00;36:*.xspf=00;36:', 'GNOME_TERMINAL_SERVICE': ':1.156', 'SSH_AGENT_LAUNCHER': 'gnome-keyring', 'SSH_AUTH_SOCK': '/run/user/1000/keyring/ssh', 'AMENT_PREFIX_PATH': '/home/matheus/thesis_ws/install/thesis_interfaces:/home/matheus/thesis_ws/install/hal_signal_processing:/home/matheus/thesis_ws/install/hal_interfaces:/home/matheus/thesis_ws/install/hal_device_manager:/home/matheus/thesis_ws/install/game_unity_bridge:/home/matheus/thesis_ws/install/game_session:/home/matheus/thesis_ws/install/game_input_mapping:/home/matheus/thesis_ws/install/encoder_guidao:/home/matheus/thesis_ws/install/encoder_device:/home/matheus/thesis_ws/install/data_logger:/home/matheus/Desktop/TestesROS2/ros_unity_ws/install/ros_tcp_endpoint:/home/matheus/Desktop/TestesROS2/microros_ws/install/micro_ros_setup:/home/matheus/Desktop/TestesROS2/microros_ws/install/micro_ros_agent:/home/matheus/Desktop/TestesROS2/microros_ws/install/micro_ros_msgs:/opt/ros/humble', 'SHELL': '/bin/bash', 'LC_NAME': 'pt_BR.UTF-8', 'QT_ACCESSIBILITY': '1', 'GDMSESSION': 'ubuntu-xorg', 'LESSCLOSE': '/usr/bin/lesspipe %s %s', 'LC_MEASUREMENT': 'pt_BR.UTF-8', 'GPG_AGENT_INFO': '/run/user/1000/gnupg/S.gpg-agent:0:1', 'LC_IDENTIFICATION': 'pt_BR.UTF-8', 'QT_IM_MODULE': 'ibus', 'PWD': '/home/matheus/thesis_ws/build/hal_signal_processing', 'LC_ALL': 'en_US.UTF-8', 'XDG_CONFIG_DIRS': '/etc/xdg/xdg-ubuntu-xorg:/etc/xdg', 'XDG_DATA_DIRS': '/usr/share/ubuntu-xorg:/usr/share/gnome:/usr/local/share/:/usr/share/:/var/lib/snapd/desktop', 'PYTHONPATH': '/home/matheus/thesis_ws/build/hal_signal_processing/prefix_override:/usr/lib/python3/dist-packages/colcon_core/task/python/colcon_distutils_commands:/home/matheus/thesis_ws/install/hal_signal_processing/lib/python3.10/site-packages:/home/matheus/thesis_ws/install/hal_signal_processing/lib/python3.10/site-packages:/home/matheus/thesis_ws/install/hal_interfaces/local/lib/python3.10/dist-packages:/home/matheus/thesis_ws/install/hal_device_manager/lib/python3.10/site-packages:/home/matheus/thesis_ws/install/game_unity_bridge/lib/python3.10/site-packages:/home/matheus/thesis_ws/install/game_session/lib/python3.10/site-packages:/home/matheus/thesis_ws/install/game_input_mapping/lib/python3.10/site-packages:/home/matheus/thesis_ws/install/encoder_guidao/lib/python3.10/site-packages:/home/matheus/thesis_ws/install/encoder_device/lib/python3.10/site-packages:/home/matheus/thesis_ws/install/data_logger/lib/python3.10/site-packages:/home/matheus/Desktop/TestesROS2/ros_unity_ws/install/ros_tcp_endpoint/lib/python3.10/site-packages:/home/matheus/Desktop/TestesROS2/microros_ws/install/micro_ros_msgs/local/lib/python3.10/dist-packages:/opt/ros/humble/lib/python3.10/site-packages:/opt/ros/humble/local/lib/python3.10/dist-packages', 'LC_NUMERIC': 'pt_BR.UTF-8', 'LC_PAPER': 'pt_BR.UTF-8', 'COLCON': '1', 'VTE_VERSION': '6800', 'CMAKE_PREFIX_PATH': '/home/matheus/thesis_ws/install/thesis_interfaces:/home/matheus/thesis_ws/install/hal_interfaces:/home/matheus/Desktop/TestesROS2/microros_ws/install/micro_ros_setup:/home/matheus/Desktop/TestesROS2/microros_ws/install/micro_ros_agent:/home/matheus/Desktop/TestesROS2/microros_ws/install/micro_ros_msgs'}, 'shell': False}
[2.210963] (-) TimerEvent: {}
[2.311306] (-) TimerEvent: {}
[2.313006] (encoder_device) Command: {'cmd': ['/usr/bin/python3', '-W', 'ignore:setup.py install is deprecated', '-W', 'ignore:easy_install command is deprecated', 'setup.py', 'egg_info', '--egg-base', '../../build/encoder_device', 'build', '--build-base', '/home/matheus/thesis_ws/build/encoder_device/build', 'install', '--record', '/home/matheus/thesis_ws/build/encoder_device/install.log', '--install-scripts', '$base/lib/encoder_device', '--single-version-externally-managed', 'install_data'], 'cwd': '/home/matheus/thesis_ws/src/encoder_device', 'env': {'LESSOPEN': '| /usr/bin/lesspipe %s', 'USER': 'matheus', 'LC_TIME': 'pt_BR.UTF-8', 'XDG_SESSION_TYPE': 'x11', 'SHLVL': '1', 'LD_LIBRARY_PATH': '/home/matheus/thesis_ws/install/hal_interfaces/lib:/home/matheus/Desktop/TestesROS2/microros_ws/install/micro_ros_agent/lib:/home/matheus/Desktop/TestesROS2/microros_ws/install/micro_ros_msgs/lib:/opt/ros/humble/opt/rviz_ogre_vendor/lib:/opt/ros/humble/lib/x86_64-linux-gnu:/opt/ros/humble/lib', 'HOME': '/home/matheus', 'DESKTOP_SESSION': 'ubuntu-xorg', 'ROS_PYTHON_VERSION': '3', 'GNOME_SHELL_SESSION_MODE': 'ubuntu', 'GTK_MODULES': 'gail:atk-bridge', 'LC_MONETARY': 'pt_BR.UTF-8', 'LC_CTYPE': 'pt_BR.UTF-8', 'SYSTEMD_EXEC_PID': '5873', 'DBUS_SESSION_BUS_ADDRESS': 'unix:path=/run/user/1000/bus', 'COLORTERM': 'truecolor', 'COLCON_PREFIX_PATH': '/home/matheus/thesis_ws/install:/home/matheus/Desktop/TestesROS2/ros_unity_ws/install:/home/matheus/Desktop/TestesROS2/microros_ws/install', 'ROS_DISTRO': 'humble', 'GTK_IM_MODULE': 'ibus', 'LOGNAME': 'matheus', '_': '/usr/bin/colcon', 'ROS_VERSION': '2', 'XDG_SESSION_CLASS': 'user', 'USERNAME': 'matheus', 'TERM': 'xterm-256color', 'GNOME_DESKTOP_SESSION_ID': 'this-is-deprecated', 'ROS_LOCALHOST_ONLY': '0', 'WINDOWPATH': '2', 'PATH': '/opt/ros/humble/bin:/home/matheus/.local/bin:/usr/local/sbin:/usr/local/bin:/usr/sbin:/usr/bin:/sbin:/bin:/usr/games:/usr/local/games:/snap/bin:/snap/bin:/home/matheus/.platformio/penv/bin', 'SESSION_MANAGER': 'local/matheus-300E5M-300E5L:@/tmp/.ICE-unix/1844,unix/matheus-300E5M-300E5L:/tmp/.ICE-unix/1844', 'XDG_MENU_PREFIX': 'gnome-', 'LC_ADDRESS': 'pt_BR.UTF-8', 'GNOME_TERMINAL_SCREEN': '/org/gnome/Terminal/screen/af976568_ccbf_4557_8f73_0fd5587512bb', 'XDG_RUNTIME_DIR': '/run/user/1000', 'DISPLAY': ':0', 'LANG': 'en_US.UTF-8', 'XDG_CURRENT_DESKTOP': 'ubuntu:GNOME', 'LC_TELEPHONE': 'pt_BR.UTF-8', 'XMODIFIERS': '@im=ibus', 'XDG_SESSION_DESKTOP': 'ubuntu-xorg', 'XAUTHORITY': '/run/user/1000/gdm/Xauthority', 'LS_COLORS': 'rs=0:di=01;34:ln=01;36:mh=00:pi=40;33:so=01;35:do=01;35:bd=40;33;01:cd=40;33;01:or=40;31;01:mi=00:su=37;41:sg=30;43:ca=30;41:tw=30;42:ow=34;42:st=37;44:ex=01;32:*.tar=01;31:*.tgz=01;31:*.arc=01;31:*.arj=01;31:*.taz=01;31:*.lha=01;31:*.lz4=01;31:*.lzh=01;31:*.lzma=01;31:*.tlz=01;31:*.txz=01;31:*.tzo=01;31:*.t7z=01;31:*.zip=01;31:*.z=01;31:*.dz=01;31:*.gz=01;31:*.lrz=01;31:*.lz=01;31:*.lzo=01;31:*.xz=01;31:*.zst=01;31:*.tzst=01;31:*.bz2=01;31:*.bz=01;31:*.tbz=01;31:*.tbz2=01;31:*.tz=01;31:*.deb=01;31:*.rpm=01;31:*.jar=01;31:*.war=01;31:*.ear=01;31:*.sar=01;31:*.rar=01;31:*.alz=01;31:*.ace=01;31:*.zoo=01;31:*.cpio=01;31:*.7z=01;31:*.rz=01;31:*.cab=01;31:*.wim=01;31:*.swm=01;31:*.dwm=01;31:*.esd=01;31:*.jpg=01;35:*.jpeg=01;35:*.mjpg=01;35:*.mjpeg=01;35:*.gif=01;35:*.bmp=01;35:*.pbm=01;35:*.pgm=01;35:*.ppm=01;35:*.tga=01;35:*.xbm=01;35:*.xpm=01;35:*.tif=01;35:*.tiff=01;35:*.png=01;35:*.svg=01;35:*.svgz=01;35:*.mng=01;35:*.pcx=01;35:*.mov=01;35:*.mpg=01;35:*.mpeg=01;35:*.m2v=01;35:*.mkv=01;35:*.webm=01;35:*.webp=01;35:*.ogm=01;35:*.mp4=01;35:*.m4v=01;35:*.mp4v=01;35:*.vob=01;35:*.qt=01;35:*.nuv=01;35:*.wmv=01;35:*.asf=01;35:*.rm=01;35:*.rmvb=01;35:*.flc=01;35:*.avi=01;35:*.fli=01;35:*.flv=01;35:*.gl=01;35:*.dl=01;35:*.xcf=01;35:*.xwd=01;35:*.yuv=01;35:*.cgm=01;35:*.emf=01;35:*.ogv=01;35:*.ogx=01;35:*.aac=00;36:*.au=00;36:*.flac=00;36:*.m4a=00;36:*.mid=00;36:*.midi=00;36:*.mka=00;36:*.mp3=00;36:*.mpc=00;36:*.ogg=00;36:*.ra=00;36:*.wav=00;36:*.oga=00;36:*.opus=00;36:*.spx=00;36:*.xspf=00;36:', 'GNOME_TERMINAL_SERVICE': ':1.156', 'SSH_AGENT_LAUNCHER': 'gnome-keyring', 'SSH_AUTH_SOCK': '/run/user/1000/keyring/ssh', 'AMENT_PREFIX_PATH': '/home/matheus/thesis_ws/install/thesis_interfaces:/home/matheus/thesis_ws/install/hal_signal_processing:/home/matheus/thesis_ws/install/hal_interfaces:/home/matheus/thesis_ws/install/hal_device_manager:/home/matheus/thesis_ws/install/game_unity_bridge:/home/matheus/thesis_ws/install/game_session:/home/matheus/thesis_ws/install/game_input_mapping:/home/matheus/thesis_ws/install/encoder_guidao:/home/matheus/thesis_ws/install/encoder_device:/home/matheus/thesis_ws/install/data_logger:/home/matheus/Desktop/TestesROS2/ros_unity_ws/install/ros_tcp_endpoint:/home/matheus/Desktop/TestesROS2/microros_ws/install/micro_ros_setup:/home/matheus/Desktop/TestesROS2/microros_ws/install/micro_ros_agent:/home/matheus/Desktop/TestesROS2/microros_ws/install/micro_ros_msgs:/opt/ros/humble', 'SHELL': '/bin/bash', 'LC_NAME': 'pt_BR.UTF-8', 'QT_ACCESSIBILITY': '1', 'GDMSESSION': 'ubuntu-xorg', 'LESSCLOSE': '/usr/bin/lesspipe %s %s', 'LC_MEASUREMENT': 'pt_BR.UTF-8', 'GPG_AGENT_INFO': '/run/user/1000/gnupg/S.gpg-agent:0:1', 'LC_IDENTIFICATION': 'pt_BR.UTF-8', 'QT_IM_MODULE': 'ibus', 'PWD': '/home/matheus/thesis_ws/build/encoder_device', 'LC_ALL': 'en_US.UTF-8', 'XDG_CONFIG_DIRS': '/etc/xdg/xdg-ubuntu-xorg:/etc/xdg', 'XDG_DATA_DIRS': '/usr/share/ubuntu-xorg:/usr/share/gnome:/usr/local/share/:/usr/share/:/var/lib/snapd/desktop', 'PYTHONPATH': '/home/matheus/thesis_ws/build/encoder_device/prefix_override:/usr/lib/python3/dist-packages/colcon_core/task/python/colcon_distutils_commands:/home/matheus/thesis_ws/install/encoder_device/lib/python3.10/site-packages:/home/matheus/thesis_ws/install/hal_signal_processing/lib/python3.10/site-packages:/home/matheus/thesis_ws/install/hal_interfaces/local/lib/python3.10/dist-packages:/home/matheus/thesis_ws/install/hal_device_manager/lib/python3.10/site-packages:/home/matheus/thesis_ws/install/game_unity_bridge/lib/python3.10/site-packages:/home/matheus/thesis_ws/install/game_session/lib/python3.10/site-packages:/home/matheus/thesis_ws/install/game_input_mapping/lib/python3.10/site-packages:/home/matheus/thesis_ws/install/encoder_guidao/lib/python3.10/site-packages:/home/matheus/thesis_ws/install/encoder_device/lib/python3.10/site-packages:/home/matheus/thesis_ws/install/data_logger/lib/python3.10/site-packages:/home/matheus/Desktop/TestesROS2/ros_unity_ws/install/ros_tcp_endpoint/lib/python3.10/site-packages:/home/matheus/Desktop/TestesROS2/microros_ws/install/micro_ros_msgs/local/lib/python3.10/dist-packages:/opt/ros/humble/lib/python3.10/site-packages:/opt/ros/humble/local/lib/python3.10/dist-packages', 'LC_NUMERIC': 'pt_BR.UTF-8', 'LC_PAPER': 'pt_BR.UTF-8', 'COLCON': '1', 'VTE_VERSION': '6800', 'CMAKE_PREFIX_PATH': '/home/matheus/thesis_ws/install/thesis_interfaces:/home/matheus/thesis_ws/install/hal_interfaces:/home/matheus/Desktop/TestesROS2/microros_ws/install/micro_ros_setup:/home/matheus/Desktop/TestesROS2/microros_ws/install/micro_ros_agent:/home/matheus/Desktop/TestesROS2/microros_ws/install/micro_ros_msgs'}, 'shell': False}
[2.332188] (game_session) Command: {'cmd': ['/usr/bin/python3', '-W', 'ignore:setup.py install is deprecated', '-W', 'ignore:easy_install command is deprecated', 'setup.py', 'egg_info', '--egg-base', '../../build/game_session', 'build', '--build-base', '/home/matheus/thesis_ws/build/game_session/build', 'install', '--record', '/home/matheus/thesis_ws/build/game_session/install.log', '--install-scripts', '$base/lib/game_session', '--single-version-externally-managed', 'install_data'], 'cwd': '/home/matheus/thesis_ws/src/game_session', 'env': {'LESSOPEN': '| /usr/bin/lesspipe %s', 'USER': 'matheus', 'LC_TIME': 'pt_BR.UTF-8', 'XDG_SESSION_TYPE': 'x11', 'SHLVL': '1', 'LD_LIBRARY_PATH': '/home/matheus/thesis_ws/install/hal_interfaces/lib:/home/matheus/Desktop/TestesROS2/microros_ws/install/micro_ros_agent/lib:/home/matheus/Desktop/TestesROS2/microros_ws/install/micro_ros_msgs/lib:/opt/ros/humble/opt/rviz_ogre_vendor/lib:/opt/ros/humble/lib/x86_64-linux-gnu:/opt/ros/humble/lib', 'HOME': '/home/matheus', 'DESKTOP_SESSION': 'ubuntu-xorg', 'ROS_PYTHON_VERSION': '3', 'GNOME_SHELL_SESSION_MODE': 'ubuntu', 'GTK_MODULES': 'gail:atk-bridge', 'LC_MONETARY': 'pt_BR.UTF-8', 'LC_CTYPE': 'pt_BR.UTF-8', 'SYSTEMD_EXEC_PID': '5873', 'DBUS_SESSION_BUS_ADDRESS': 'unix:path=/run/user/1000/bus', 'COLORTERM': 'truecolor', 'COLCON_PREFIX_PATH': '/home/matheus/thesis_ws/install:/home/matheus/Desktop/TestesROS2/ros_unity_ws/install:/home/matheus/Desktop/TestesROS2/microros_ws/install', 'ROS_DISTRO': 'humble', 'GTK_IM_MODULE': 'ibus', 'LOGNAME': 'matheus', '_': '/usr/bin/colcon', 'ROS_VERSION': '2', 'XDG_SESSION_CLASS': 'user', 'USERNAME': 'matheus', 'TERM': 'xterm-256color', 'GNOME_DESKTOP_SESSION_ID': 'this-is-deprecated', 'ROS_LOCALHOST_ONLY': '0', 'WINDOWPATH': '2', 'PATH': '/opt/ros/humble/bin:/home/matheus/.local/bin:/usr/local/sbin:/usr/local/bin:/usr/sbin:/usr/bin:/sbin:/bin:/usr/games:/usr/local/games:/snap/bin:/snap/bin:/home/matheus/.platformio/penv/bin', 'SESSION_MANAGER': 'local/matheus-300E5M-300E5L:@/tmp/.ICE-unix/1844,unix/matheus-300E5M-300E5L:/tmp/.ICE-unix/1844', 'XDG_MENU_PREFIX': 'gnome-', 'LC_ADDRESS': 'pt_BR.UTF-8', 'GNOME_TERMINAL_SCREEN': '/org/gnome/Terminal/screen/af976568_ccbf_4557_8f73_0fd5587512bb', 'XDG_RUNTIME_DIR': '/run/user/1000', 'DISPLAY': ':0', 'LANG': 'en_US.UTF-8', 'XDG_CURRENT_DESKTOP': 'ubuntu:GNOME', 'LC_TELEPHONE': 'pt_BR.UTF-8', 'XMODIFIERS': '@im=ibus', 'XDG_SESSION_DESKTOP': 'ubuntu-xorg', 'XAUTHORITY': '/run/user/1000/gdm/Xauthority', 'LS_COLORS': 'rs=0:di=01;34:ln=01;36:mh=00:pi=40;33:so=01;35:do=01;35:bd=40;33;01:cd=40;33;01:or=40;31;01:mi=00:su=37;41:sg=30;43:ca=30;41:tw=30;42:ow=34;42:st=37;44:ex=01;32:*.tar=01;31:*.tgz=01;31:*.arc=01;31:*.arj=01;31:*.taz=01;31:*.lha=01;31:*.lz4=01;31:*.lzh=01;31:*.lzma=01;31:*.tlz=01;31:*.txz=01;31:*.tzo=01;31:*.t7z=01;31:*.zip=01;31:*.z=01;31:*.dz=01;31:*.gz=01;31:*.lrz=01;31:*.lz=01;31:*.lzo=01;31:*.xz=01;31:*.zst=01;31:*.tzst=01;31:*.bz2=01;31:*.bz=01;31:*.tbz=01;31:*.tbz2=01;31:*.tz=01;31:*.deb=01;31:*.rpm=01;31:*.jar=01;31:*.war=01;31:*.ear=01;31:*.sar=01;31:*.rar=01;31:*.alz=01;31:*.ace=01;31:*.zoo=01;31:*.cpio=01;31:*.7z=01;31:*.rz=01;31:*.cab=01;31:*.wim=01;31:*.swm=01;31:*.dwm=01;31:*.esd=01;31:*.jpg=01;35:*.jpeg=01;35:*.mjpg=01;35:*.mjpeg=01;35:*.gif=01;35:*.bmp=01;35:*.pbm=01;35:*.pgm=01;35:*.ppm=01;35:*.tga=01;35:*.xbm=01;35:*.xpm=01;35:*.tif=01;35:*.tiff=01;35:*.png=01;35:*.svg=01;35:*.svgz=01;35:*.mng=01;35:*.pcx=01;35:*.mov=01;35:*.mpg=01;35:*.mpeg=01;35:*.m2v=01;35:*.mkv=01;35:*.webm=01;35:*.webp=01;35:*.ogm=01;35:*.mp4=01;35:*.m4v=01;35:*.mp4v=01;35:*.vob=01;35:*.qt=01;35:*.nuv=01;35:*.wmv=01;35:*.asf=01;35:*.rm=01;35:*.rmvb=01;35:*.flc=01;35:*.avi=01;35:*.fli=01;35:*.flv=01;35:*.gl=01;35:*.dl=01;35:*.xcf=01;35:*.xwd=01;35:*.yuv=01;35:*.cgm=01;35:*.emf=01;35:*.ogv=01;35:*.ogx=01;35:*.aac=00;36:*.au=00;36:*.flac=00;36:*.m4a=00;36:*.mid=00;36:*.midi=00;36:*.mka=00;36:*.mp3=00;36:*.mpc=00;36:*.ogg=00;36:*.ra=00;36:*.wav=00;36:*.oga=00;36:*.opus=00;36:*.spx=00;36:*.xspf=00;36:', 'GNOME_TERMINAL_SERVICE': ':1.156', 'SSH_AGENT_LAUNCHER': 'gnome-keyring', 'SSH_AUTH_SOCK': '/run/user/1000/keyring/ssh', 'AMENT_PREFIX_PATH': '/home/matheus/thesis_ws/install/thesis_interfaces:/home/matheus/thesis_ws/install/hal_signal_processing:/home/matheus/thesis_ws/install/hal_interfaces:/home/matheus/thesis_ws/install/hal_device_manager:/home/matheus/thesis_ws/install/game_unity_bridge:/home/matheus/thesis_ws/install/game_session:/home/matheus/thesis_ws/install/game_input_mapping:/home/matheus/thesis_ws/install/encoder_guidao:/home/matheus/thesis_ws/install/encoder_device:/home/matheus/thesis_ws/install/data_logger:/home/matheus/Desktop/TestesROS2/ros_unity_ws/install/ros_tcp_endpoint:/home/matheus/Desktop/TestesROS2/microros_ws/install/micro_ros_setup:/home/matheus/Desktop/TestesROS2/microros_ws/install/micro_ros_agent:/home/matheus/Desktop/TestesROS2/microros_ws/install/micro_ros_msgs:/opt/ros/humble', 'SHELL': '/bin/bash', 'LC_NAME': 'pt_BR.UTF-8', 'QT_ACCESSIBILITY': '1', 'GDMSESSION': 'ubuntu-xorg', 'LESSCLOSE': '/usr/bin/lesspipe %s %s', 'LC_MEASUREMENT': 'pt_BR.UTF-8', 'GPG_AGENT_INFO': '/run/user/1000/gnupg/S.gpg-agent:0:1', 'LC_IDENTIFICATION': 'pt_BR.UTF-8', 'QT_IM_MODULE': 'ibus', 'PWD': '/home/matheus/thesis_ws/build/game_session', 'LC_ALL': 'en_US.UTF-8', 'XDG_CONFIG_DIRS': '/etc/xdg/xdg-ubuntu-xorg:/etc/xdg', 'XDG_DATA_DIRS': '/usr/share/ubuntu-xorg:/usr/share/gnome:/usr/local/share/:/usr/share/:/var/lib/snapd/desktop', 'PYTHONPATH': '/home/matheus/thesis_ws/build/game_session/prefix_override:/usr/lib/python3/dist-packages/colcon_core/task/python/colcon_distutils_commands:/home/matheus/thesis_ws/install/game_session/lib/python3.10/site-packages:/home/matheus/thesis_ws/install/hal_signal_processing/lib/python3.10/site-packages:/home/matheus/thesis_ws/install/hal_interfaces/local/lib/python3.10/dist-packages:/home/matheus/thesis_ws/install/hal_device_manager/lib/python3.10/site-packages:/home/matheus/thesis_ws/install/game_unity_bridge/lib/python3.10/site-packages:/home/matheus/thesis_ws/install/game_session/lib/python3.10/site-packages:/home/matheus/thesis_ws/install/game_input_mapping/lib/python3.10/site-packages:/home/matheus/thesis_ws/install/encoder_guidao/lib/python3.10/site-packages:/home/matheus/thesis_ws/install/encoder_device/lib/python3.10/site-packages:/home/matheus/thesis_ws/install/data_logger/lib/python3.10/site-packages:/home/matheus/Desktop/TestesROS2/ros_unity_ws/install/ros_tcp_endpoint/lib/python3.10/site-packages:/home/matheus/Desktop/TestesROS2/microros_ws/install/micro_ros_msgs/local/lib/python3.10/dist-packages:/opt/ros/humble/lib/python3.10/site-packages:/opt/ros/humble/local/lib/python3.10/dist-packages', 'LC_NUMERIC': 'pt_BR.UTF-8', 'LC_PAPER': 'pt_BR.UTF-8', 'COLCON': '1', 'VTE_VERSION': '6800', 'CMAKE_PREFIX_PATH': '/home/matheus/thesis_ws/install/thesis_interfaces:/home/matheus/thesis_ws/install/hal_interfaces:/home/matheus/Desktop/TestesROS2/microros_ws/install/micro_ros_setup:/home/matheus/Desktop/TestesROS2/microros_ws/install/micro_ros_agent:/home/matheus/Desktop/TestesROS2/microros_ws/install/micro_ros_msgs'}, 'shell': False}
[2.352977] (hal_device_manager) Command: {'cmd': ['/usr/bin/python3', '-W', 'ignore:setup.py install is deprecated', '-W', 'ignore:easy_install command is deprecated', 'setup.py', 'egg_info', '--egg-base', '../../build/hal_device_manager', 'build', '--build-base', '/home/matheus/thesis_ws/build/hal_device_manager/build', 'install', '--record', '/home/matheus/thesis_ws/build/hal_device_manager/install.log', '--install-scripts', '$base/lib/hal_device_manager', '--single-version-externally-managed', 'install_data'], 'cwd': '/home/matheus/thesis_ws/src/hal_device_manager', 'env': {'LESSOPEN': '| /usr/bin/lesspipe %s', 'USER': 'matheus', 'LC_TIME': 'pt_BR.UTF-8', 'XDG_SESSION_TYPE': 'x11', 'SHLVL': '1', 'LD_LIBRARY_PATH': '/home/matheus/thesis_ws/install/hal_interfaces/lib:/home/matheus/Desktop/TestesROS2/microros_ws/install/micro_ros_agent/lib:/home/matheus/Desktop/TestesROS2/microros_ws/install/micro_ros_msgs/lib:/opt/ros/humble/opt/rviz_ogre_vendor/lib:/opt/ros/humble/lib/x86_64-linux-gnu:/opt/ros/humble/lib', 'HOME': '/home/matheus', 'DESKTOP_SESSION': 'ubuntu-xorg', 'ROS_PYTHON_VERSION': '3', 'GNOME_SHELL_SESSION_MODE': 'ubuntu', 'GTK_MODULES': 'gail:atk-bridge', 'LC_MONETARY': 'pt_BR.UTF-8', 'LC_CTYPE': 'pt_BR.UTF-8', 'SYSTEMD_EXEC_PID': '5873', 'DBUS_SESSION_BUS_ADDRESS': 'unix:path=/run/user/1000/bus', 'COLORTERM': 'truecolor', 'COLCON_PREFIX_PATH': '/home/matheus/thesis_ws/install:/home/matheus/Desktop/TestesROS2/ros_unity_ws/install:/home/matheus/Desktop/TestesROS2/microros_ws/install', 'ROS_DISTRO': 'humble', 'GTK_IM_MODULE': 'ibus', 'LOGNAME': 'matheus', '_': '/usr/bin/colcon', 'ROS_VERSION': '2', 'XDG_SESSION_CLASS': 'user', 'USERNAME': 'matheus', 'TERM': 'xterm-256color', 'GNOME_DESKTOP_SESSION_ID': 'this-is-deprecated', 'ROS_LOCALHOST_ONLY': '0', 'WINDOWPATH': '2', 'PATH': '/opt/ros/humble/bin:/home/matheus/.local/bin:/usr/local/sbin:/usr/local/bin:/usr/sbin:/usr/bin:/sbin:/bin:/usr/games:/usr/local/games:/snap/bin:/snap/bin:/home/matheus/.platformio/penv/bin', 'SESSION_MANAGER': 'local/matheus-300E5M-300E5L:@/tmp/.ICE-unix/1844,unix/matheus-300E5M-300E5L:/tmp/.ICE-unix/1844', 'XDG_MENU_PREFIX': 'gnome-', 'LC_ADDRESS': 'pt_BR.UTF-8', 'GNOME_TERMINAL_SCREEN': '/org/gnome/Terminal/screen/af976568_ccbf_4557_8f73_0fd5587512bb', 'XDG_RUNTIME_DIR': '/run/user/1000', 'DISPLAY': ':0', 'LANG': 'en_US.UTF-8', 'XDG_CURRENT_DESKTOP': 'ubuntu:GNOME', 'LC_TELEPHONE': 'pt_BR.UTF-8', 'XMODIFIERS': '@im=ibus', 'XDG_SESSION_DESKTOP': 'ubuntu-xorg', 'XAUTHORITY': '/run/user/1000/gdm/Xauthority', 'LS_COLORS': 'rs=0:di=01;34:ln=01;36:mh=00:pi=40;33:so=01;35:do=01;35:bd=40;33;01:cd=40;33;01:or=40;31;01:mi=00:su=37;41:sg=30;43:ca=30;41:tw=30;42:ow=34;42:st=37;44:ex=01;32:*.tar=01;31:*.tgz=01;31:*.arc=01;31:*.arj=01;31:*.taz=01;31:*.lha=01;31:*.lz4=01;31:*.lzh=01;31:*.lzma=01;31:*.tlz=01;31:*.txz=01;31:*.tzo=01;31:*.t7z=01;31:*.zip=01;31:*.z=01;31:*.dz=01;31:*.gz=01;31:*.lrz=01;31:*.lz=01;31:*.lzo=01;31:*.xz=01;31:*.zst=01;31:*.tzst=01;31:*.bz2=01;31:*.bz=01;31:*.tbz=01;31:*.tbz2=01;31:*.tz=01;31:*.deb=01;31:*.rpm=01;31:*.jar=01;31:*.war=01;31:*.ear=01;31:*.sar=01;31:*.rar=01;31:*.alz=01;31:*.ace=01;31:*.zoo=01;31:*.cpio=01;31:*.7z=01;31:*.rz=01;31:*.cab=01;31:*.wim=01;31:*.swm=01;31:*.dwm=01;31:*.esd=01;31:*.jpg=01;35:*.jpeg=01;35:*.mjpg=01;35:*.mjpeg=01;35:*.gif=01;35:*.bmp=01;35:*.pbm=01;35:*.pgm=01;35:*.ppm=01;35:*.tga=01;35:*.xbm=01;35:*.xpm=01;35:*.tif=01;35:*.tiff=01;35:*.png=01;35:*.svg=01;35:*.svgz=01;35:*.mng=01;35:*.pcx=01;35:*.mov=01;35:*.mpg=01;35:*.mpeg=01;35:*.m2v=01;35:*.mkv=01;35:*.webm=01;35:*.webp=01;35:*.ogm=01;35:*.mp4=01;35:*.m4v=01;35:*.mp4v=01;35:*.vob=01;35:*.qt=01;35:*.nuv=01;35:*.wmv=01;35:*.asf=01;35:*.rm=01;35:*.rmvb=01;35:*.flc=01;35:*.avi=01;35:*.fli=01;35:*.flv=01;35:*.gl=01;35:*.dl=01;35:*.xcf=01;35:*.xwd=01;35:*.yuv=01;35:*.cgm=01;35:*.emf=01;35:*.ogv=01;35:*.ogx=01;35:*.aac=00;36:*.au=00;36:*.flac=00;36:*.m4a=00;36:*.mid=00;36:*.midi=00;36:*.mka=00;36:*.mp3=00;36:*.mpc=00;36:*.ogg=00;36:*.ra=00;36:*.wav=00;36:*.oga=00;36:*.opus=00;36:*.spx=00;36:*.xspf=00;36:', 'GNOME_TERMINAL_SERVICE': ':1.156', 'SSH_AGENT_LAUNCHER': 'gnome-keyring', 'SSH_AUTH_SOCK': '/run/user/1000/keyring/ssh', 'AMENT_PREFIX_PATH': '/home/matheus/thesis_ws/install/thesis_interfaces:/home/matheus/thesis_ws/install/hal_signal_processing:/home/matheus/thesis_ws/install/hal_interfaces:/home/matheus/thesis_ws/install/hal_device_manager:/home/matheus/thesis_ws/install/game_unity_bridge:/home/matheus/thesis_ws/install/game_session:/home/matheus/thesis_ws/install/game_input_mapping:/home/matheus/thesis_ws/install/encoder_guidao:/home/matheus/thesis_ws/install/encoder_device:/home/matheus/thesis_ws/install/data_logger:/home/matheus/Desktop/TestesROS2/ros_unity_ws/install/ros_tcp_endpoint:/home/matheus/Desktop/TestesROS2/microros_ws/install/micro_ros_setup:/home/matheus/Desktop/TestesROS2/microros_ws/install/micro_ros_agent:/home/matheus/Desktop/TestesROS2/microros_ws/install/micro_ros_msgs:/opt/ros/humble', 'SHELL': '/bin/bash', 'LC_NAME': 'pt_BR.UTF-8', 'QT_ACCESSIBILITY': '1', 'GDMSESSION': 'ubuntu-xorg', 'LESSCLOSE': '/usr/bin/lesspipe %s %s', 'LC_MEASUREMENT': 'pt_BR.UTF-8', 'GPG_AGENT_INFO': '/run/user/1000/gnupg/S.gpg-agent:0:1', 'LC_IDENTIFICATION': 'pt_BR.UTF-8', 'QT_IM_MODULE': 'ibus', 'PWD': '/home/matheus/thesis_ws/build/hal_device_manager', 'LC_ALL': 'en_US.UTF-8', 'XDG_CONFIG_DIRS': '/etc/xdg/xdg-ubuntu-xorg:/etc/xdg', 'XDG_DATA_DIRS': '/usr/share/ubuntu-xorg:/usr/share/gnome:/usr/local/share/:/usr/share/:/var/lib/snapd/desktop', 'PYTHONPATH': '/home/matheus/thesis_ws/build/hal_device_manager/prefix_override:/usr/lib/python3/dist-packages/colcon_core/task/python/colcon_distutils_commands:/home/matheus/thesis_ws/install/hal_device_manager/lib/python3.10/site-packages:/home/matheus/thesis_ws/install/hal_signal_processing/lib/python3.10/site-packages:/home/matheus/thesis_ws/install/hal_interfaces/local/lib/python3.10/dist-packages:/home/matheus/thesis_ws/install/hal_device_manager/lib/python3.10/site-packages:/home/matheus/thesis_ws/install/game_unity_bridge/lib/python3.10/site-packages:/home/matheus/thesis_ws/install/game_session/lib/python3.10/site-packages:/home/matheus/thesis_ws/install/game_input_mapping/lib/python3.10/site-packages:/home/matheus/thesis_ws/install/encoder_guidao/lib/python3.10/site-packages:/home/matheus/thesis_ws/install/encoder_device/lib/python3.10/site-packages:/home/matheus/thesis_ws/install/data_logger/lib/python3.10/site-packages:/home/matheus/Desktop/TestesROS2/ros_unity_ws/install/ros_tcp_endpoint/lib/python3.10/site-packages:/home/matheus/Desktop/TestesROS2/microros_ws/install/micro_ros_msgs/local/lib/python3.10/dist-packages:/opt/ros/humble/lib/python3.10/site-packages:/opt/ros/humble/local/lib/python3.10/dist-packages', 'LC_NUMERIC': 'pt_BR.UTF-8', 'LC_PAPER': 'pt_BR.UTF-8', 'COLCON': '1', 'VTE_VERSION': '6800', 'CMAKE_PREFIX_PATH': '/home/matheus/thesis_ws/install/thesis_interfaces:/home/matheus/thesis_ws/install/hal_interfaces:/home/matheus/Desktop/TestesROS2/microros_ws/install/micro_ros_setup:/home/matheus/Desktop/TestesROS2/microros_ws/install/micro_ros_agent:/home/matheus/Desktop/TestesROS2/microros_ws/install/micro_ros_msgs'}, 'shell': False}
[2.370158] (game_unity_bridge) Command: {'cmd': ['/usr/bin/python3', '-W', 'ignore:setup.py install is deprecated', '-W', 'ignore:easy_install command is deprecated', 'setup.py', 'egg_info', '--egg-base', '../../build/game_unity_bridge', 'build', '--build-base', '/home/matheus/thesis_ws/build/game_unity_bridge/build', 'install', '--record', '/home/matheus/thesis_ws/build/game_unity_bridge/install.log', '--install-scripts', '$base/lib/game_unity_bridge', '--single-version-externally-managed', 'install_data'], 'cwd': '/home/matheus/thesis_ws/src/game_unity_bridge', 'env': {'LESSOPEN': '| /usr/bin/lesspipe %s', 'USER': 'matheus', 'LC_TIME': 'pt_BR.UTF-8', 'XDG_SESSION_TYPE': 'x11', 'SHLVL': '1', 'LD_LIBRARY_PATH': '/home/matheus/thesis_ws/install/hal_interfaces/lib:/home/matheus/Desktop/TestesROS2/microros_ws/install/micro_ros_agent/lib:/home/matheus/Desktop/TestesROS2/microros_ws/install/micro_ros_msgs/lib:/opt/ros/humble/opt/rviz_ogre_vendor/lib:/opt/ros/humble/lib/x86_64-linux-gnu:/opt/ros/humble/lib', 'HOME': '/home/matheus', 'DESKTOP_SESSION': 'ubuntu-xorg', 'ROS_PYTHON_VERSION': '3', 'GNOME_SHELL_SESSION_MODE': 'ubuntu', 'GTK_MODULES': 'gail:atk-bridge', 'LC_MONETARY': 'pt_BR.UTF-8', 'LC_CTYPE': 'pt_BR.UTF-8', 'SYSTEMD_EXEC_PID': '5873', 'DBUS_SESSION_BUS_ADDRESS': 'unix:path=/run/user/1000/bus', 'COLORTERM': 'truecolor', 'COLCON_PREFIX_PATH': '/home/matheus/thesis_ws/install:/home/matheus/Desktop/TestesROS2/ros_unity_ws/install:/home/matheus/Desktop/TestesROS2/microros_ws/install', 'ROS_DISTRO': 'humble', 'GTK_IM_MODULE': 'ibus', 'LOGNAME': 'matheus', '_': '/usr/bin/colcon', 'ROS_VERSION': '2', 'XDG_SESSION_CLASS': 'user', 'USERNAME': 'matheus', 'TERM': 'xterm-256color', 'GNOME_DESKTOP_SESSION_ID': 'this-is-deprecated', 'ROS_LOCALHOST_ONLY': '0', 'WINDOWPATH': '2', 'PATH': '/opt/ros/humble/bin:/home/matheus/.local/bin:/usr/local/sbin:/usr/local/bin:/usr/sbin:/usr/bin:/sbin:/bin:/usr/games:/usr/local/games:/snap/bin:/snap/bin:/home/matheus/.platformio/penv/bin', 'SESSION_MANAGER': 'local/matheus-300E5M-300E5L:@/tmp/.ICE-unix/1844,unix/matheus-300E5M-300E5L:/tmp/.ICE-unix/1844', 'XDG_MENU_PREFIX': 'gnome-', 'LC_ADDRESS': 'pt_BR.UTF-8', 'GNOME_TERMINAL_SCREEN': '/org/gnome/Terminal/screen/af976568_ccbf_4557_8f73_0fd5587512bb', 'XDG_RUNTIME_DIR': '/run/user/1000', 'DISPLAY': ':0', 'LANG': 'en_US.UTF-8', 'XDG_CURRENT_DESKTOP': 'ubuntu:GNOME', 'LC_TELEPHONE': 'pt_BR.UTF-8', 'XMODIFIERS': '@im=ibus', 'XDG_SESSION_DESKTOP': 'ubuntu-xorg', 'XAUTHORITY': '/run/user/1000/gdm/Xauthority', 'LS_COLORS': 'rs=0:di=01;34:ln=01;36:mh=00:pi=40;33:so=01;35:do=01;35:bd=40;33;01:cd=40;33;01:or=40;31;01:mi=00:su=37;41:sg=30;43:ca=30;41:tw=30;42:ow=34;42:st=37;44:ex=01;32:*.tar=01;31:*.tgz=01;31:*.arc=01;31:*.arj=01;31:*.taz=01;31:*.lha=01;31:*.lz4=01;31:*.lzh=01;31:*.lzma=01;31:*.tlz=01;31:*.txz=01;31:*.tzo=01;31:*.t7z=01;31:*.zip=01;31:*.z=01;31:*.dz=01;31:*.gz=01;31:*.lrz=01;31:*.lz=01;31:*.lzo=01;31:*.xz=01;31:*.zst=01;31:*.tzst=01;31:*.bz2=01;31:*.bz=01;31:*.tbz=01;31:*.tbz2=01;31:*.tz=01;31:*.deb=01;31:*.rpm=01;31:*.jar=01;31:*.war=01;31:*.ear=01;31:*.sar=01;31:*.rar=01;31:*.alz=01;31:*.ace=01;31:*.zoo=01;31:*.cpio=01;31:*.7z=01;31:*.rz=01;31:*.cab=01;31:*.wim=01;31:*.swm=01;31:*.dwm=01;31:*.esd=01;31:*.jpg=01;35:*.jpeg=01;35:*.mjpg=01;35:*.mjpeg=01;35:*.gif=01;35:*.bmp=01;35:*.pbm=01;35:*.pgm=01;35:*.ppm=01;35:*.tga=01;35:*.xbm=01;35:*.xpm=01;35:*.tif=01;35:*.tiff=01;35:*.png=01;35:*.svg=01;35:*.svgz=01;35:*.mng=01;35:*.pcx=01;35:*.mov=01;35:*.mpg=01;35:*.mpeg=01;35:*.m2v=01;35:*.mkv=01;35:*.webm=01;35:*.webp=01;35:*.ogm=01;35:*.mp4=01;35:*.m4v=01;35:*.mp4v=01;35:*.vob=01;35:*.qt=01;35:*.nuv=01;35:*.wmv=01;35:*.asf=01;35:*.rm=01;35:*.rmvb=01;35:*.flc=01;35:*.avi=01;35:*.fli=01;35:*.flv=01;35:*.gl=01;35:*.dl=01;35:*.xcf=01;35:*.xwd=01;35:*.yuv=01;35:*.cgm=01;35:*.emf=01;35:*.ogv=01;35:*.ogx=01;35:*.aac=00;36:*.au=00;36:*.flac=00;36:*.m4a=00;36:*.mid=00;36:*.midi=00;36:*.mka=00;36:*.mp3=00;36:*.mpc=00;36:*.ogg=00;36:*.ra=00;36:*.wav=00;36:*.oga=00;36:*.opus=00;36:*.spx=00;36:*.xspf=00;36:', 'GNOME_TERMINAL_SERVICE': ':1.156', 'SSH_AGENT_LAUNCHER': 'gnome-keyring', 'SSH_AUTH_SOCK': '/run/user/1000/keyring/ssh', 'AMENT_PREFIX_PATH': '/home/matheus/thesis_ws/install/thesis_interfaces:/home/matheus/thesis_ws/install/hal_signal_processing:/home/matheus/thesis_ws/install/hal_interfaces:/home/matheus/thesis_ws/install/hal_device_manager:/home/matheus/thesis_ws/install/game_unity_bridge:/home/matheus/thesis_ws/install/game_session:/home/matheus/thesis_ws/install/game_input_mapping:/home/matheus/thesis_ws/install/encoder_guidao:/home/matheus/thesis_ws/install/encoder_device:/home/matheus/thesis_ws/install/data_logger:/home/matheus/Desktop/TestesROS2/ros_unity_ws/install/ros_tcp_endpoint:/home/matheus/Desktop/TestesROS2/microros_ws/install/micro_ros_setup:/home/matheus/Desktop/TestesROS2/microros_ws/install/micro_ros_agent:/home/matheus/Desktop/TestesROS2/microros_ws/install/micro_ros_msgs:/opt/ros/humble', 'SHELL': '/bin/bash', 'LC_NAME': 'pt_BR.UTF-8', 'QT_ACCESSIBILITY': '1', 'GDMSESSION': 'ubuntu-xorg', 'LESSCLOSE': '/usr/bin/lesspipe %s %s', 'LC_MEASUREMENT': 'pt_BR.UTF-8', 'GPG_AGENT_INFO': '/run/user/1000/gnupg/S.gpg-agent:0:1', 'LC_IDENTIFICATION': 'pt_BR.UTF-8', 'QT_IM_MODULE': 'ibus', 'PWD': '/home/matheus/thesis_ws/build/game_unity_bridge', 'LC_ALL': 'en_US.UTF-8', 'XDG_CONFIG_DIRS': '/etc/xdg/xdg-ubuntu-xorg:/etc/xdg', 'XDG_DATA_DIRS': '/usr/share/ubuntu-xorg:/usr/share/gnome:/usr/local/share/:/usr/share/:/var/lib/snapd/desktop', 'PYTHONPATH': '/home/matheus/thesis_ws/build/game_unity_bridge/prefix_override:/usr/lib/python3/dist-packages/colcon_core/task/python/colcon_distutils_commands:/home/matheus/thesis_ws/install/game_unity_bridge/lib/python3.10/site-packages:/home/matheus/thesis_ws/install/hal_signal_processing/lib/python3.10/site-packages:/home/matheus/thesis_ws/install/hal_interfaces/local/lib/python3.10/dist-packages:/home/matheus/thesis_ws/install/hal_device_manager/lib/python3.10/site-packages:/home/matheus/thesis_ws/install/game_unity_bridge/lib/python3.10/site-packages:/home/matheus/thesis_ws/install/game_session/lib/python3.10/site-packages:/home/matheus/thesis_ws/install/game_input_mapping/lib/python3.10/site-packages:/home/matheus/thesis_ws/install/encoder_guidao/lib/python3.10/site-packages:/home/matheus/thesis_ws/install/encoder_device/lib/python3.10/site-packages:/home/matheus/thesis_ws/install/data_logger/lib/python3.10/site-packages:/home/matheus/Desktop/TestesROS2/ros_unity_ws/install/ros_tcp_endpoint/lib/python3.10/site-packages:/home/matheus/Desktop/TestesROS2/microros_ws/install/micro_ros_msgs/local/lib/python3.10/dist-packages:/opt/ros/humble/lib/python3.10/site-packages:/opt/ros/humble/local/lib/python3.10/dist-packages', 'LC_NUMERIC': 'pt_BR.UTF-8', 'LC_PAPER': 'pt_BR.UTF-8', 'COLCON': '1', 'VTE_VERSION': '6800', 'CMAKE_PREFIX_PATH': '/home/matheus/thesis_ws/install/thesis_interfaces:/home/matheus/thesis_ws/install/hal_interfaces:/home/matheus/Desktop/TestesROS2/microros_ws/install/micro_ros_setup:/home/matheus/Desktop/TestesROS2/microros_ws/install/micro_ros_agent:/home/matheus/Desktop/TestesROS2/microros_ws/install/micro_ros_msgs'}, 'shell': False}
[2.380102] (data_logger) Command: {'cmd': ['/usr/bin/python3', '-W', 'ignore:setup.py install is deprecated', '-W', 'ignore:easy_install command is deprecated', 'setup.py', 'egg_info', '--egg-base', '../../build/data_logger', 'build', '--build-base', '/home/matheus/thesis_ws/build/data_logger/build', 'install', '--record', '/home/matheus/thesis_ws/build/data_logger/install.log', '--install-scripts', '$base/lib/data_logger', '--single-version-externally-managed', 'install_data'], 'cwd': '/home/matheus/thesis_ws/src/data_logger', 'env': {'LESSOPEN': '| /usr/bin/lesspipe %s', 'USER': 'matheus', 'LC_TIME': 'pt_BR.UTF-8', 'XDG_SESSION_TYPE': 'x11', 'SHLVL': '1', 'LD_LIBRARY_PATH': '/home/matheus/thesis_ws/install/hal_interfaces/lib:/home/matheus/Desktop/TestesROS2/microros_ws/install/micro_ros_agent/lib:/home/matheus/Desktop/TestesROS2/microros_ws/install/micro_ros_msgs/lib:/opt/ros/humble/opt/rviz_ogre_vendor/lib:/opt/ros/humble/lib/x86_64-linux-gnu:/opt/ros/humble/lib', 'HOME': '/home/matheus', 'DESKTOP_SESSION': 'ubuntu-xorg', 'ROS_PYTHON_VERSION': '3', 'GNOME_SHELL_SESSION_MODE': 'ubuntu', 'GTK_MODULES': 'gail:atk-bridge', 'LC_MONETARY': 'pt_BR.UTF-8', 'LC_CTYPE': 'pt_BR.UTF-8', 'SYSTEMD_EXEC_PID': '5873', 'DBUS_SESSION_BUS_ADDRESS': 'unix:path=/run/user/1000/bus', 'COLORTERM': 'truecolor', 'COLCON_PREFIX_PATH': '/home/matheus/thesis_ws/install:/home/matheus/Desktop/TestesROS2/ros_unity_ws/install:/home/matheus/Desktop/TestesROS2/microros_ws/install', 'ROS_DISTRO': 'humble', 'GTK_IM_MODULE': 'ibus', 'LOGNAME': 'matheus', '_': '/usr/bin/colcon', 'ROS_VERSION': '2', 'XDG_SESSION_CLASS': 'user', 'USERNAME': 'matheus', 'TERM': 'xterm-256color', 'GNOME_DESKTOP_SESSION_ID': 'this-is-deprecated', 'ROS_LOCALHOST_ONLY': '0', 'WINDOWPATH': '2', 'PATH': '/opt/ros/humble/bin:/home/matheus/.local/bin:/usr/local/sbin:/usr/local/bin:/usr/sbin:/usr/bin:/sbin:/bin:/usr/games:/usr/local/games:/snap/bin:/snap/bin:/home/matheus/.platformio/penv/bin', 'SESSION_MANAGER': 'local/matheus-300E5M-300E5L:@/tmp/.ICE-unix/1844,unix/matheus-300E5M-300E5L:/tmp/.ICE-unix/1844', 'XDG_MENU_PREFIX': 'gnome-', 'LC_ADDRESS': 'pt_BR.UTF-8', 'GNOME_TERMINAL_SCREEN': '/org/gnome/Terminal/screen/af976568_ccbf_4557_8f73_0fd5587512bb', 'XDG_RUNTIME_DIR': '/run/user/1000', 'DISPLAY': ':0', 'LANG': 'en_US.UTF-8', 'XDG_CURRENT_DESKTOP': 'ubuntu:GNOME', 'LC_TELEPHONE': 'pt_BR.UTF-8', 'XMODIFIERS': '@im=ibus', 'XDG_SESSION_DESKTOP': 'ubuntu-xorg', 'XAUTHORITY': '/run/user/1000/gdm/Xauthority', 'LS_COLORS': 'rs=0:di=01;34:ln=01;36:mh=00:pi=40;33:so=01;35:do=01;35:bd=40;33;01:cd=40;33;01:or=40;31;01:mi=00:su=37;41:sg=30;43:ca=30;41:tw=30;42:ow=34;42:st=37;44:ex=01;32:*.tar=01;31:*.tgz=01;31:*.arc=01;31:*.arj=01;31:*.taz=01;31:*.lha=01;31:*.lz4=01;31:*.lzh=01;31:*.lzma=01;31:*.tlz=01;31:*.txz=01;31:*.tzo=01;31:*.t7z=01;31:*.zip=01;31:*.z=01;31:*.dz=01;31:*.gz=01;31:*.lrz=01;31:*.lz=01;31:*.lzo=01;31:*.xz=01;31:*.zst=01;31:*.tzst=01;31:*.bz2=01;31:*.bz=01;31:*.tbz=01;31:*.tbz2=01;31:*.tz=01;31:*.deb=01;31:*.rpm=01;31:*.jar=01;31:*.war=01;31:*.ear=01;31:*.sar=01;31:*.rar=01;31:*.alz=01;31:*.ace=01;31:*.zoo=01;31:*.cpio=01;31:*.7z=01;31:*.rz=01;31:*.cab=01;31:*.wim=01;31:*.swm=01;31:*.dwm=01;31:*.esd=01;31:*.jpg=01;35:*.jpeg=01;35:*.mjpg=01;35:*.mjpeg=01;35:*.gif=01;35:*.bmp=01;35:*.pbm=01;35:*.pgm=01;35:*.ppm=01;35:*.tga=01;35:*.xbm=01;35:*.xpm=01;35:*.tif=01;35:*.tiff=01;35:*.png=01;35:*.svg=01;35:*.svgz=01;35:*.mng=01;35:*.pcx=01;35:*.mov=01;35:*.mpg=01;35:*.mpeg=01;35:*.m2v=01;35:*.mkv=01;35:*.webm=01;35:*.webp=01;35:*.ogm=01;35:*.mp4=01;35:*.m4v=01;35:*.mp4v=01;35:*.vob=01;35:*.qt=01;35:*.nuv=01;35:*.wmv=01;35:*.asf=01;35:*.rm=01;35:*.rmvb=01;35:*.flc=01;35:*.avi=01;35:*.fli=01;35:*.flv=01;35:*.gl=01;35:*.dl=01;35:*.xcf=01;35:*.xwd=01;35:*.yuv=01;35:*.cgm=01;35:*.emf=01;35:*.ogv=01;35:*.ogx=01;35:*.aac=00;36:*.au=00;36:*.flac=00;36:*.m4a=00;36:*.mid=00;36:*.midi=00;36:*.mka=00;36:*.mp3=00;36:*.mpc=00;36:*.ogg=00;36:*.ra=00;36:*.wav=00;36:*.oga=00;36:*.opus=00;36:*.spx=00;36:*.xspf=00;36:', 'GNOME_TERMINAL_SERVICE': ':1.156', 'SSH_AGENT_LAUNCHER': 'gnome-keyring', 'SSH_AUTH_SOCK': '/run/user/1000/keyring/ssh', 'AMENT_PREFIX_PATH': '/home/matheus/thesis_ws/install/thesis_interfaces:/home/matheus/thesis_ws/install/hal_signal_processing:/home/matheus/thesis_ws/install/hal_interfaces:/home/matheus/thesis_ws/install/hal_device_manager:/home/matheus/thesis_ws/install/game_unity_bridge:/home/matheus/thesis_ws/install/game_session:/home/matheus/thesis_ws/install/game_input_mapping:/home/matheus/thesis_ws/install/encoder_guidao:/home/matheus/thesis_ws/install/encoder_device:/home/matheus/thesis_ws/install/data_logger:/home/matheus/Desktop/TestesROS2/ros_unity_ws/install/ros_tcp_endpoint:/home/matheus/Desktop/TestesROS2/microros_ws/install/micro_ros_setup:/home/matheus/Desktop/TestesROS2/microros_ws/install/micro_ros_agent:/home/matheus/Desktop/TestesROS2/microros_ws/install/micro_ros_msgs:/opt/ros/humble', 'SHELL': '/bin/bash', 'LC_NAME': 'pt_BR.UTF-8', 'QT_ACCESSIBILITY': '1', 'GDMSESSION': 'ubuntu-xorg', 'LESSCLOSE': '/usr/bin/lesspipe %s %s', 'LC_MEASUREMENT': 'pt_BR.UTF-8', 'GPG_AGENT_INFO': '/run/user/1000/gnupg/S.gpg-agent:0:1', 'LC_IDENTIFICATION': 'pt_BR.UTF-8', 'QT_IM_MODULE': 'ibus', 'PWD': '/home/matheus/thesis_ws/build/data_logger', 'LC_ALL': 'en_US.UTF-8', 'XDG_CONFIG_DIRS': '/etc/xdg/xdg-ubuntu-xorg:/etc/xdg', 'XDG_DATA_DIRS': '/usr/share/ubuntu-xorg:/usr/share/gnome:/usr/local/share/:/usr/share/:/var/lib/snapd/desktop', 'PYTHONPATH': '/home/matheus/thesis_ws/build/data_logger/prefix_override:/usr/lib/python3/dist-packages/colcon_core/task/python/colcon_distutils_commands:/home/matheus/thesis_ws/install/data_logger/lib/python3.10/site-packages:/home/matheus/thesis_ws/install/hal_signal_processing/lib/python3.10/site-packages:/home/matheus/thesis_ws/install/hal_interfaces/local/lib/python3.10/dist-packages:/home/matheus/thesis_ws/install/hal_device_manager/lib/python3.10/site-packages:/home/matheus/thesis_ws/install/game_unity_bridge/lib/python3.10/site-packages:/home/matheus/thesis_ws/install/game_session/lib/python3.10/site-packages:/home/matheus/thesis_ws/install/game_input_mapping/lib/python3.10/site-packages:/home/matheus/thesis_ws/install/encoder_guidao/lib/python3.10/site-packages:/home/matheus/thesis_ws/install/encoder_device/lib/python3.10/site-packages:/home/matheus/thesis_ws/install/data_logger/lib/python3.10/site-packages:/home/matheus/Desktop/TestesROS2/ros_unity_ws/install/ros_tcp_endpoint/lib/python3.10/site-packages:/home/matheus/Desktop/TestesROS2/microros_ws/install/micro_ros_msgs/local/lib/python3.10/dist-packages:/opt/ros/humble/lib/python3.10/site-packages:/opt/ros/humble/local/lib/python3.10/dist-packages', 'LC_NUMERIC': 'pt_BR.UTF-8', 'LC_PAPER': 'pt_BR.UTF-8', 'COLCON': '1', 'VTE_VERSION': '6800', 'CMAKE_PREFIX_PATH': '/home/matheus/thesis_ws/install/thesis_interfaces:/home/matheus/thesis_ws/install/hal_interfaces:/home/matheus/Desktop/TestesROS2/microros_ws/install/micro_ros_setup:/home/matheus/Desktop/TestesROS2/microros_ws/install/micro_ros_agent:/home/matheus/Desktop/TestesROS2/microros_ws/install/micro_ros_msgs'}, 'shell': False}
[2.398008] (game_input_mapping) Command: {'cmd': ['/usr/bin/python3', '-W', 'ignore:setup.py install is deprecated', '-W', 'ignore:easy_install command is deprecated', 'setup.py', 'egg_info', '--egg-base', '../../build/game_input_mapping', 'build', '--build-base', '/home/matheus/thesis_ws/build/game_input_mapping/build', 'install', '--record', '/home/matheus/thesis_ws/build/game_input_mapping/install.log', '--install-scripts', '$base/lib/game_input_mapping', '--single-version-externally-managed', 'install_data'], 'cwd': '/home/matheus/thesis_ws/src/game_input_mapping', 'env': {'LESSOPEN': '| /usr/bin/lesspipe %s', 'USER': 'matheus', 'LC_TIME': 'pt_BR.UTF-8', 'XDG_SESSION_TYPE': 'x11', 'SHLVL': '1', 'LD_LIBRARY_PATH': '/home/matheus/thesis_ws/install/hal_interfaces/lib:/home/matheus/Desktop/TestesROS2/microros_ws/install/micro_ros_agent/lib:/home/matheus/Desktop/TestesROS2/microros_ws/install/micro_ros_msgs/lib:/opt/ros/humble/opt/rviz_ogre_vendor/lib:/opt/ros/humble/lib/x86_64-linux-gnu:/opt/ros/humble/lib', 'HOME': '/home/matheus', 'DESKTOP_SESSION': 'ubuntu-xorg', 'ROS_PYTHON_VERSION': '3', 'GNOME_SHELL_SESSION_MODE': 'ubuntu', 'GTK_MODULES': 'gail:atk-bridge', 'LC_MONETARY': 'pt_BR.UTF-8', 'LC_CTYPE': 'pt_BR.UTF-8', 'SYSTEMD_EXEC_PID': '5873', 'DBUS_SESSION_BUS_ADDRESS': 'unix:path=/run/user/1000/bus', 'COLORTERM': 'truecolor', 'COLCON_PREFIX_PATH': '/home/matheus/thesis_ws/install:/home/matheus/Desktop/TestesROS2/ros_unity_ws/install:/home/matheus/Desktop/TestesROS2/microros_ws/install', 'ROS_DISTRO': 'humble', 'GTK_IM_MODULE': 'ibus', 'LOGNAME': 'matheus', '_': '/usr/bin/colcon', 'ROS_VERSION': '2', 'XDG_SESSION_CLASS': 'user', 'USERNAME': 'matheus', 'TERM': 'xterm-256color', 'GNOME_DESKTOP_SESSION_ID': 'this-is-deprecated', 'ROS_LOCALHOST_ONLY': '0', 'WINDOWPATH': '2', 'PATH': '/opt/ros/humble/bin:/home/matheus/.local/bin:/usr/local/sbin:/usr/local/bin:/usr/sbin:/usr/bin:/sbin:/bin:/usr/games:/usr/local/games:/snap/bin:/snap/bin:/home/matheus/.platformio/penv/bin', 'SESSION_MANAGER': 'local/matheus-300E5M-300E5L:@/tmp/.ICE-unix/1844,unix/matheus-300E5M-300E5L:/tmp/.ICE-unix/1844', 'XDG_MENU_PREFIX': 'gnome-', 'LC_ADDRESS': 'pt_BR.UTF-8', 'GNOME_TERMINAL_SCREEN': '/org/gnome/Terminal/screen/af976568_ccbf_4557_8f73_0fd5587512bb', 'XDG_RUNTIME_DIR': '/run/user/1000', 'DISPLAY': ':0', 'LANG': 'en_US.UTF-8', 'XDG_CURRENT_DESKTOP': 'ubuntu:GNOME', 'LC_TELEPHONE': 'pt_BR.UTF-8', 'XMODIFIERS': '@im=ibus', 'XDG_SESSION_DESKTOP': 'ubuntu-xorg', 'XAUTHORITY': '/run/user/1000/gdm/Xauthority', 'LS_COLORS': 'rs=0:di=01;34:ln=01;36:mh=00:pi=40;33:so=01;35:do=01;35:bd=40;33;01:cd=40;33;01:or=40;31;01:mi=00:su=37;41:sg=30;43:ca=30;41:tw=30;42:ow=34;42:st=37;44:ex=01;32:*.tar=01;31:*.tgz=01;31:*.arc=01;31:*.arj=01;31:*.taz=01;31:*.lha=01;31:*.lz4=01;31:*.lzh=01;31:*.lzma=01;31:*.tlz=01;31:*.txz=01;31:*.tzo=01;31:*.t7z=01;31:*.zip=01;31:*.z=01;31:*.dz=01;31:*.gz=01;31:*.lrz=01;31:*.lz=01;31:*.lzo=01;31:*.xz=01;31:*.zst=01;31:*.tzst=01;31:*.bz2=01;31:*.bz=01;31:*.tbz=01;31:*.tbz2=01;31:*.tz=01;31:*.deb=01;31:*.rpm=01;31:*.jar=01;31:*.war=01;31:*.ear=01;31:*.sar=01;31:*.rar=01;31:*.alz=01;31:*.ace=01;31:*.zoo=01;31:*.cpio=01;31:*.7z=01;31:*.rz=01;31:*.cab=01;31:*.wim=01;31:*.swm=01;31:*.dwm=01;31:*.esd=01;31:*.jpg=01;35:*.jpeg=01;35:*.mjpg=01;35:*.mjpeg=01;35:*.gif=01;35:*.bmp=01;35:*.pbm=01;35:*.pgm=01;35:*.ppm=01;35:*.tga=01;35:*.xbm=01;35:*.xpm=01;35:*.tif=01;35:*.tiff=01;35:*.png=01;35:*.svg=01;35:*.svgz=01;35:*.mng=01;35:*.pcx=01;35:*.mov=01;35:*.mpg=01;35:*.mpeg=01;35:*.m2v=01;35:*.mkv=01;35:*.webm=01;35:*.webp=01;35:*.ogm=01;35:*.mp4=01;35:*.m4v=01;35:*.mp4v=01;35:*.vob=01;35:*.qt=01;35:*.nuv=01;35:*.wmv=01;35:*.asf=01;35:*.rm=01;35:*.rmvb=01;35:*.flc=01;35:*.avi=01;35:*.fli=01;35:*.flv=01;35:*.gl=01;35:*.dl=01;35:*.xcf=01;35:*.xwd=01;35:*.yuv=01;35:*.cgm=01;35:*.emf=01;35:*.ogv=01;35:*.ogx=01;35:*.aac=00;36:*.au=00;36:*.flac=00;36:*.m4a=00;36:*.mid=00;36:*.midi=00;36:*.mka=00;36:*.mp3=00;36:*.mpc=00;36:*.ogg=00;36:*.ra=00;36:*.wav=00;36:*.oga=00;36:*.opus=00;36:*.spx=00;36:*.xspf=00;36:', 'GNOME_TERMINAL_SERVICE': ':1.156', 'SSH_AGENT_LAUNCHER': 'gnome-keyring', 'SSH_AUTH_SOCK': '/run/user/1000/keyring/ssh', 'AMENT_PREFIX_PATH': '/home/matheus/thesis_ws/install/thesis_interfaces:/home/matheus/thesis_ws/install/hal_signal_processing:/home/matheus/thesis_ws/install/hal_interfaces:/home/matheus/thesis_ws/install/hal_device_manager:/home/matheus/thesis_ws/install/game_unity_bridge:/home/matheus/thesis_ws/install/game_session:/home/matheus/thesis_ws/install/game_input_mapping:/home/matheus/thesis_ws/install/encoder_guidao:/home/matheus/thesis_ws/install/encoder_device:/home/matheus/thesis_ws/install/data_logger:/home/matheus/Desktop/TestesROS2/ros_unity_ws/install/ros_tcp_endpoint:/home/matheus/Desktop/TestesROS2/microros_ws/install/micro_ros_setup:/home/matheus/Desktop/TestesROS2/microros_ws/install/micro_ros_agent:/home/matheus/Desktop/TestesROS2/microros_ws/install/micro_ros_msgs:/opt/ros/humble', 'SHELL': '/bin/bash', 'LC_NAME': 'pt_BR.UTF-8', 'QT_ACCESSIBILITY': '1', 'GDMSESSION': 'ubuntu-xorg', 'LESSCLOSE': '/usr/bin/lesspipe %s %s', 'LC_MEASUREMENT': 'pt_BR.UTF-8', 'GPG_AGENT_INFO': '/run/user/1000/gnupg/S.gpg-agent:0:1', 'LC_IDENTIFICATION': 'pt_BR.UTF-8', 'QT_IM_MODULE': 'ibus', 'PWD': '/home/matheus/thesis_ws/build/game_input_mapping', 'LC_ALL': 'en_US.UTF-8', 'XDG_CONFIG_DIRS': '/etc/xdg/xdg-ubuntu-xorg:/etc/xdg', 'XDG_DATA_DIRS': '/usr/share/ubuntu-xorg:/usr/share/gnome:/usr/local/share/:/usr/share/:/var/lib/snapd/desktop', 'PYTHONPATH': '/home/matheus/thesis_ws/build/game_input_mapping/prefix_override:/usr/lib/python3/dist-packages/colcon_core/task/python/colcon_distutils_commands:/home/matheus/thesis_ws/install/game_input_mapping/lib/python3.10/site-packages:/home/matheus/thesis_ws/install/hal_signal_processing/lib/python3.10/site-packages:/home/matheus/thesis_ws/install/hal_interfaces/local/lib/python3.10/dist-packages:/home/matheus/thesis_ws/install/hal_device_manager/lib/python3.10/site-packages:/home/matheus/thesis_ws/install/game_unity_bridge/lib/python3.10/site-packages:/home/matheus/thesis_ws/install/game_session/lib/python3.10/site-packages:/home/matheus/thesis_ws/install/game_input_mapping/lib/python3.10/site-packages:/home/matheus/thesis_ws/install/encoder_guidao/lib/python3.10/site-packages:/home/matheus/thesis_ws/install/encoder_device/lib/python3.10/site-packages:/home/matheus/thesis_ws/install/data_logger/lib/python3.10/site-packages:/home/matheus/Desktop/TestesROS2/ros_unity_ws/install/ros_tcp_endpoint/lib/python3.10/site-packages:/home/matheus/Desktop/TestesROS2/microros_ws/install/micro_ros_msgs/local/lib/python3.10/dist-packages:/opt/ros/humble/lib/python3.10/site-packages:/opt/ros/humble/local/lib/python3.10/dist-packages', 'LC_NUMERIC': 'pt_BR.UTF-8', 'LC_PAPER': 'pt_BR.UTF-8', 'COLCON': '1', 'VTE_VERSION': '6800', 'CMAKE_PREFIX_PATH': '/home/matheus/thesis_ws/install/thesis_interfaces:/home/matheus/thesis_ws/install/hal_interfaces:/home/matheus/Desktop/TestesROS2/microros_ws/install/micro_ros_setup:/home/matheus/Desktop/TestesROS2/microros_ws/install/micro_ros_agent:/home/matheus/Desktop/TestesROS2/microros_ws/install/micro_ros_msgs'}, 'shell': False}
[2.412943] (-) TimerEvent: {}
[2.498012] (hal_signal_processing) StdoutLine: {'line': b'running egg_info\n'}
[2.498188] (hal_signal_processing) StdoutLine: {'line': b'writing ../../build/hal_signal_processing/hal_signal_processing.egg-info/PKG-INFO\n'}
[2.498251] (hal_signal_processing) StdoutLine: {'line': b'writing dependency_links to ../../build/hal_signal_processing/hal_signal_processing.egg-info/dependency_links.txt\n'}
[2.498301] (hal_signal_processing) StdoutLine: {'line': b'writing entry points to ../../build/hal_signal_processing/hal_signal_processing.egg-info/entry_points.txt\n'}
[2.498349] (hal_signal_processing) StdoutLine: {'line': b'writing requirements to ../../build/hal_signal_processing/hal_signal_processing.egg-info/requires.txt\n'}
[2.498396] (hal_signal_processing) StdoutLine: {'line': b'writing top-level names to ../../build/hal_signal_processing/hal_signal_processing.egg-info/top_level.txt\n'}
[2.498535] (hal_signal_processing) StdoutLine: {'line': b"reading manifest file '../../build/hal_signal_processing/hal_signal_processing.egg-info/SOURCES.txt'\n"}
[2.501983] (hal_signal_processing) StdoutLine: {'line': b"writing manifest file '../../build/hal_signal_processing/hal_signal_processing.egg-info/SOURCES.txt'\n"}
[2.502141] (hal_signal_processing) StdoutLine: {'line': b'running build\n'}
[2.502196] (hal_signal_processing) StdoutLine: {'line': b'running build_py\n'}
[2.502242] (hal_signal_processing) StdoutLine: {'line': b'running install\n'}
[2.502284] (hal_signal_processing) StdoutLine: {'line': b'running install_lib\n'}
[2.502327] (hal_signal_processing) StdoutLine: {'line': b'running install_data\n'}
[2.502368] (hal_signal_processing) StdoutLine: {'line': b'running install_egg_info\n'}
[2.503972] (hal_signal_processing) StdoutLine: {'line': b"removing '/home/matheus/thesis_ws/install/hal_signal_processing/lib/python3.10/site-packages/hal_signal_processing-0.0.0-py3.10.egg-info' (and everything under it)\n"}
[2.506004] (hal_signal_processing) StdoutLine: {'line': b'Copying ../../build/hal_signal_processing/hal_signal_processing.egg-info to /home/matheus/thesis_ws/install/hal_signal_processing/lib/python3.10/site-packages/hal_signal_processing-0.0.0-py3.10.egg-info\n'}
[2.511010] (hal_signal_processing) StdoutLine: {'line': b'running install_scripts\n'}
[2.513030] (-) TimerEvent: {}
[2.528832] (encoder_guidao) StdoutLine: {'line': b'running egg_info\n'}
[2.529779] (encoder_guidao) StdoutLine: {'line': b'writing ../../build/encoder_guidao/encoder_guidao.egg-info/PKG-INFO\n'}
[2.530077] (encoder_guidao) StdoutLine: {'line': b'writing dependency_links to ../../build/encoder_guidao/encoder_guidao.egg-info/dependency_links.txt\n'}
[2.530276] (encoder_guidao) StdoutLine: {'line': b'writing entry points to ../../build/encoder_guidao/encoder_guidao.egg-info/entry_points.txt\n'}
[2.530453] (encoder_guidao) StdoutLine: {'line': b'writing requirements to ../../build/encoder_guidao/encoder_guidao.egg-info/requires.txt\n'}
[2.531922] (encoder_guidao) StdoutLine: {'line': b'writing top-level names to ../../build/encoder_guidao/encoder_guidao.egg-info/top_level.txt\n'}
[2.532117] (hal_signal_processing) StdoutLine: {'line': b'Installing signal_processing_node script to /home/matheus/thesis_ws/install/hal_signal_processing/lib/hal_signal_processing\n'}
[2.532215] (hal_signal_processing) StdoutLine: {'line': b"writing list of installed files to '/home/matheus/thesis_ws/build/hal_signal_processing/install.log'\n"}
[2.532938] (encoder_guidao) StdoutLine: {'line': b"reading manifest file '../../build/encoder_guidao/encoder_guidao.egg-info/SOURCES.txt'\n"}
[2.533778] (encoder_guidao) StdoutLine: {'line': b"writing manifest file '../../build/encoder_guidao/encoder_guidao.egg-info/SOURCES.txt'\n"}
[2.553018] (encoder_guidao) StdoutLine: {'line': b'running build\n'}
[2.553208] (encoder_guidao) StdoutLine: {'line': b'running build_py\n'}
[2.553296] (encoder_guidao) StdoutLine: {'line': b'copying encoder_guidao/encoder_guidao_node.py -> /home/matheus/thesis_ws/build/encoder_guidao/build/lib/encoder_guidao\n'}
[2.553377] (encoder_guidao) StdoutLine: {'line': b'running install\n'}
[2.556281] (encoder_guidao) StdoutLine: {'line': b'running install_lib\n'}
[2.556943] (encoder_guidao) StdoutLine: {'line': b'copying /home/matheus/thesis_ws/build/encoder_guidao/build/lib/encoder_guidao/encoder_guidao_node.py -> /home/matheus/thesis_ws/install/encoder_guidao/lib/python3.10/site-packages/encoder_guidao\n'}
[2.559957] (encoder_guidao) StdoutLine: {'line': b'byte-compiling /home/matheus/thesis_ws/install/encoder_guidao/lib/python3.10/site-packages/encoder_guidao/encoder_guidao_node.py to encoder_guidao_node.cpython-310.pyc\n'}
[2.561589] (encoder_guidao) StdoutLine: {'line': b'running install_data\n'}
[2.561924] (encoder_guidao) StdoutLine: {'line': b'running install_egg_info\n'}
[2.567339] (encoder_guidao) StdoutLine: {'line': b"removing '/home/matheus/thesis_ws/install/encoder_guidao/lib/python3.10/site-packages/encoder_guidao-0.0.0-py3.10.egg-info' (and everything under it)\n"}
[2.569991] (encoder_guidao) StdoutLine: {'line': b'Copying ../../build/encoder_guidao/encoder_guidao.egg-info to /home/matheus/thesis_ws/install/encoder_guidao/lib/python3.10/site-packages/encoder_guidao-0.0.0-py3.10.egg-info\n'}
[2.573894] (encoder_guidao) StdoutLine: {'line': b'running install_scripts\n'}
[2.607314] (hal_signal_processing) CommandEnded: {'returncode': 0}
[2.612561] (hal_signal_processing) JobEnded: {'identifier': 'hal_signal_processing', 'rc': 0}
[2.613093] (-) TimerEvent: {}
[2.616859] (encoder_guidao) StdoutLine: {'line': b'Installing encoder_guidao_node script to /home/matheus/thesis_ws/install/encoder_guidao/lib/encoder_guidao\n'}
[2.617007] (encoder_guidao) StdoutLine: {'line': b"writing list of installed files to '/home/matheus/thesis_ws/build/encoder_guidao/install.log'\n"}
[2.665640] (hal_device_manager) StdoutLine: {'line': b'running egg_info\n'}
[2.666695] (hal_device_manager) StdoutLine: {'line': b'writing ../../build/hal_device_manager/hal_device_manager.egg-info/PKG-INFO\n'}
[2.667057] (hal_device_manager) StdoutLine: {'line': b'writing dependency_links to ../../build/hal_device_manager/hal_device_manager.egg-info/dependency_links.txt\n'}
[2.667283] (hal_device_manager) StdoutLine: {'line': b'writing entry points to ../../build/hal_device_manager/hal_device_manager.egg-info/entry_points.txt\n'}
[2.667482] (hal_device_manager) StdoutLine: {'line': b'writing requirements to ../../build/hal_device_manager/hal_device_manager.egg-info/requires.txt\n'}
[2.667629] (hal_device_manager) StdoutLine: {'line': b'writing top-level names to ../../build/hal_device_manager/hal_device_manager.egg-info/top_level.txt\n'}
[2.670240] (hal_device_manager) StdoutLine: {'line': b"reading manifest file '../../build/hal_device_manager/hal_device_manager.egg-info/SOURCES.txt'\n"}
[2.673918] (hal_device_manager) StdoutLine: {'line': b"writing manifest file '../../build/hal_device_manager/hal_device_manager.egg-info/SOURCES.txt'\n"}
[2.674083] (hal_device_manager) StdoutLine: {'line': b'running build\n'}
[2.674145] (hal_device_manager) StdoutLine: {'line': b'running build_py\n'}
[2.674206] (hal_device_manager) StdoutLine: {'line': b'running install\n'}
[2.674262] (hal_device_manager) StdoutLine: {'line': b'running install_lib\n'}
[2.674317] (hal_device_manager) StdoutLine: {'line': b'running install_data\n'}
[2.674368] (hal_device_manager) StdoutLine: {'line': b'running install_egg_info\n'}
[2.675829] (encoder_guidao) CommandEnded: {'returncode': 0}
[2.676370] (hal_device_manager) StdoutLine: {'line': b"removing '/home/matheus/thesis_ws/install/hal_device_manager/lib/python3.10/site-packages/hal_device_manager-0.0.0-py3.10.egg-info' (and everything under it)\n"}
[2.680012] (hal_device_manager) StdoutLine: {'line': b'Copying ../../build/hal_device_manager/hal_device_manager.egg-info to /home/matheus/thesis_ws/install/hal_device_manager/lib/python3.10/site-packages/hal_device_manager-0.0.0-py3.10.egg-info\n'}
[2.680148] (hal_device_manager) StdoutLine: {'line': b'running install_scripts\n'}
[2.683576] (encoder_guidao) JobEnded: {'identifier': 'encoder_guidao', 'rc': 0}
[2.705011] (hal_device_manager) StdoutLine: {'line': b'Installing device_manager_node script to /home/matheus/thesis_ws/install/hal_device_manager/lib/hal_device_manager\n'}
[2.705176] (hal_device_manager) StdoutLine: {'line': b"writing list of installed files to '/home/matheus/thesis_ws/build/hal_device_manager/install.log'\n"}
[2.713190] (-) TimerEvent: {}
[2.720614] (encoder_device) StdoutLine: {'line': b'running egg_info\n'}
[2.724980] (game_unity_bridge) StdoutLine: {'line': b'running egg_info\n'}
[2.725573] (game_unity_bridge) StdoutLine: {'line': b'writing ../../build/game_unity_bridge/game_unity_bridge.egg-info/PKG-INFO\n'}
[2.728117] (game_unity_bridge) StdoutLine: {'line': b'writing dependency_links to ../../build/game_unity_bridge/game_unity_bridge.egg-info/dependency_links.txt\n'}
[2.728234] (game_unity_bridge) StdoutLine: {'line': b'writing entry points to ../../build/game_unity_bridge/game_unity_bridge.egg-info/entry_points.txt\n'}
[2.728289] (game_unity_bridge) StdoutLine: {'line': b'writing requirements to ../../build/game_unity_bridge/game_unity_bridge.egg-info/requires.txt\n'}
[2.728340] (game_unity_bridge) StdoutLine: {'line': b'writing top-level names to ../../build/game_unity_bridge/game_unity_bridge.egg-info/top_level.txt\n'}
[2.728626] (game_unity_bridge) StdoutLine: {'line': b"reading manifest file '../../build/game_unity_bridge/game_unity_bridge.egg-info/SOURCES.txt'\n"}
[2.731934] (encoder_device) StdoutLine: {'line': b'writing ../../build/encoder_device/encoder_device.egg-info/PKG-INFO\n'}
[2.732106] (game_unity_bridge) StdoutLine: {'line': b"writing manifest file '../../build/game_unity_bridge/game_unity_bridge.egg-info/SOURCES.txt'\n"}
[2.732192] (game_unity_bridge) StdoutLine: {'line': b'running build\n'}
[2.732253] (game_unity_bridge) StdoutLine: {'line': b'running build_py\n'}
[2.732349] (encoder_device) StdoutLine: {'line': b'writing dependency_links to ../../build/encoder_device/encoder_device.egg-info/dependency_links.txt\n'}
[2.732406] (encoder_device) StdoutLine: {'line': b'writing entry points to ../../build/encoder_device/encoder_device.egg-info/entry_points.txt\n'}
[2.732456] (game_unity_bridge) StdoutLine: {'line': b'running install\n'}
[2.732503] (encoder_device) StdoutLine: {'line': b'writing requirements to ../../build/encoder_device/encoder_device.egg-info/requires.txt\n'}
[2.732549] (encoder_device) StdoutLine: {'line': b'writing top-level names to ../../build/encoder_device/encoder_device.egg-info/top_level.txt\n'}
[2.732589] (game_unity_bridge) StdoutLine: {'line': b'running install_lib\n'}
[2.732629] (game_unity_bridge) StdoutLine: {'line': b'running install_data\n'}
[2.733585] (encoder_device) StdoutLine: {'line': b"reading manifest file '../../build/encoder_device/encoder_device.egg-info/SOURCES.txt'\n"}
[2.734716] (encoder_device) StdoutLine: {'line': b"writing manifest file '../../build/encoder_device/encoder_device.egg-info/SOURCES.txt'\n"}
[2.735984] (game_unity_bridge) StdoutLine: {'line': b'running install_egg_info\n'}
[2.736164] (game_unity_bridge) StdoutLine: {'line': b"removing '/home/matheus/thesis_ws/install/game_unity_bridge/lib/python3.10/site-packages/game_unity_bridge-0.0.0-py3.10.egg-info' (and everything under it)\n"}
[2.736553] (game_unity_bridge) StdoutLine: {'line': b'Copying ../../build/game_unity_bridge/game_unity_bridge.egg-info to /home/matheus/thesis_ws/install/game_unity_bridge/lib/python3.10/site-packages/game_unity_bridge-0.0.0-py3.10.egg-info\n'}
[2.739439] (hal_device_manager) CommandEnded: {'returncode': 0}
[2.740473] (game_session) StdoutLine: {'line': b'running egg_info\n'}
[2.740598] (game_session) StdoutLine: {'line': b'writing ../../build/game_session/game_session.egg-info/PKG-INFO\n'}
[2.740675] (encoder_device) StdoutLine: {'line': b'running build\n'}
[2.740754] (encoder_device) StdoutLine: {'line': b'running build_py\n'}
[2.740821] (encoder_device) StdoutLine: {'line': b'running install\n'}
[2.740892] (encoder_device) StdoutLine: {'line': b'running install_lib\n'}
[2.742724] (game_unity_bridge) StdoutLine: {'line': b'running install_scripts\n'}
[2.742875] (encoder_device) StdoutLine: {'line': b'running install_data\n'}
[2.742986] (encoder_device) StdoutLine: {'line': b'running install_egg_info\n'}
[2.748447] (encoder_device) StdoutLine: {'line': b"removing '/home/matheus/thesis_ws/install/encoder_device/lib/python3.10/site-packages/encoder_device-0.0.0-py3.10.egg-info' (and everything under it)\n"}
[2.751465] (game_session) StdoutLine: {'line': b'writing dependency_links to ../../build/game_session/game_session.egg-info/dependency_links.txt\n'}
[2.751544] (hal_device_manager) JobEnded: {'identifier': 'hal_device_manager', 'rc': 0}
[2.751924] (encoder_device) StdoutLine: {'line': b'Copying ../../build/encoder_device/encoder_device.egg-info to /home/matheus/thesis_ws/install/encoder_device/lib/python3.10/site-packages/encoder_device-0.0.0-py3.10.egg-info\n'}
[2.752004] (encoder_device) StdoutLine: {'line': b'running install_scripts\n'}
[2.752049] (game_session) StdoutLine: {'line': b'writing entry points to ../../build/game_session/game_session.egg-info/entry_points.txt\n'}
[2.752096] (game_session) StdoutLine: {'line': b'writing requirements to ../../build/game_session/game_session.egg-info/requires.txt\n'}
[2.752135] (game_session) StdoutLine: {'line': b'writing top-level names to ../../build/game_session/game_session.egg-info/top_level.txt\n'}
[2.752174] (game_session) StdoutLine: {'line': b"reading manifest file '../../build/game_session/game_session.egg-info/SOURCES.txt'\n"}
[2.752212] (game_session) StdoutLine: {'line': b"writing manifest file '../../build/game_session/game_session.egg-info/SOURCES.txt'\n"}
[2.752250] (game_session) StdoutLine: {'line': b'running build\n'}
[2.752287] (game_session) StdoutLine: {'line': b'running build_py\n'}
[2.752324] (game_session) StdoutLine: {'line': b'running install\n'}
[2.752360] (game_session) StdoutLine: {'line': b'running install_lib\n'}
[2.752396] (game_session) StdoutLine: {'line': b'running install_data\n'}
[2.752432] (game_session) StdoutLine: {'line': b'running install_egg_info\n'}
[2.752471] (game_session) StdoutLine: {'line': b"removing '/home/matheus/thesis_ws/install/game_session/lib/python3.10/site-packages/game_session-0.0.0-py3.10.egg-info' (and everything under it)\n"}
[2.752509] (game_session) StdoutLine: {'line': b'Copying ../../build/game_session/game_session.egg-info to /home/matheus/thesis_ws/install/game_session/lib/python3.10/site-packages/game_session-0.0.0-py3.10.egg-info\n'}
[2.753124] (game_session) StdoutLine: {'line': b'running install_scripts\n'}
[2.769830] (game_unity_bridge) StdoutLine: {'line': b"writing list of installed files to '/home/matheus/thesis_ws/build/game_unity_bridge/install.log'\n"}
[2.770988] (game_input_mapping) StdoutLine: {'line': b'running egg_info\n'}
[2.771839] (game_input_mapping) StdoutLine: {'line': b'writing ../../build/game_input_mapping/game_input_mapping.egg-info/PKG-INFO\n'}
[2.772114] (game_input_mapping) StdoutLine: {'line': b'writing dependency_links to ../../build/game_input_mapping/game_input_mapping.egg-info/dependency_links.txt\n'}
[2.772266] (game_input_mapping) StdoutLine: {'line': b'writing entry points to ../../build/game_input_mapping/game_input_mapping.egg-info/entry_points.txt\n'}
[2.772405] (game_input_mapping) StdoutLine: {'line': b'writing requirements to ../../build/game_input_mapping/game_input_mapping.egg-info/requires.txt\n'}
[2.772518] (game_input_mapping) StdoutLine: {'line': b'writing top-level names to ../../build/game_input_mapping/game_input_mapping.egg-info/top_level.txt\n'}
[2.774179] (encoder_device) StdoutLine: {'line': b"writing list of installed files to '/home/matheus/thesis_ws/build/encoder_device/install.log'\n"}
[2.775142] (game_input_mapping) StdoutLine: {'line': b"reading manifest file '../../build/game_input_mapping/game_input_mapping.egg-info/SOURCES.txt'\n"}
[2.775910] (game_input_mapping) StdoutLine: {'line': b"writing manifest file '../../build/game_input_mapping/game_input_mapping.egg-info/SOURCES.txt'\n"}
[2.776126] (game_input_mapping) StdoutLine: {'line': b'running build\n'}
[2.776235] (game_input_mapping) StdoutLine: {'line': b'running build_py\n'}
[2.776378] (game_input_mapping) StdoutLine: {'line': b'running install\n'}
[2.776756] (game_input_mapping) StdoutLine: {'line': b'running install_lib\n'}
[2.777379] (game_session) StdoutLine: {'line': b"writing list of installed files to '/home/matheus/thesis_ws/build/game_session/install.log'\n"}
[2.778403] (game_input_mapping) StdoutLine: {'line': b'running install_data\n'}
[2.778994] (game_input_mapping) StdoutLine: {'line': b'running install_egg_info\n'}
[2.780990] (game_input_mapping) StdoutLine: {'line': b"removing '/home/matheus/thesis_ws/install/game_input_mapping/lib/python3.10/site-packages/game_input_mapping-0.0.0-py3.10.egg-info' (and everything under it)\n"}
[2.782536] (game_input_mapping) StdoutLine: {'line': b'Copying ../../build/game_input_mapping/game_input_mapping.egg-info to /home/matheus/thesis_ws/install/game_input_mapping/lib/python3.10/site-packages/game_input_mapping-0.0.0-py3.10.egg-info\n'}
[2.785983] (game_input_mapping) StdoutLine: {'line': b'running install_scripts\n'}
[2.801400] (data_logger) StdoutLine: {'line': b'running egg_info\n'}
[2.802252] (data_logger) StdoutLine: {'line': b'writing ../../build/data_logger/data_logger.egg-info/PKG-INFO\n'}
[2.802648] (data_logger) StdoutLine: {'line': b'writing dependency_links to ../../build/data_logger/data_logger.egg-info/dependency_links.txt\n'}
[2.802869] (data_logger) StdoutLine: {'line': b'writing entry points to ../../build/data_logger/data_logger.egg-info/entry_points.txt\n'}
[2.803087] (data_logger) StdoutLine: {'line': b'writing requirements to ../../build/data_logger/data_logger.egg-info/requires.txt\n'}
[2.803233] (data_logger) StdoutLine: {'line': b'writing top-level names to ../../build/data_logger/data_logger.egg-info/top_level.txt\n'}
[2.805711] (game_unity_bridge) CommandEnded: {'returncode': 0}
[2.808508] (data_logger) StdoutLine: {'line': b"reading manifest file '../../build/data_logger/data_logger.egg-info/SOURCES.txt'\n"}
[2.808639] (data_logger) StdoutLine: {'line': b"writing manifest file '../../build/data_logger/data_logger.egg-info/SOURCES.txt'\n"}
[2.808716] (data_logger) StdoutLine: {'line': b'running build\n'}
[2.808786] (data_logger) StdoutLine: {'line': b'running build_py\n'}
[2.808852] (data_logger) StdoutLine: {'line': b'running install\n'}
[2.808931] (data_logger) StdoutLine: {'line': b'running install_lib\n'}
[2.811825] (data_logger) StdoutLine: {'line': b'running install_data\n'}
[2.811957] (data_logger) StdoutLine: {'line': b'running install_egg_info\n'}
[2.812027] (data_logger) StdoutLine: {'line': b"removing '/home/matheus/thesis_ws/install/data_logger/lib/python3.10/site-packages/data_logger-0.0.0-py3.10.egg-info' (and everything under it)\n"}
[2.813269] (-) TimerEvent: {}
[2.814006] (data_logger) StdoutLine: {'line': b'Copying ../../build/data_logger/data_logger.egg-info to /home/matheus/thesis_ws/install/data_logger/lib/python3.10/site-packages/data_logger-0.0.0-py3.10.egg-info\n'}
[2.814104] (data_logger) StdoutLine: {'line': b'running install_scripts\n'}
[2.815638] (game_unity_bridge) JobEnded: {'identifier': 'game_unity_bridge', 'rc': 0}
[2.816167] (game_input_mapping) StdoutLine: {'line': b"writing list of installed files to '/home/matheus/thesis_ws/build/game_input_mapping/install.log'\n"}
[2.817284] (encoder_device) CommandEnded: {'returncode': 0}
[2.825087] (encoder_device) JobEnded: {'identifier': 'encoder_device', 'rc': 0}
[2.826241] (game_session) CommandEnded: {'returncode': 0}
[2.839108] (game_session) JobEnded: {'identifier': 'game_session', 'rc': 0}
[2.839977] (data_logger) StdoutLine: {'line': b"writing list of installed files to '/home/matheus/thesis_ws/build/data_logger/install.log'\n"}
[2.840642] (game_input_mapping) CommandEnded: {'returncode': 0}
[2.853829] (game_input_mapping) JobEnded: {'identifier': 'game_input_mapping', 'rc': 0}
[2.865476] (data_logger) CommandEnded: {'returncode': 0}
[2.870431] (data_logger) JobEnded: {'identifier': 'data_logger', 'rc': 0}
[2.871144] (-) EventReactorShutdown: {}
