[0.073s] DEBUG:colcon:Command line arguments: ['/usr/bin/colcon', 'build']
[0.073s] DEBUG:colcon:Parsed command line arguments: Namespace(log_base=None, log_level=None, verb_name='build', build_base='build', install_base='install', merge_install=False, symlink_install=False, test_result_base=None, continue_on_error=False, executor='parallel', parallel_workers=12, event_handlers=None, ignore_user_meta=False, metas=['./colcon.meta'], base_paths=['.'], packages_ignore=None, packages_ignore_regex=None, paths=None, packages_up_to=None, packages_up_to_regex=None, packages_above=None, packages_above_and_dependencies=None, packages_above_depth=None, packages_select_by_dep=None, packages_skip_by_dep=None, packages_skip_up_to=None, packages_select_build_failed=False, packages_skip_build_finished=False, packages_select_test_failures=False, packages_skip_test_passed=False, packages_select=None, packages_skip=None, packages_select_regex=None, packages_skip_regex=None, packages_start=None, packages_end=None, allow_overriding=[], cmake_args=None, cmake_target=None, cmake_target_skip_unavailable=False, cmake_clean_cache=False, cmake_clean_first=False, cmake_force_configure=False, ament_cmake_args=None, catkin_cmake_args=None, catkin_skip_building_tests=False, mixin_files=None, mixin=None, verb_parser=<colcon_mixin.mixin.mixin_argument.MixinArgumentDecorator object at 0x728abd79ecb0>, verb_extension=<colcon_core.verb.build.BuildVerb object at 0x728abd79e6e0>, main=<bound method BuildVerb.main of <colcon_core.verb.build.BuildVerb object at 0x728abd79e6e0>>, mixin_verb=('build',))
[0.190s] Level 1:colcon.colcon_core.package_discovery:discover_packages(colcon_meta) check parameters
[0.190s] Level 1:colcon.colcon_core.package_discovery:discover_packages(recursive) check parameters
[0.190s] Level 1:colcon.colcon_core.package_discovery:discover_packages(ignore) check parameters
[0.190s] Level 1:colcon.colcon_core.package_discovery:discover_packages(path) check parameters
[0.190s] Level 1:colcon.colcon_core.package_discovery:discover_packages(colcon_meta) discover
[0.190s] Level 1:colcon.colcon_core.package_discovery:discover_packages(recursive) discover
[0.190s] INFO:colcon.colcon_core.package_discovery:Crawling recursively for packages in '/home/matheus/thesis_ws'
[0.190s] Level 1:colcon.colcon_core.package_identification:_identify(.) by extensions ['ignore', 'ignore_ament_install']
[0.190s] Level 1:colcon.colcon_core.package_identification:_identify(.) by extension 'ignore'
[0.190s] Level 1:colcon.colcon_core.package_identification:_identify(.) by extension 'ignore_ament_install'
[0.190s] Level 1:colcon.colcon_core.package_identification:_identify(.) by extensions ['colcon_pkg']
[0.190s] Level 1:colcon.colcon_core.package_identification:_identify(.) by extension 'colcon_pkg'
[0.191s] Level 1:colcon.colcon_core.package_identification:_identify(.) by extensions ['colcon_meta']
[0.191s] Level 1:colcon.colcon_core.package_identification:_identify(.) by extension 'colcon_meta'
[0.191s] Level 1:colcon.colcon_core.package_identification:_identify(.) by extensions ['ros']
[0.191s] Level 1:colcon.colcon_core.package_identification:_identify(.) by extension 'ros'
[0.204s] Level 1:colcon.colcon_core.package_identification:_identify(.) by extensions ['cmake', 'python']
[0.204s] Level 1:colcon.colcon_core.package_identification:_identify(.) by extension 'cmake'
[0.204s] Level 1:colcon.colcon_core.package_identification:_identify(.) by extension 'python'
[0.204s] Level 1:colcon.colcon_core.package_identification:_identify(.) by extensions ['python_setup_py']
[0.204s] Level 1:colcon.colcon_core.package_identification:_identify(.) by extension 'python_setup_py'
[0.204s] Level 1:colcon.colcon_core.package_identification:_identify(build) by extensions ['ignore', 'ignore_ament_install']
[0.204s] Level 1:colcon.colcon_core.package_identification:_identify(build) by extension 'ignore'
[0.204s] Level 1:colcon.colcon_core.package_identification:_identify(build) ignored
[0.204s] Level 1:colcon.colcon_core.package_identification:_identify(firmware) by extensions ['ignore', 'ignore_ament_install']
[0.204s] Level 1:colcon.colcon_core.package_identification:_identify(firmware) by extension 'ignore'
[0.204s] Level 1:colcon.colcon_core.package_identification:_identify(firmware) by extension 'ignore_ament_install'
[0.204s] Level 1:colcon.colcon_core.package_identification:_identify(firmware) by extensions ['colcon_pkg']
[0.204s] Level 1:colcon.colcon_core.package_identification:_identify(firmware) by extension 'colcon_pkg'
[0.204s] Level 1:colcon.colcon_core.package_identification:_identify(firmware) by extensions ['colcon_meta']
[0.204s] Level 1:colcon.colcon_core.package_identification:_identify(firmware) by extension 'colcon_meta'
[0.205s] Level 1:colcon.colcon_core.package_identification:_identify(firmware) by extensions ['ros']
[0.205s] Level 1:colcon.colcon_core.package_identification:_identify(firmware) by extension 'ros'
[0.205s] Level 1:colcon.colcon_core.package_identification:_identify(firmware) by extensions ['cmake', 'python']
[0.205s] Level 1:colcon.colcon_core.package_identification:_identify(firmware) by extension 'cmake'
[0.205s] Level 1:colcon.colcon_core.package_identification:_identify(firmware) by extension 'python'
[0.205s] Level 1:colcon.colcon_core.package_identification:_identify(firmware) by extensions ['python_setup_py']
[0.205s] Level 1:colcon.colcon_core.package_identification:_identify(firmware) by extension 'python_setup_py'
[0.205s] Level 1:colcon.colcon_core.package_identification:_identify(firmware/include) by extensions ['ignore', 'ignore_ament_install']
[0.205s] Level 1:colcon.colcon_core.package_identification:_identify(firmware/include) by extension 'ignore'
[0.205s] Level 1:colcon.colcon_core.package_identification:_identify(firmware/include) by extension 'ignore_ament_install'
[0.205s] Level 1:colcon.colcon_core.package_identification:_identify(firmware/include) by extensions ['colcon_pkg']
[0.205s] Level 1:colcon.colcon_core.package_identification:_identify(firmware/include) by extension 'colcon_pkg'
[0.205s] Level 1:colcon.colcon_core.package_identification:_identify(firmware/include) by extensions ['colcon_meta']
[0.205s] Level 1:colcon.colcon_core.package_identification:_identify(firmware/include) by extension 'colcon_meta'
[0.205s] Level 1:colcon.colcon_core.package_identification:_identify(firmware/include) by extensions ['ros']
[0.205s] Level 1:colcon.colcon_core.package_identification:_identify(firmware/include) by extension 'ros'
[0.205s] Level 1:colcon.colcon_core.package_identification:_identify(firmware/include) by extensions ['cmake', 'python']
[0.205s] Level 1:colcon.colcon_core.package_identification:_identify(firmware/include) by extension 'cmake'
[0.205s] Level 1:colcon.colcon_core.package_identification:_identify(firmware/include) by extension 'python'
[0.205s] Level 1:colcon.colcon_core.package_identification:_identify(firmware/include) by extensions ['python_setup_py']
[0.205s] Level 1:colcon.colcon_core.package_identification:_identify(firmware/include) by extension 'python_setup_py'
[0.205s] Level 1:colcon.colcon_core.package_identification:_identify(firmware/lib) by extensions ['ignore', 'ignore_ament_install']
[0.205s] Level 1:colcon.colcon_core.package_identification:_identify(firmware/lib) by extension 'ignore'
[0.205s] Level 1:colcon.colcon_core.package_identification:_identify(firmware/lib) by extension 'ignore_ament_install'
[0.205s] Level 1:colcon.colcon_core.package_identification:_identify(firmware/lib) by extensions ['colcon_pkg']
[0.205s] Level 1:colcon.colcon_core.package_identification:_identify(firmware/lib) by extension 'colcon_pkg'
[0.205s] Level 1:colcon.colcon_core.package_identification:_identify(firmware/lib) by extensions ['colcon_meta']
[0.205s] Level 1:colcon.colcon_core.package_identification:_identify(firmware/lib) by extension 'colcon_meta'
[0.205s] Level 1:colcon.colcon_core.package_identification:_identify(firmware/lib) by extensions ['ros']
[0.205s] Level 1:colcon.colcon_core.package_identification:_identify(firmware/lib) by extension 'ros'
[0.205s] Level 1:colcon.colcon_core.package_identification:_identify(firmware/lib) by extensions ['cmake', 'python']
[0.205s] Level 1:colcon.colcon_core.package_identification:_identify(firmware/lib) by extension 'cmake'
[0.205s] Level 1:colcon.colcon_core.package_identification:_identify(firmware/lib) by extension 'python'
[0.205s] Level 1:colcon.colcon_core.package_identification:_identify(firmware/lib) by extensions ['python_setup_py']
[0.205s] Level 1:colcon.colcon_core.package_identification:_identify(firmware/lib) by extension 'python_setup_py'
[0.205s] Level 1:colcon.colcon_core.package_identification:_identify(firmware/src) by extensions ['ignore', 'ignore_ament_install']
[0.205s] Level 1:colcon.colcon_core.package_identification:_identify(firmware/src) by extension 'ignore'
[0.205s] Level 1:colcon.colcon_core.package_identification:_identify(firmware/src) by extension 'ignore_ament_install'
[0.206s] Level 1:colcon.colcon_core.package_identification:_identify(firmware/src) by extensions ['colcon_pkg']
[0.206s] Level 1:colcon.colcon_core.package_identification:_identify(firmware/src) by extension 'colcon_pkg'
[0.206s] Level 1:colcon.colcon_core.package_identification:_identify(firmware/src) by extensions ['colcon_meta']
[0.206s] Level 1:colcon.colcon_core.package_identification:_identify(firmware/src) by extension 'colcon_meta'
[0.206s] Level 1:colcon.colcon_core.package_identification:_identify(firmware/src) by extensions ['ros']
[0.206s] Level 1:colcon.colcon_core.package_identification:_identify(firmware/src) by extension 'ros'
[0.206s] Level 1:colcon.colcon_core.package_identification:_identify(firmware/src) by extensions ['cmake', 'python']
[0.206s] Level 1:colcon.colcon_core.package_identification:_identify(firmware/src) by extension 'cmake'
[0.206s] Level 1:colcon.colcon_core.package_identification:_identify(firmware/src) by extension 'python'
[0.206s] Level 1:colcon.colcon_core.package_identification:_identify(firmware/src) by extensions ['python_setup_py']
[0.206s] Level 1:colcon.colcon_core.package_identification:_identify(firmware/src) by extension 'python_setup_py'
[0.206s] Level 1:colcon.colcon_core.package_identification:_identify(firmware/test) by extensions ['ignore', 'ignore_ament_install']
[0.206s] Level 1:colcon.colcon_core.package_identification:_identify(firmware/test) by extension 'ignore'
[0.206s] Level 1:colcon.colcon_core.package_identification:_identify(firmware/test) by extension 'ignore_ament_install'
[0.206s] Level 1:colcon.colcon_core.package_identification:_identify(firmware/test) by extensions ['colcon_pkg']
[0.206s] Level 1:colcon.colcon_core.package_identification:_identify(firmware/test) by extension 'colcon_pkg'
[0.206s] Level 1:colcon.colcon_core.package_identification:_identify(firmware/test) by extensions ['colcon_meta']
[0.206s] Level 1:colcon.colcon_core.package_identification:_identify(firmware/test) by extension 'colcon_meta'
[0.206s] Level 1:colcon.colcon_core.package_identification:_identify(firmware/test) by extensions ['ros']
[0.206s] Level 1:colcon.colcon_core.package_identification:_identify(firmware/test) by extension 'ros'
[0.206s] Level 1:colcon.colcon_core.package_identification:_identify(firmware/test) by extensions ['cmake', 'python']
[0.206s] Level 1:colcon.colcon_core.package_identification:_identify(firmware/test) by extension 'cmake'
[0.206s] Level 1:colcon.colcon_core.package_identification:_identify(firmware/test) by extension 'python'
[0.206s] Level 1:colcon.colcon_core.package_identification:_identify(firmware/test) by extensions ['python_setup_py']
[0.206s] Level 1:colcon.colcon_core.package_identification:_identify(firmware/test) by extension 'python_setup_py'
[0.206s] Level 1:colcon.colcon_core.package_identification:_identify(install) by extensions ['ignore', 'ignore_ament_install']
[0.206s] Level 1:colcon.colcon_core.package_identification:_identify(install) by extension 'ignore'
[0.206s] Level 1:colcon.colcon_core.package_identification:_identify(install) ignored
[0.206s] Level 1:colcon.colcon_core.package_identification:_identify(log) by extensions ['ignore', 'ignore_ament_install']
[0.206s] Level 1:colcon.colcon_core.package_identification:_identify(log) by extension 'ignore'
[0.206s] Level 1:colcon.colcon_core.package_identification:_identify(log) ignored
[0.206s] Level 1:colcon.colcon_core.package_identification:_identify(src) by extensions ['ignore', 'ignore_ament_install']
[0.206s] Level 1:colcon.colcon_core.package_identification:_identify(src) by extension 'ignore'
[0.206s] Level 1:colcon.colcon_core.package_identification:_identify(src) by extension 'ignore_ament_install'
[0.206s] Level 1:colcon.colcon_core.package_identification:_identify(src) by extensions ['colcon_pkg']
[0.206s] Level 1:colcon.colcon_core.package_identification:_identify(src) by extension 'colcon_pkg'
[0.206s] Level 1:colcon.colcon_core.package_identification:_identify(src) by extensions ['colcon_meta']
[0.206s] Level 1:colcon.colcon_core.package_identification:_identify(src) by extension 'colcon_meta'
[0.206s] Level 1:colcon.colcon_core.package_identification:_identify(src) by extensions ['ros']
[0.207s] Level 1:colcon.colcon_core.package_identification:_identify(src) by extension 'ros'
[0.207s] Level 1:colcon.colcon_core.package_identification:_identify(src) by extensions ['cmake', 'python']
[0.207s] Level 1:colcon.colcon_core.package_identification:_identify(src) by extension 'cmake'
[0.207s] Level 1:colcon.colcon_core.package_identification:_identify(src) by extension 'python'
[0.207s] Level 1:colcon.colcon_core.package_identification:_identify(src) by extensions ['python_setup_py']
[0.207s] Level 1:colcon.colcon_core.package_identification:_identify(src) by extension 'python_setup_py'
[0.207s] Level 1:colcon.colcon_core.package_identification:_identify(src/data_logger) by extensions ['ignore', 'ignore_ament_install']
[0.207s] Level 1:colcon.colcon_core.package_identification:_identify(src/data_logger) by extension 'ignore'
[0.207s] Level 1:colcon.colcon_core.package_identification:_identify(src/data_logger) by extension 'ignore_ament_install'
[0.207s] Level 1:colcon.colcon_core.package_identification:_identify(src/data_logger) by extensions ['colcon_pkg']
[0.207s] Level 1:colcon.colcon_core.package_identification:_identify(src/data_logger) by extension 'colcon_pkg'
[0.207s] Level 1:colcon.colcon_core.package_identification:_identify(src/data_logger) by extensions ['colcon_meta']
[0.207s] Level 1:colcon.colcon_core.package_identification:_identify(src/data_logger) by extension 'colcon_meta'
[0.207s] Level 1:colcon.colcon_core.package_identification:_identify(src/data_logger) by extensions ['ros']
[0.207s] Level 1:colcon.colcon_core.package_identification:_identify(src/data_logger) by extension 'ros'
[0.209s] DEBUG:colcon.colcon_core.package_identification:Package 'src/data_logger' with type 'ros.ament_python' and name 'data_logger'
[0.209s] Level 1:colcon.colcon_core.package_identification:_identify(src/encoder_device) by extensions ['ignore', 'ignore_ament_install']
[0.209s] Level 1:colcon.colcon_core.package_identification:_identify(src/encoder_device) by extension 'ignore'
[0.209s] Level 1:colcon.colcon_core.package_identification:_identify(src/encoder_device) by extension 'ignore_ament_install'
[0.209s] Level 1:colcon.colcon_core.package_identification:_identify(src/encoder_device) by extensions ['colcon_pkg']
[0.209s] Level 1:colcon.colcon_core.package_identification:_identify(src/encoder_device) by extension 'colcon_pkg'
[0.209s] Level 1:colcon.colcon_core.package_identification:_identify(src/encoder_device) by extensions ['colcon_meta']
[0.209s] Level 1:colcon.colcon_core.package_identification:_identify(src/encoder_device) by extension 'colcon_meta'
[0.209s] Level 1:colcon.colcon_core.package_identification:_identify(src/encoder_device) by extensions ['ros']
[0.209s] Level 1:colcon.colcon_core.package_identification:_identify(src/encoder_device) by extension 'ros'
[0.209s] DEBUG:colcon.colcon_core.package_identification:Package 'src/encoder_device' with type 'ros.ament_python' and name 'encoder_device'
[0.209s] Level 1:colcon.colcon_core.package_identification:_identify(src/encoder_guidao) by extensions ['ignore', 'ignore_ament_install']
[0.209s] Level 1:colcon.colcon_core.package_identification:_identify(src/encoder_guidao) by extension 'ignore'
[0.209s] Level 1:colcon.colcon_core.package_identification:_identify(src/encoder_guidao) by extension 'ignore_ament_install'
[0.210s] Level 1:colcon.colcon_core.package_identification:_identify(src/encoder_guidao) by extensions ['colcon_pkg']
[0.210s] Level 1:colcon.colcon_core.package_identification:_identify(src/encoder_guidao) by extension 'colcon_pkg'
[0.210s] Level 1:colcon.colcon_core.package_identification:_identify(src/encoder_guidao) by extensions ['colcon_meta']
[0.210s] Level 1:colcon.colcon_core.package_identification:_identify(src/encoder_guidao) by extension 'colcon_meta'
[0.210s] Level 1:colcon.colcon_core.package_identification:_identify(src/encoder_guidao) by extensions ['ros']
[0.210s] Level 1:colcon.colcon_core.package_identification:_identify(src/encoder_guidao) by extension 'ros'
[0.210s] DEBUG:colcon.colcon_core.package_identification:Package 'src/encoder_guidao' with type 'ros.ament_python' and name 'encoder_guidao'
[0.210s] Level 1:colcon.colcon_core.package_identification:_identify(src/game_input_mapping) by extensions ['ignore', 'ignore_ament_install']
[0.210s] Level 1:colcon.colcon_core.package_identification:_identify(src/game_input_mapping) by extension 'ignore'
[0.210s] Level 1:colcon.colcon_core.package_identification:_identify(src/game_input_mapping) by extension 'ignore_ament_install'
[0.210s] Level 1:colcon.colcon_core.package_identification:_identify(src/game_input_mapping) by extensions ['colcon_pkg']
[0.210s] Level 1:colcon.colcon_core.package_identification:_identify(src/game_input_mapping) by extension 'colcon_pkg'
[0.210s] Level 1:colcon.colcon_core.package_identification:_identify(src/game_input_mapping) by extensions ['colcon_meta']
[0.210s] Level 1:colcon.colcon_core.package_identification:_identify(src/game_input_mapping) by extension 'colcon_meta'
[0.210s] Level 1:colcon.colcon_core.package_identification:_identify(src/game_input_mapping) by extensions ['ros']
[0.210s] Level 1:colcon.colcon_core.package_identification:_identify(src/game_input_mapping) by extension 'ros'
[0.211s] DEBUG:colcon.colcon_core.package_identification:Package 'src/game_input_mapping' with type 'ros.ament_python' and name 'game_input_mapping'
[0.211s] Level 1:colcon.colcon_core.package_identification:_identify(src/game_session) by extensions ['ignore', 'ignore_ament_install']
[0.211s] Level 1:colcon.colcon_core.package_identification:_identify(src/game_session) by extension 'ignore'
[0.211s] Level 1:colcon.colcon_core.package_identification:_identify(src/game_session) by extension 'ignore_ament_install'
[0.211s] Level 1:colcon.colcon_core.package_identification:_identify(src/game_session) by extensions ['colcon_pkg']
[0.211s] Level 1:colcon.colcon_core.package_identification:_identify(src/game_session) by extension 'colcon_pkg'
[0.211s] Level 1:colcon.colcon_core.package_identification:_identify(src/game_session) by extensions ['colcon_meta']
[0.211s] Level 1:colcon.colcon_core.package_identification:_identify(src/game_session) by extension 'colcon_meta'
[0.211s] Level 1:colcon.colcon_core.package_identification:_identify(src/game_session) by extensions ['ros']
[0.211s] Level 1:colcon.colcon_core.package_identification:_identify(src/game_session) by extension 'ros'
[0.211s] DEBUG:colcon.colcon_core.package_identification:Package 'src/game_session' with type 'ros.ament_python' and name 'game_session'
[0.211s] Level 1:colcon.colcon_core.package_identification:_identify(src/game_unity_bridge) by extensions ['ignore', 'ignore_ament_install']
[0.211s] Level 1:colcon.colcon_core.package_identification:_identify(src/game_unity_bridge) by extension 'ignore'
[0.212s] Level 1:colcon.colcon_core.package_identification:_identify(src/game_unity_bridge) by extension 'ignore_ament_install'
[0.212s] Level 1:colcon.colcon_core.package_identification:_identify(src/game_unity_bridge) by extensions ['colcon_pkg']
[0.212s] Level 1:colcon.colcon_core.package_identification:_identify(src/game_unity_bridge) by extension 'colcon_pkg'
[0.212s] Level 1:colcon.colcon_core.package_identification:_identify(src/game_unity_bridge) by extensions ['colcon_meta']
[0.212s] Level 1:colcon.colcon_core.package_identification:_identify(src/game_unity_bridge) by extension 'colcon_meta'
[0.212s] Level 1:colcon.colcon_core.package_identification:_identify(src/game_unity_bridge) by extensions ['ros']
[0.212s] Level 1:colcon.colcon_core.package_identification:_identify(src/game_unity_bridge) by extension 'ros'
[0.212s] DEBUG:colcon.colcon_core.package_identification:Package 'src/game_unity_bridge' with type 'ros.ament_python' and name 'game_unity_bridge'
[0.212s] Level 1:colcon.colcon_core.package_identification:_identify(src/hal_device_manager) by extensions ['ignore', 'ignore_ament_install']
[0.212s] Level 1:colcon.colcon_core.package_identification:_identify(src/hal_device_manager) by extension 'ignore'
[0.212s] Level 1:colcon.colcon_core.package_identification:_identify(src/hal_device_manager) by extension 'ignore_ament_install'
[0.212s] Level 1:colcon.colcon_core.package_identification:_identify(src/hal_device_manager) by extensions ['colcon_pkg']
[0.212s] Level 1:colcon.colcon_core.package_identification:_identify(src/hal_device_manager) by extension 'colcon_pkg'
[0.212s] Level 1:colcon.colcon_core.package_identification:_identify(src/hal_device_manager) by extensions ['colcon_meta']
[0.212s] Level 1:colcon.colcon_core.package_identification:_identify(src/hal_device_manager) by extension 'colcon_meta'
[0.212s] Level 1:colcon.colcon_core.package_identification:_identify(src/hal_device_manager) by extensions ['ros']
[0.212s] Level 1:colcon.colcon_core.package_identification:_identify(src/hal_device_manager) by extension 'ros'
[0.213s] DEBUG:colcon.colcon_core.package_identification:Package 'src/hal_device_manager' with type 'ros.ament_python' and name 'hal_device_manager'
[0.213s] Level 1:colcon.colcon_core.package_identification:_identify(src/hal_interfaces) by extensions ['ignore', 'ignore_ament_install']
[0.213s] Level 1:colcon.colcon_core.package_identification:_identify(src/hal_interfaces) by extension 'ignore'
[0.213s] Level 1:colcon.colcon_core.package_identification:_identify(src/hal_interfaces) by extension 'ignore_ament_install'
[0.213s] Level 1:colcon.colcon_core.package_identification:_identify(src/hal_interfaces) by extensions ['colcon_pkg']
[0.213s] Level 1:colcon.colcon_core.package_identification:_identify(src/hal_interfaces) by extension 'colcon_pkg'
[0.213s] Level 1:colcon.colcon_core.package_identification:_identify(src/hal_interfaces) by extensions ['colcon_meta']
[0.213s] Level 1:colcon.colcon_core.package_identification:_identify(src/hal_interfaces) by extension 'colcon_meta'
[0.213s] Level 1:colcon.colcon_core.package_identification:_identify(src/hal_interfaces) by extensions ['ros']
[0.213s] Level 1:colcon.colcon_core.package_identification:_identify(src/hal_interfaces) by extension 'ros'
[0.213s] DEBUG:colcon.colcon_core.package_identification:Package 'src/hal_interfaces' with type 'ros.ament_cmake' and name 'hal_interfaces'
[0.213s] Level 1:colcon.colcon_core.package_identification:_identify(src/hal_signal_processing) by extensions ['ignore', 'ignore_ament_install']
[0.213s] Level 1:colcon.colcon_core.package_identification:_identify(src/hal_signal_processing) by extension 'ignore'
[0.213s] Level 1:colcon.colcon_core.package_identification:_identify(src/hal_signal_processing) by extension 'ignore_ament_install'
[0.213s] Level 1:colcon.colcon_core.package_identification:_identify(src/hal_signal_processing) by extensions ['colcon_pkg']
[0.213s] Level 1:colcon.colcon_core.package_identification:_identify(src/hal_signal_processing) by extension 'colcon_pkg'
[0.213s] Level 1:colcon.colcon_core.package_identification:_identify(src/hal_signal_processing) by extensions ['colcon_meta']
[0.213s] Level 1:colcon.colcon_core.package_identification:_identify(src/hal_signal_processing) by extension 'colcon_meta'
[0.214s] Level 1:colcon.colcon_core.package_identification:_identify(src/hal_signal_processing) by extensions ['ros']
[0.214s] Level 1:colcon.colcon_core.package_identification:_identify(src/hal_signal_processing) by extension 'ros'
[0.214s] DEBUG:colcon.colcon_core.package_identification:Package 'src/hal_signal_processing' with type 'ros.ament_python' and name 'hal_signal_processing'
[0.214s] Level 1:colcon.colcon_core.package_identification:_identify(src/thesis_interfaces) by extensions ['ignore', 'ignore_ament_install']
[0.214s] Level 1:colcon.colcon_core.package_identification:_identify(src/thesis_interfaces) by extension 'ignore'
[0.214s] Level 1:colcon.colcon_core.package_identification:_identify(src/thesis_interfaces) by extension 'ignore_ament_install'
[0.214s] Level 1:colcon.colcon_core.package_identification:_identify(src/thesis_interfaces) by extensions ['colcon_pkg']
[0.214s] Level 1:colcon.colcon_core.package_identification:_identify(src/thesis_interfaces) by extension 'colcon_pkg'
[0.214s] Level 1:colcon.colcon_core.package_identification:_identify(src/thesis_interfaces) by extensions ['colcon_meta']
[0.214s] Level 1:colcon.colcon_core.package_identification:_identify(src/thesis_interfaces) by extension 'colcon_meta'
[0.214s] Level 1:colcon.colcon_core.package_identification:_identify(src/thesis_interfaces) by extensions ['ros']
[0.214s] Level 1:colcon.colcon_core.package_identification:_identify(src/thesis_interfaces) by extension 'ros'
[0.214s] DEBUG:colcon.colcon_core.package_identification:Package 'src/thesis_interfaces' with type 'ros.ament_cmake' and name 'thesis_interfaces'
[0.215s] Level 1:colcon.colcon_core.package_discovery:discover_packages(recursive) using defaults
[0.215s] Level 1:colcon.colcon_core.package_discovery:discover_packages(ignore) discover
[0.215s] Level 1:colcon.colcon_core.package_discovery:discover_packages(ignore) using defaults
[0.215s] Level 1:colcon.colcon_core.package_discovery:discover_packages(path) discover
[0.215s] Level 1:colcon.colcon_core.package_discovery:discover_packages(path) using defaults
[0.230s] Level 1:colcon.colcon_core.package_discovery:discover_packages(prefix_path) check parameters
[0.230s] Level 1:colcon.colcon_core.package_discovery:discover_packages(prefix_path) discover
[0.231s] DEBUG:colcon.colcon_installed_package_information.package_discovery:Found 10 installed packages in /home/matheus/thesis_ws/install
[0.232s] DEBUG:colcon.colcon_installed_package_information.package_discovery:Found 1 installed packages in /home/matheus/Desktop/TestesROS2/ros_unity_ws/install
[0.232s] DEBUG:colcon.colcon_installed_package_information.package_discovery:Found 3 installed packages in /home/matheus/Desktop/TestesROS2/microros_ws/install
[0.232s] DEBUG:colcon.colcon_installed_package_information.package_discovery:Found 282 installed packages in /opt/ros/humble
[0.233s] Level 1:colcon.colcon_core.package_discovery:discover_packages(prefix_path) using defaults
[0.256s] Level 5:colcon.colcon_core.verb:set package 'data_logger' build argument 'cmake_args' from command line to 'None'
[0.256s] Level 5:colcon.colcon_core.verb:set package 'data_logger' build argument 'cmake_target' from command line to 'None'
[0.256s] Level 5:colcon.colcon_core.verb:set package 'data_logger' build argument 'cmake_target_skip_unavailable' from command line to 'False'
[0.257s] Level 5:colcon.colcon_core.verb:set package 'data_logger' build argument 'cmake_clean_cache' from command line to 'False'
[0.257s] Level 5:colcon.colcon_core.verb:set package 'data_logger' build argument 'cmake_clean_first' from command line to 'False'
[0.257s] Level 5:colcon.colcon_core.verb:set package 'data_logger' build argument 'cmake_force_configure' from command line to 'False'
[0.257s] Level 5:colcon.colcon_core.verb:set package 'data_logger' build argument 'ament_cmake_args' from command line to 'None'
[0.257s] Level 5:colcon.colcon_core.verb:set package 'data_logger' build argument 'catkin_cmake_args' from command line to 'None'
[0.257s] Level 5:colcon.colcon_core.verb:set package 'data_logger' build argument 'catkin_skip_building_tests' from command line to 'False'
[0.257s] DEBUG:colcon.colcon_core.verb:Building package 'data_logger' with the following arguments: {'ament_cmake_args': None, 'build_base': '/home/matheus/thesis_ws/build/data_logger', 'catkin_cmake_args': None, 'catkin_skip_building_tests': False, 'cmake_args': None, 'cmake_clean_cache': False, 'cmake_clean_first': False, 'cmake_force_configure': False, 'cmake_target': None, 'cmake_target_skip_unavailable': False, 'install_base': '/home/matheus/thesis_ws/install/data_logger', 'merge_install': False, 'path': '/home/matheus/thesis_ws/src/data_logger', 'symlink_install': False, 'test_result_base': None}
[0.257s] Level 5:colcon.colcon_core.verb:set package 'encoder_device' build argument 'cmake_args' from command line to 'None'
[0.257s] Level 5:colcon.colcon_core.verb:set package 'encoder_device' build argument 'cmake_target' from command line to 'None'
[0.257s] Level 5:colcon.colcon_core.verb:set package 'encoder_device' build argument 'cmake_target_skip_unavailable' from command line to 'False'
[0.257s] Level 5:colcon.colcon_core.verb:set package 'encoder_device' build argument 'cmake_clean_cache' from command line to 'False'
[0.257s] Level 5:colcon.colcon_core.verb:set package 'encoder_device' build argument 'cmake_clean_first' from command line to 'False'
[0.257s] Level 5:colcon.colcon_core.verb:set package 'encoder_device' build argument 'cmake_force_configure' from command line to 'False'
[0.257s] Level 5:colcon.colcon_core.verb:set package 'encoder_device' build argument 'ament_cmake_args' from command line to 'None'
[0.257s] Level 5:colcon.colcon_core.verb:set package 'encoder_device' build argument 'catkin_cmake_args' from command line to 'None'
[0.257s] Level 5:colcon.colcon_core.verb:set package 'encoder_device' build argument 'catkin_skip_building_tests' from command line to 'False'
[0.257s] DEBUG:colcon.colcon_core.verb:Building package 'encoder_device' with the following arguments: {'ament_cmake_args': None, 'build_base': '/home/matheus/thesis_ws/build/encoder_device', 'catkin_cmake_args': None, 'catkin_skip_building_tests': False, 'cmake_args': None, 'cmake_clean_cache': False, 'cmake_clean_first': False, 'cmake_force_configure': False, 'cmake_target': None, 'cmake_target_skip_unavailable': False, 'install_base': '/home/matheus/thesis_ws/install/encoder_device', 'merge_install': False, 'path': '/home/matheus/thesis_ws/src/encoder_device', 'symlink_install': False, 'test_result_base': None}
[0.257s] Level 5:colcon.colcon_core.verb:set package 'encoder_guidao' build argument 'cmake_args' from command line to 'None'
[0.257s] Level 5:colcon.colcon_core.verb:set package 'encoder_guidao' build argument 'cmake_target' from command line to 'None'
[0.257s] Level 5:colcon.colcon_core.verb:set package 'encoder_guidao' build argument 'cmake_target_skip_unavailable' from command line to 'False'
[0.257s] Level 5:colcon.colcon_core.verb:set package 'encoder_guidao' build argument 'cmake_clean_cache' from command line to 'False'
[0.257s] Level 5:colcon.colcon_core.verb:set package 'encoder_guidao' build argument 'cmake_clean_first' from command line to 'False'
[0.257s] Level 5:colcon.colcon_core.verb:set package 'encoder_guidao' build argument 'cmake_force_configure' from command line to 'False'
[0.257s] Level 5:colcon.colcon_core.verb:set package 'encoder_guidao' build argument 'ament_cmake_args' from command line to 'None'
[0.257s] Level 5:colcon.colcon_core.verb:set package 'encoder_guidao' build argument 'catkin_cmake_args' from command line to 'None'
[0.257s] Level 5:colcon.colcon_core.verb:set package 'encoder_guidao' build argument 'catkin_skip_building_tests' from command line to 'False'
[0.257s] DEBUG:colcon.colcon_core.verb:Building package 'encoder_guidao' with the following arguments: {'ament_cmake_args': None, 'build_base': '/home/matheus/thesis_ws/build/encoder_guidao', 'catkin_cmake_args': None, 'catkin_skip_building_tests': False, 'cmake_args': None, 'cmake_clean_cache': False, 'cmake_clean_first': False, 'cmake_force_configure': False, 'cmake_target': None, 'cmake_target_skip_unavailable': False, 'install_base': '/home/matheus/thesis_ws/install/encoder_guidao', 'merge_install': False, 'path': '/home/matheus/thesis_ws/src/encoder_guidao', 'symlink_install': False, 'test_result_base': None}
[0.257s] Level 5:colcon.colcon_core.verb:set package 'game_input_mapping' build argument 'cmake_args' from command line to 'None'
[0.257s] Level 5:colcon.colcon_core.verb:set package 'game_input_mapping' build argument 'cmake_target' from command line to 'None'
[0.258s] Level 5:colcon.colcon_core.verb:set package 'game_input_mapping' build argument 'cmake_target_skip_unavailable' from command line to 'False'
[0.258s] Level 5:colcon.colcon_core.verb:set package 'game_input_mapping' build argument 'cmake_clean_cache' from command line to 'False'
[0.258s] Level 5:colcon.colcon_core.verb:set package 'game_input_mapping' build argument 'cmake_clean_first' from command line to 'False'
[0.258s] Level 5:colcon.colcon_core.verb:set package 'game_input_mapping' build argument 'cmake_force_configure' from command line to 'False'
[0.258s] Level 5:colcon.colcon_core.verb:set package 'game_input_mapping' build argument 'ament_cmake_args' from command line to 'None'
[0.258s] Level 5:colcon.colcon_core.verb:set package 'game_input_mapping' build argument 'catkin_cmake_args' from command line to 'None'
[0.258s] Level 5:colcon.colcon_core.verb:set package 'game_input_mapping' build argument 'catkin_skip_building_tests' from command line to 'False'
[0.258s] DEBUG:colcon.colcon_core.verb:Building package 'game_input_mapping' with the following arguments: {'ament_cmake_args': None, 'build_base': '/home/matheus/thesis_ws/build/game_input_mapping', 'catkin_cmake_args': None, 'catkin_skip_building_tests': False, 'cmake_args': None, 'cmake_clean_cache': False, 'cmake_clean_first': False, 'cmake_force_configure': False, 'cmake_target': None, 'cmake_target_skip_unavailable': False, 'install_base': '/home/matheus/thesis_ws/install/game_input_mapping', 'merge_install': False, 'path': '/home/matheus/thesis_ws/src/game_input_mapping', 'symlink_install': False, 'test_result_base': None}
[0.258s] Level 5:colcon.colcon_core.verb:set package 'game_session' build argument 'cmake_args' from command line to 'None'
[0.258s] Level 5:colcon.colcon_core.verb:set package 'game_session' build argument 'cmake_target' from command line to 'None'
[0.258s] Level 5:colcon.colcon_core.verb:set package 'game_session' build argument 'cmake_target_skip_unavailable' from command line to 'False'
[0.258s] Level 5:colcon.colcon_core.verb:set package 'game_session' build argument 'cmake_clean_cache' from command line to 'False'
[0.258s] Level 5:colcon.colcon_core.verb:set package 'game_session' build argument 'cmake_clean_first' from command line to 'False'
[0.258s] Level 5:colcon.colcon_core.verb:set package 'game_session' build argument 'cmake_force_configure' from command line to 'False'
[0.258s] Level 5:colcon.colcon_core.verb:set package 'game_session' build argument 'ament_cmake_args' from command line to 'None'
[0.258s] Level 5:colcon.colcon_core.verb:set package 'game_session' build argument 'catkin_cmake_args' from command line to 'None'
[0.258s] Level 5:colcon.colcon_core.verb:set package 'game_session' build argument 'catkin_skip_building_tests' from command line to 'False'
[0.258s] DEBUG:colcon.colcon_core.verb:Building package 'game_session' with the following arguments: {'ament_cmake_args': None, 'build_base': '/home/matheus/thesis_ws/build/game_session', 'catkin_cmake_args': None, 'catkin_skip_building_tests': False, 'cmake_args': None, 'cmake_clean_cache': False, 'cmake_clean_first': False, 'cmake_force_configure': False, 'cmake_target': None, 'cmake_target_skip_unavailable': False, 'install_base': '/home/matheus/thesis_ws/install/game_session', 'merge_install': False, 'path': '/home/matheus/thesis_ws/src/game_session', 'symlink_install': False, 'test_result_base': None}
[0.258s] Level 5:colcon.colcon_core.verb:set package 'game_unity_bridge' build argument 'cmake_args' from command line to 'None'
[0.258s] Level 5:colcon.colcon_core.verb:set package 'game_unity_bridge' build argument 'cmake_target' from command line to 'None'
[0.258s] Level 5:colcon.colcon_core.verb:set package 'game_unity_bridge' build argument 'cmake_target_skip_unavailable' from command line to 'False'
[0.258s] Level 5:colcon.colcon_core.verb:set package 'game_unity_bridge' build argument 'cmake_clean_cache' from command line to 'False'
[0.258s] Level 5:colcon.colcon_core.verb:set package 'game_unity_bridge' build argument 'cmake_clean_first' from command line to 'False'
[0.258s] Level 5:colcon.colcon_core.verb:set package 'game_unity_bridge' build argument 'cmake_force_configure' from command line to 'False'
[0.258s] Level 5:colcon.colcon_core.verb:set package 'game_unity_bridge' build argument 'ament_cmake_args' from command line to 'None'
[0.258s] Level 5:colcon.colcon_core.verb:set package 'game_unity_bridge' build argument 'catkin_cmake_args' from command line to 'None'
[0.258s] Level 5:colcon.colcon_core.verb:set package 'game_unity_bridge' build argument 'catkin_skip_building_tests' from command line to 'False'
[0.258s] DEBUG:colcon.colcon_core.verb:Building package 'game_unity_bridge' with the following arguments: {'ament_cmake_args': None, 'build_base': '/home/matheus/thesis_ws/build/game_unity_bridge', 'catkin_cmake_args': None, 'catkin_skip_building_tests': False, 'cmake_args': None, 'cmake_clean_cache': False, 'cmake_clean_first': False, 'cmake_force_configure': False, 'cmake_target': None, 'cmake_target_skip_unavailable': False, 'install_base': '/home/matheus/thesis_ws/install/game_unity_bridge', 'merge_install': False, 'path': '/home/matheus/thesis_ws/src/game_unity_bridge', 'symlink_install': False, 'test_result_base': None}
[0.258s] Level 5:colcon.colcon_core.verb:set package 'hal_device_manager' build argument 'cmake_args' from command line to 'None'
[0.258s] Level 5:colcon.colcon_core.verb:set package 'hal_device_manager' build argument 'cmake_target' from command line to 'None'
[0.258s] Level 5:colcon.colcon_core.verb:set package 'hal_device_manager' build argument 'cmake_target_skip_unavailable' from command line to 'False'
[0.258s] Level 5:colcon.colcon_core.verb:set package 'hal_device_manager' build argument 'cmake_clean_cache' from command line to 'False'
[0.258s] Level 5:colcon.colcon_core.verb:set package 'hal_device_manager' build argument 'cmake_clean_first' from command line to 'False'
[0.258s] Level 5:colcon.colcon_core.verb:set package 'hal_device_manager' build argument 'cmake_force_configure' from command line to 'False'
[0.258s] Level 5:colcon.colcon_core.verb:set package 'hal_device_manager' build argument 'ament_cmake_args' from command line to 'None'
[0.258s] Level 5:colcon.colcon_core.verb:set package 'hal_device_manager' build argument 'catkin_cmake_args' from command line to 'None'
[0.258s] Level 5:colcon.colcon_core.verb:set package 'hal_device_manager' build argument 'catkin_skip_building_tests' from command line to 'False'
[0.259s] DEBUG:colcon.colcon_core.verb:Building package 'hal_device_manager' with the following arguments: {'ament_cmake_args': None, 'build_base': '/home/matheus/thesis_ws/build/hal_device_manager', 'catkin_cmake_args': None, 'catkin_skip_building_tests': False, 'cmake_args': None, 'cmake_clean_cache': False, 'cmake_clean_first': False, 'cmake_force_configure': False, 'cmake_target': None, 'cmake_target_skip_unavailable': False, 'install_base': '/home/matheus/thesis_ws/install/hal_device_manager', 'merge_install': False, 'path': '/home/matheus/thesis_ws/src/hal_device_manager', 'symlink_install': False, 'test_result_base': None}
[0.259s] Level 5:colcon.colcon_core.verb:set package 'hal_interfaces' build argument 'cmake_args' from command line to 'None'
[0.259s] Level 5:colcon.colcon_core.verb:set package 'hal_interfaces' build argument 'cmake_target' from command line to 'None'
[0.259s] Level 5:colcon.colcon_core.verb:set package 'hal_interfaces' build argument 'cmake_target_skip_unavailable' from command line to 'False'
[0.259s] Level 5:colcon.colcon_core.verb:set package 'hal_interfaces' build argument 'cmake_clean_cache' from command line to 'False'
[0.259s] Level 5:colcon.colcon_core.verb:set package 'hal_interfaces' build argument 'cmake_clean_first' from command line to 'False'
[0.259s] Level 5:colcon.colcon_core.verb:set package 'hal_interfaces' build argument 'cmake_force_configure' from command line to 'False'
[0.259s] Level 5:colcon.colcon_core.verb:set package 'hal_interfaces' build argument 'ament_cmake_args' from command line to 'None'
[0.259s] Level 5:colcon.colcon_core.verb:set package 'hal_interfaces' build argument 'catkin_cmake_args' from command line to 'None'
[0.259s] Level 5:colcon.colcon_core.verb:set package 'hal_interfaces' build argument 'catkin_skip_building_tests' from command line to 'False'
[0.259s] DEBUG:colcon.colcon_core.verb:Building package 'hal_interfaces' with the following arguments: {'ament_cmake_args': None, 'build_base': '/home/matheus/thesis_ws/build/hal_interfaces', 'catkin_cmake_args': None, 'catkin_skip_building_tests': False, 'cmake_args': None, 'cmake_clean_cache': False, 'cmake_clean_first': False, 'cmake_force_configure': False, 'cmake_target': None, 'cmake_target_skip_unavailable': False, 'install_base': '/home/matheus/thesis_ws/install/hal_interfaces', 'merge_install': False, 'path': '/home/matheus/thesis_ws/src/hal_interfaces', 'symlink_install': False, 'test_result_base': None}
[0.259s] Level 5:colcon.colcon_core.verb:set package 'hal_signal_processing' build argument 'cmake_args' from command line to 'None'
[0.259s] Level 5:colcon.colcon_core.verb:set package 'hal_signal_processing' build argument 'cmake_target' from command line to 'None'
[0.259s] Level 5:colcon.colcon_core.verb:set package 'hal_signal_processing' build argument 'cmake_target_skip_unavailable' from command line to 'False'
[0.259s] Level 5:colcon.colcon_core.verb:set package 'hal_signal_processing' build argument 'cmake_clean_cache' from command line to 'False'
[0.259s] Level 5:colcon.colcon_core.verb:set package 'hal_signal_processing' build argument 'cmake_clean_first' from command line to 'False'
[0.259s] Level 5:colcon.colcon_core.verb:set package 'hal_signal_processing' build argument 'cmake_force_configure' from command line to 'False'
[0.259s] Level 5:colcon.colcon_core.verb:set package 'hal_signal_processing' build argument 'ament_cmake_args' from command line to 'None'
[0.259s] Level 5:colcon.colcon_core.verb:set package 'hal_signal_processing' build argument 'catkin_cmake_args' from command line to 'None'
[0.259s] Level 5:colcon.colcon_core.verb:set package 'hal_signal_processing' build argument 'catkin_skip_building_tests' from command line to 'False'
[0.259s] DEBUG:colcon.colcon_core.verb:Building package 'hal_signal_processing' with the following arguments: {'ament_cmake_args': None, 'build_base': '/home/matheus/thesis_ws/build/hal_signal_processing', 'catkin_cmake_args': None, 'catkin_skip_building_tests': False, 'cmake_args': None, 'cmake_clean_cache': False, 'cmake_clean_first': False, 'cmake_force_configure': False, 'cmake_target': None, 'cmake_target_skip_unavailable': False, 'install_base': '/home/matheus/thesis_ws/install/hal_signal_processing', 'merge_install': False, 'path': '/home/matheus/thesis_ws/src/hal_signal_processing', 'symlink_install': False, 'test_result_base': None}
[0.259s] Level 5:colcon.colcon_core.verb:set package 'thesis_interfaces' build argument 'cmake_args' from command line to 'None'
[0.259s] Level 5:colcon.colcon_core.verb:set package 'thesis_interfaces' build argument 'cmake_target' from command line to 'None'
[0.259s] Level 5:colcon.colcon_core.verb:set package 'thesis_interfaces' build argument 'cmake_target_skip_unavailable' from command line to 'False'
[0.259s] Level 5:colcon.colcon_core.verb:set package 'thesis_interfaces' build argument 'cmake_clean_cache' from command line to 'False'
[0.259s] Level 5:colcon.colcon_core.verb:set package 'thesis_interfaces' build argument 'cmake_clean_first' from command line to 'False'
[0.259s] Level 5:colcon.colcon_core.verb:set package 'thesis_interfaces' build argument 'cmake_force_configure' from command line to 'False'
[0.259s] Level 5:colcon.colcon_core.verb:set package 'thesis_interfaces' build argument 'ament_cmake_args' from command line to 'None'
[0.259s] Level 5:colcon.colcon_core.verb:set package 'thesis_interfaces' build argument 'catkin_cmake_args' from command line to 'None'
[0.259s] Level 5:colcon.colcon_core.verb:set package 'thesis_interfaces' build argument 'catkin_skip_building_tests' from command line to 'False'
[0.259s] DEBUG:colcon.colcon_core.verb:Building package 'thesis_interfaces' with the following arguments: {'ament_cmake_args': None, 'build_base': '/home/matheus/thesis_ws/build/thesis_interfaces', 'catkin_cmake_args': None, 'catkin_skip_building_tests': False, 'cmake_args': None, 'cmake_clean_cache': False, 'cmake_clean_first': False, 'cmake_force_configure': False, 'cmake_target': None, 'cmake_target_skip_unavailable': False, 'install_base': '/home/matheus/thesis_ws/install/thesis_interfaces', 'merge_install': False, 'path': '/home/matheus/thesis_ws/src/thesis_interfaces', 'symlink_install': False, 'test_result_base': None}
[0.260s] INFO:colcon.colcon_core.executor:Executing jobs using 'parallel' executor
[0.260s] DEBUG:colcon.colcon_parallel_executor.executor.parallel:run_until_complete
[0.260s] INFO:colcon.colcon_ros.task.ament_python.build:Building ROS package in '/home/matheus/thesis_ws/src/data_logger' with build type 'ament_python'
[0.260s] Level 1:colcon.colcon_core.shell:create_environment_hook('data_logger', 'ament_prefix_path')
[0.262s] INFO:colcon.colcon_core.plugin_system:Skipping extension 'colcon_core.shell.bat': Not used on non-Windows systems
[0.262s] INFO:colcon.colcon_core.shell:Creating environment hook '/home/matheus/thesis_ws/install/data_logger/share/data_logger/hook/ament_prefix_path.ps1'
[0.263s] INFO:colcon.colcon_core.shell:Creating environment descriptor '/home/matheus/thesis_ws/install/data_logger/share/data_logger/hook/ament_prefix_path.dsv'
[0.263s] INFO:colcon.colcon_core.shell:Creating environment hook '/home/matheus/thesis_ws/install/data_logger/share/data_logger/hook/ament_prefix_path.sh'
[0.263s] INFO:colcon.colcon_core.shell:Skip shell extension 'powershell' for command environment: Not usable outside of PowerShell
[0.263s] DEBUG:colcon.colcon_core.shell:Skip shell extension 'dsv' for command environment
[0.266s] INFO:colcon.colcon_ros.task.ament_python.build:Building ROS package in '/home/matheus/thesis_ws/src/encoder_device' with build type 'ament_python'
[0.266s] Level 1:colcon.colcon_core.shell:create_environment_hook('encoder_device', 'ament_prefix_path')
[0.266s] INFO:colcon.colcon_core.shell:Creating environment hook '/home/matheus/thesis_ws/install/encoder_device/share/encoder_device/hook/ament_prefix_path.ps1'
[0.267s] INFO:colcon.colcon_core.shell:Creating environment descriptor '/home/matheus/thesis_ws/install/encoder_device/share/encoder_device/hook/ament_prefix_path.dsv'
[0.267s] INFO:colcon.colcon_core.shell:Creating environment hook '/home/matheus/thesis_ws/install/encoder_device/share/encoder_device/hook/ament_prefix_path.sh'
[0.267s] INFO:colcon.colcon_core.shell:Skip shell extension 'powershell' for command environment: Not usable outside of PowerShell
[0.267s] DEBUG:colcon.colcon_core.shell:Skip shell extension 'dsv' for command environment
[0.270s] INFO:colcon.colcon_ros.task.ament_python.build:Building ROS package in '/home/matheus/thesis_ws/src/encoder_guidao' with build type 'ament_python'
[0.270s] Level 1:colcon.colcon_core.shell:create_environment_hook('encoder_guidao', 'ament_prefix_path')
[0.270s] INFO:colcon.colcon_core.shell:Creating environment hook '/home/matheus/thesis_ws/install/encoder_guidao/share/encoder_guidao/hook/ament_prefix_path.ps1'
[0.275s] INFO:colcon.colcon_core.shell:Creating environment descriptor '/home/matheus/thesis_ws/install/encoder_guidao/share/encoder_guidao/hook/ament_prefix_path.dsv'
[0.276s] INFO:colcon.colcon_core.shell:Creating environment hook '/home/matheus/thesis_ws/install/encoder_guidao/share/encoder_guidao/hook/ament_prefix_path.sh'
[0.276s] INFO:colcon.colcon_core.shell:Skip shell extension 'powershell' for command environment: Not usable outside of PowerShell
[0.276s] DEBUG:colcon.colcon_core.shell:Skip shell extension 'dsv' for command environment
[0.279s] INFO:colcon.colcon_ros.task.ament_python.build:Building ROS package in '/home/matheus/thesis_ws/src/game_input_mapping' with build type 'ament_python'
[0.279s] Level 1:colcon.colcon_core.shell:create_environment_hook('game_input_mapping', 'ament_prefix_path')
[0.279s] INFO:colcon.colcon_core.shell:Creating environment hook '/home/matheus/thesis_ws/install/game_input_mapping/share/game_input_mapping/hook/ament_prefix_path.ps1'
[0.280s] INFO:colcon.colcon_core.shell:Creating environment descriptor '/home/matheus/thesis_ws/install/game_input_mapping/share/game_input_mapping/hook/ament_prefix_path.dsv'
[0.280s] INFO:colcon.colcon_core.shell:Creating environment hook '/home/matheus/thesis_ws/install/game_input_mapping/share/game_input_mapping/hook/ament_prefix_path.sh'
[0.280s] INFO:colcon.colcon_core.shell:Skip shell extension 'powershell' for command environment: Not usable outside of PowerShell
[0.280s] DEBUG:colcon.colcon_core.shell:Skip shell extension 'dsv' for command environment
[0.283s] INFO:colcon.colcon_ros.task.ament_python.build:Building ROS package in '/home/matheus/thesis_ws/src/game_session' with build type 'ament_python'
[0.283s] Level 1:colcon.colcon_core.shell:create_environment_hook('game_session', 'ament_prefix_path')
[0.283s] INFO:colcon.colcon_core.shell:Creating environment hook '/home/matheus/thesis_ws/install/game_session/share/game_session/hook/ament_prefix_path.ps1'
[0.283s] INFO:colcon.colcon_core.shell:Creating environment descriptor '/home/matheus/thesis_ws/install/game_session/share/game_session/hook/ament_prefix_path.dsv'
[0.283s] INFO:colcon.colcon_core.shell:Creating environment hook '/home/matheus/thesis_ws/install/game_session/share/game_session/hook/ament_prefix_path.sh'
[0.284s] INFO:colcon.colcon_core.shell:Skip shell extension 'powershell' for command environment: Not usable outside of PowerShell
[0.284s] DEBUG:colcon.colcon_core.shell:Skip shell extension 'dsv' for command environment
[0.291s] INFO:colcon.colcon_ros.task.ament_python.build:Building ROS package in '/home/matheus/thesis_ws/src/game_unity_bridge' with build type 'ament_python'
[0.291s] Level 1:colcon.colcon_core.shell:create_environment_hook('game_unity_bridge', 'ament_prefix_path')
[0.291s] INFO:colcon.colcon_core.shell:Creating environment hook '/home/matheus/thesis_ws/install/game_unity_bridge/share/game_unity_bridge/hook/ament_prefix_path.ps1'
[0.292s] INFO:colcon.colcon_core.shell:Creating environment descriptor '/home/matheus/thesis_ws/install/game_unity_bridge/share/game_unity_bridge/hook/ament_prefix_path.dsv'
[0.292s] INFO:colcon.colcon_core.shell:Creating environment hook '/home/matheus/thesis_ws/install/game_unity_bridge/share/game_unity_bridge/hook/ament_prefix_path.sh'
[0.292s] INFO:colcon.colcon_core.shell:Skip shell extension 'powershell' for command environment: Not usable outside of PowerShell
[0.293s] DEBUG:colcon.colcon_core.shell:Skip shell extension 'dsv' for command environment
[0.295s] INFO:colcon.colcon_ros.task.ament_python.build:Building ROS package in '/home/matheus/thesis_ws/src/hal_device_manager' with build type 'ament_python'
[0.295s] Level 1:colcon.colcon_core.shell:create_environment_hook('hal_device_manager', 'ament_prefix_path')
[0.296s] INFO:colcon.colcon_core.shell:Creating environment hook '/home/matheus/thesis_ws/install/hal_device_manager/share/hal_device_manager/hook/ament_prefix_path.ps1'
[0.296s] INFO:colcon.colcon_core.shell:Creating environment descriptor '/home/matheus/thesis_ws/install/hal_device_manager/share/hal_device_manager/hook/ament_prefix_path.dsv'
[0.296s] INFO:colcon.colcon_core.shell:Creating environment hook '/home/matheus/thesis_ws/install/hal_device_manager/share/hal_device_manager/hook/ament_prefix_path.sh'
[0.297s] INFO:colcon.colcon_core.shell:Skip shell extension 'powershell' for command environment: Not usable outside of PowerShell
[0.297s] DEBUG:colcon.colcon_core.shell:Skip shell extension 'dsv' for command environment
[0.299s] INFO:colcon.colcon_ros.task.ament_cmake.build:Building ROS package in '/home/matheus/thesis_ws/src/hal_interfaces' with build type 'ament_cmake'
[0.299s] INFO:colcon.colcon_cmake.task.cmake.build:Building CMake package in '/home/matheus/thesis_ws/src/hal_interfaces'
[0.299s] INFO:colcon.colcon_core.shell:Skip shell extension 'powershell' for command environment: Not usable outside of PowerShell
[0.299s] DEBUG:colcon.colcon_core.shell:Skip shell extension 'dsv' for command environment
[0.305s] INFO:colcon.colcon_ros.task.ament_python.build:Building ROS package in '/home/matheus/thesis_ws/src/hal_signal_processing' with build type 'ament_python'
[0.305s] Level 1:colcon.colcon_core.shell:create_environment_hook('hal_signal_processing', 'ament_prefix_path')
[0.305s] INFO:colcon.colcon_core.shell:Creating environment hook '/home/matheus/thesis_ws/install/hal_signal_processing/share/hal_signal_processing/hook/ament_prefix_path.ps1'
[0.305s] INFO:colcon.colcon_core.shell:Creating environment descriptor '/home/matheus/thesis_ws/install/hal_signal_processing/share/hal_signal_processing/hook/ament_prefix_path.dsv'
[0.306s] INFO:colcon.colcon_core.shell:Creating environment hook '/home/matheus/thesis_ws/install/hal_signal_processing/share/hal_signal_processing/hook/ament_prefix_path.sh'
[0.306s] INFO:colcon.colcon_core.shell:Skip shell extension 'powershell' for command environment: Not usable outside of PowerShell
[0.306s] DEBUG:colcon.colcon_core.shell:Skip shell extension 'dsv' for command environment
[0.309s] INFO:colcon.colcon_ros.task.ament_cmake.build:Building ROS package in '/home/matheus/thesis_ws/src/thesis_interfaces' with build type 'ament_cmake'
[0.309s] INFO:colcon.colcon_cmake.task.cmake.build:Building CMake package in '/home/matheus/thesis_ws/src/thesis_interfaces'
[0.310s] INFO:colcon.colcon_core.shell:Skip shell extension 'powershell' for command environment: Not usable outside of PowerShell
[0.310s] DEBUG:colcon.colcon_core.shell:Skip shell extension 'dsv' for command environment
[0.503s] INFO:colcon.colcon_core.task.python.build:Building Python package in '/home/matheus/thesis_ws/src/data_logger'
[0.503s] INFO:colcon.colcon_core.shell:Skip shell extension 'powershell' for command environment: Not usable outside of PowerShell
[0.503s] DEBUG:colcon.colcon_core.shell:Skip shell extension 'dsv' for command environment
[0.689s] INFO:colcon.colcon_core.task.python.build:Building Python package in '/home/matheus/thesis_ws/src/encoder_device'
[0.689s] INFO:colcon.colcon_core.shell:Skip shell extension 'powershell' for command environment: Not usable outside of PowerShell
[0.689s] DEBUG:colcon.colcon_core.shell:Skip shell extension 'dsv' for command environment
[0.872s] INFO:colcon.colcon_core.task.python.build:Building Python package in '/home/matheus/thesis_ws/src/encoder_guidao'
[0.873s] INFO:colcon.colcon_core.shell:Skip shell extension 'powershell' for command environment: Not usable outside of PowerShell
[0.873s] DEBUG:colcon.colcon_core.shell:Skip shell extension 'dsv' for command environment
[1.062s] INFO:colcon.colcon_core.task.python.build:Building Python package in '/home/matheus/thesis_ws/src/game_input_mapping'
[1.062s] INFO:colcon.colcon_core.shell:Skip shell extension 'powershell' for command environment: Not usable outside of PowerShell
[1.062s] DEBUG:colcon.colcon_core.shell:Skip shell extension 'dsv' for command environment
[1.248s] INFO:colcon.colcon_core.task.python.build:Building Python package in '/home/matheus/thesis_ws/src/game_session'
[1.248s] INFO:colcon.colcon_core.shell:Skip shell extension 'powershell' for command environment: Not usable outside of PowerShell
[1.248s] DEBUG:colcon.colcon_core.shell:Skip shell extension 'dsv' for command environment
[1.434s] INFO:colcon.colcon_core.task.python.build:Building Python package in '/home/matheus/thesis_ws/src/game_unity_bridge'
[1.435s] INFO:colcon.colcon_core.shell:Skip shell extension 'powershell' for command environment: Not usable outside of PowerShell
[1.435s] DEBUG:colcon.colcon_core.shell:Skip shell extension 'dsv' for command environment
[1.624s] INFO:colcon.colcon_core.task.python.build:Building Python package in '/home/matheus/thesis_ws/src/hal_device_manager'
[1.624s] INFO:colcon.colcon_core.shell:Skip shell extension 'powershell' for command environment: Not usable outside of PowerShell
[1.624s] DEBUG:colcon.colcon_core.shell:Skip shell extension 'dsv' for command environment
[1.631s] DEBUG:colcon.colcon_core.event_handler.log_command:Invoking command in '/home/matheus/thesis_ws/build/hal_interfaces': CMAKE_PREFIX_PATH=${CMAKE_PREFIX_PATH}:/home/matheus/thesis_ws/install/hal_signal_processing:/home/matheus/thesis_ws/install/hal_device_manager:/home/matheus/thesis_ws/install/game_unity_bridge:/home/matheus/thesis_ws/install/game_session:/home/matheus/thesis_ws/install/game_input_mapping:/home/matheus/thesis_ws/install/encoder_guidao:/home/matheus/thesis_ws/install/encoder_device:/home/matheus/thesis_ws/install/data_logger:/home/matheus/Desktop/TestesROS2/ros_unity_ws/install/ros_tcp_endpoint:/opt/ros/humble /usr/bin/cmake --build /home/matheus/thesis_ws/build/hal_interfaces -- -j12 -l12
[1.840s] INFO:colcon.colcon_core.task.python.build:Building Python package in '/home/matheus/thesis_ws/src/hal_signal_processing'
[1.840s] INFO:colcon.colcon_core.shell:Skip shell extension 'powershell' for command environment: Not usable outside of PowerShell
[1.840s] DEBUG:colcon.colcon_core.shell:Skip shell extension 'dsv' for command environment
[1.849s] DEBUG:colcon.colcon_core.event_handler.log_command:Invoking command in '/home/matheus/thesis_ws/build/thesis_interfaces': CMAKE_PREFIX_PATH=${CMAKE_PREFIX_PATH}:/home/matheus/thesis_ws/install/hal_signal_processing:/home/matheus/thesis_ws/install/hal_device_manager:/home/matheus/thesis_ws/install/game_unity_bridge:/home/matheus/thesis_ws/install/game_session:/home/matheus/thesis_ws/install/game_input_mapping:/home/matheus/thesis_ws/install/encoder_guidao:/home/matheus/thesis_ws/install/encoder_device:/home/matheus/thesis_ws/install/data_logger:/home/matheus/Desktop/TestesROS2/ros_unity_ws/install/ros_tcp_endpoint:/opt/ros/humble /usr/bin/cmake --build /home/matheus/thesis_ws/build/thesis_interfaces -- -j12 -l12
[1.897s] DEBUG:colcon.colcon_core.event_handler.log_command:Invoked command in '/home/matheus/thesis_ws/build/thesis_interfaces' returned '0': CMAKE_PREFIX_PATH=${CMAKE_PREFIX_PATH}:/home/matheus/thesis_ws/install/hal_signal_processing:/home/matheus/thesis_ws/install/hal_device_manager:/home/matheus/thesis_ws/install/game_unity_bridge:/home/matheus/thesis_ws/install/game_session:/home/matheus/thesis_ws/install/game_input_mapping:/home/matheus/thesis_ws/install/encoder_guidao:/home/matheus/thesis_ws/install/encoder_device:/home/matheus/thesis_ws/install/data_logger:/home/matheus/Desktop/TestesROS2/ros_unity_ws/install/ros_tcp_endpoint:/opt/ros/humble /usr/bin/cmake --build /home/matheus/thesis_ws/build/thesis_interfaces -- -j12 -l12
[1.910s] DEBUG:colcon.colcon_core.event_handler.log_command:Invoking command in '/home/matheus/thesis_ws/build/thesis_interfaces': CMAKE_PREFIX_PATH=${CMAKE_PREFIX_PATH}:/home/matheus/thesis_ws/install/hal_signal_processing:/home/matheus/thesis_ws/install/hal_device_manager:/home/matheus/thesis_ws/install/game_unity_bridge:/home/matheus/thesis_ws/install/game_session:/home/matheus/thesis_ws/install/game_input_mapping:/home/matheus/thesis_ws/install/encoder_guidao:/home/matheus/thesis_ws/install/encoder_device:/home/matheus/thesis_ws/install/data_logger:/home/matheus/Desktop/TestesROS2/ros_unity_ws/install/ros_tcp_endpoint:/opt/ros/humble /usr/bin/cmake --install /home/matheus/thesis_ws/build/thesis_interfaces
[1.922s] Level 1:colcon.colcon_core.environment:create_environment_scripts_only(thesis_interfaces)
[1.923s] DEBUG:colcon.colcon_core.event_handler.log_command:Invoked command in '/home/matheus/thesis_ws/build/thesis_interfaces' returned '0': CMAKE_PREFIX_PATH=${CMAKE_PREFIX_PATH}:/home/matheus/thesis_ws/install/hal_signal_processing:/home/matheus/thesis_ws/install/hal_device_manager:/home/matheus/thesis_ws/install/game_unity_bridge:/home/matheus/thesis_ws/install/game_session:/home/matheus/thesis_ws/install/game_input_mapping:/home/matheus/thesis_ws/install/encoder_guidao:/home/matheus/thesis_ws/install/encoder_device:/home/matheus/thesis_ws/install/data_logger:/home/matheus/Desktop/TestesROS2/ros_unity_ws/install/ros_tcp_endpoint:/opt/ros/humble /usr/bin/cmake --install /home/matheus/thesis_ws/build/thesis_interfaces
[1.925s] Level 1:colcon.colcon_core.environment:checking '/home/matheus/thesis_ws/install/thesis_interfaces' for CMake module files
[1.926s] Level 1:colcon.colcon_core.environment:checking '/home/matheus/thesis_ws/install/thesis_interfaces' for CMake config files
[1.926s] Level 1:colcon.colcon_core.shell:create_environment_hook('thesis_interfaces', 'cmake_prefix_path')
[1.927s] INFO:colcon.colcon_core.shell:Creating environment hook '/home/matheus/thesis_ws/install/thesis_interfaces/share/thesis_interfaces/hook/cmake_prefix_path.ps1'
[1.927s] INFO:colcon.colcon_core.shell:Creating environment descriptor '/home/matheus/thesis_ws/install/thesis_interfaces/share/thesis_interfaces/hook/cmake_prefix_path.dsv'
[1.928s] INFO:colcon.colcon_core.shell:Creating environment hook '/home/matheus/thesis_ws/install/thesis_interfaces/share/thesis_interfaces/hook/cmake_prefix_path.sh'
[1.928s] Level 1:colcon.colcon_core.environment:checking '/home/matheus/thesis_ws/install/thesis_interfaces/bin'
[1.929s] Level 1:colcon.colcon_core.environment:checking '/home/matheus/thesis_ws/install/thesis_interfaces/lib/pkgconfig/thesis_interfaces.pc'
[1.929s] Level 1:colcon.colcon_core.environment:checking '/home/matheus/thesis_ws/install/thesis_interfaces/lib/python3.10/site-packages'
[1.929s] Level 1:colcon.colcon_core.environment:checking '/home/matheus/thesis_ws/install/thesis_interfaces/bin'
[1.930s] INFO:colcon.colcon_core.shell:Creating package script '/home/matheus/thesis_ws/install/thesis_interfaces/share/thesis_interfaces/package.ps1'
[1.931s] INFO:colcon.colcon_core.shell:Creating package descriptor '/home/matheus/thesis_ws/install/thesis_interfaces/share/thesis_interfaces/package.dsv'
[1.932s] INFO:colcon.colcon_core.shell:Creating package script '/home/matheus/thesis_ws/install/thesis_interfaces/share/thesis_interfaces/package.sh'
[1.933s] INFO:colcon.colcon_core.shell:Creating package script '/home/matheus/thesis_ws/install/thesis_interfaces/share/thesis_interfaces/package.bash'
[1.934s] INFO:colcon.colcon_core.shell:Creating package script '/home/matheus/thesis_ws/install/thesis_interfaces/share/thesis_interfaces/package.zsh'
[1.935s] Level 1:colcon.colcon_core.environment:create_file_with_runtime_dependencies(/home/matheus/thesis_ws/install/thesis_interfaces/share/colcon-core/packages/thesis_interfaces)
[1.936s] Level 1:colcon.colcon_core.environment:create_environment_scripts_only(thesis_interfaces)
[1.937s] Level 1:colcon.colcon_core.environment:checking '/home/matheus/thesis_ws/install/thesis_interfaces' for CMake module files
[1.937s] Level 1:colcon.colcon_core.environment:checking '/home/matheus/thesis_ws/install/thesis_interfaces' for CMake config files
[1.937s] Level 1:colcon.colcon_core.shell:create_environment_hook('thesis_interfaces', 'cmake_prefix_path')
[1.938s] INFO:colcon.colcon_core.shell:Creating environment hook '/home/matheus/thesis_ws/install/thesis_interfaces/share/thesis_interfaces/hook/cmake_prefix_path.ps1'
[1.938s] INFO:colcon.colcon_core.shell:Creating environment descriptor '/home/matheus/thesis_ws/install/thesis_interfaces/share/thesis_interfaces/hook/cmake_prefix_path.dsv'
[1.939s] INFO:colcon.colcon_core.shell:Creating environment hook '/home/matheus/thesis_ws/install/thesis_interfaces/share/thesis_interfaces/hook/cmake_prefix_path.sh'
[1.939s] Level 1:colcon.colcon_core.environment:checking '/home/matheus/thesis_ws/install/thesis_interfaces/bin'
[1.939s] Level 1:colcon.colcon_core.environment:checking '/home/matheus/thesis_ws/install/thesis_interfaces/lib/pkgconfig/thesis_interfaces.pc'
[1.940s] Level 1:colcon.colcon_core.environment:checking '/home/matheus/thesis_ws/install/thesis_interfaces/lib/python3.10/site-packages'
[1.940s] Level 1:colcon.colcon_core.environment:checking '/home/matheus/thesis_ws/install/thesis_interfaces/bin'
[1.940s] INFO:colcon.colcon_core.shell:Creating package script '/home/matheus/thesis_ws/install/thesis_interfaces/share/thesis_interfaces/package.ps1'
[1.942s] INFO:colcon.colcon_core.shell:Creating package descriptor '/home/matheus/thesis_ws/install/thesis_interfaces/share/thesis_interfaces/package.dsv'
[1.943s] INFO:colcon.colcon_core.shell:Creating package script '/home/matheus/thesis_ws/install/thesis_interfaces/share/thesis_interfaces/package.sh'
[1.943s] INFO:colcon.colcon_core.shell:Creating package script '/home/matheus/thesis_ws/install/thesis_interfaces/share/thesis_interfaces/package.bash'
[1.944s] INFO:colcon.colcon_core.shell:Creating package script '/home/matheus/thesis_ws/install/thesis_interfaces/share/thesis_interfaces/package.zsh'
[1.944s] Level 1:colcon.colcon_core.environment:create_file_with_runtime_dependencies(/home/matheus/thesis_ws/install/thesis_interfaces/share/colcon-core/packages/thesis_interfaces)
[1.946s] DEBUG:colcon.colcon_core.event_handler.log_command:Invoked command in '/home/matheus/thesis_ws/build/hal_interfaces' returned '0': CMAKE_PREFIX_PATH=${CMAKE_PREFIX_PATH}:/home/matheus/thesis_ws/install/hal_signal_processing:/home/matheus/thesis_ws/install/hal_device_manager:/home/matheus/thesis_ws/install/game_unity_bridge:/home/matheus/thesis_ws/install/game_session:/home/matheus/thesis_ws/install/game_input_mapping:/home/matheus/thesis_ws/install/encoder_guidao:/home/matheus/thesis_ws/install/encoder_device:/home/matheus/thesis_ws/install/data_logger:/home/matheus/Desktop/TestesROS2/ros_unity_ws/install/ros_tcp_endpoint:/opt/ros/humble /usr/bin/cmake --build /home/matheus/thesis_ws/build/hal_interfaces -- -j12 -l12
[1.948s] DEBUG:colcon.colcon_core.event_handler.log_command:Invoking command in '/home/matheus/thesis_ws/build/hal_interfaces': CMAKE_PREFIX_PATH=${CMAKE_PREFIX_PATH}:/home/matheus/thesis_ws/install/hal_signal_processing:/home/matheus/thesis_ws/install/hal_device_manager:/home/matheus/thesis_ws/install/game_unity_bridge:/home/matheus/thesis_ws/install/game_session:/home/matheus/thesis_ws/install/game_input_mapping:/home/matheus/thesis_ws/install/encoder_guidao:/home/matheus/thesis_ws/install/encoder_device:/home/matheus/thesis_ws/install/data_logger:/home/matheus/Desktop/TestesROS2/ros_unity_ws/install/ros_tcp_endpoint:/opt/ros/humble /usr/bin/cmake --install /home/matheus/thesis_ws/build/hal_interfaces
[2.013s] Level 1:colcon.colcon_core.environment:create_environment_scripts_only(hal_interfaces)
[2.014s] Level 1:colcon.colcon_core.environment:checking '/home/matheus/thesis_ws/install/hal_interfaces' for CMake module files
[2.014s] DEBUG:colcon.colcon_core.event_handler.log_command:Invoked command in '/home/matheus/thesis_ws/build/hal_interfaces' returned '0': CMAKE_PREFIX_PATH=${CMAKE_PREFIX_PATH}:/home/matheus/thesis_ws/install/hal_signal_processing:/home/matheus/thesis_ws/install/hal_device_manager:/home/matheus/thesis_ws/install/game_unity_bridge:/home/matheus/thesis_ws/install/game_session:/home/matheus/thesis_ws/install/game_input_mapping:/home/matheus/thesis_ws/install/encoder_guidao:/home/matheus/thesis_ws/install/encoder_device:/home/matheus/thesis_ws/install/data_logger:/home/matheus/Desktop/TestesROS2/ros_unity_ws/install/ros_tcp_endpoint:/opt/ros/humble /usr/bin/cmake --install /home/matheus/thesis_ws/build/hal_interfaces
[2.015s] Level 1:colcon.colcon_core.environment:checking '/home/matheus/thesis_ws/install/hal_interfaces' for CMake config files
[2.016s] Level 1:colcon.colcon_core.shell:create_environment_hook('hal_interfaces', 'cmake_prefix_path')
[2.016s] INFO:colcon.colcon_core.shell:Creating environment hook '/home/matheus/thesis_ws/install/hal_interfaces/share/hal_interfaces/hook/cmake_prefix_path.ps1'
[2.017s] INFO:colcon.colcon_core.shell:Creating environment descriptor '/home/matheus/thesis_ws/install/hal_interfaces/share/hal_interfaces/hook/cmake_prefix_path.dsv'
[2.017s] INFO:colcon.colcon_core.shell:Creating environment hook '/home/matheus/thesis_ws/install/hal_interfaces/share/hal_interfaces/hook/cmake_prefix_path.sh'
[2.018s] Level 1:colcon.colcon_core.environment:checking '/home/matheus/thesis_ws/install/hal_interfaces/lib'
[2.018s] Level 1:colcon.colcon_core.shell:create_environment_hook('hal_interfaces', 'ld_library_path_lib')
[2.018s] INFO:colcon.colcon_core.shell:Creating environment hook '/home/matheus/thesis_ws/install/hal_interfaces/share/hal_interfaces/hook/ld_library_path_lib.ps1'
[2.019s] INFO:colcon.colcon_core.shell:Creating environment descriptor '/home/matheus/thesis_ws/install/hal_interfaces/share/hal_interfaces/hook/ld_library_path_lib.dsv'
[2.019s] INFO:colcon.colcon_core.shell:Creating environment hook '/home/matheus/thesis_ws/install/hal_interfaces/share/hal_interfaces/hook/ld_library_path_lib.sh'
[2.020s] Level 1:colcon.colcon_core.environment:checking '/home/matheus/thesis_ws/install/hal_interfaces/bin'
[2.020s] Level 1:colcon.colcon_core.environment:checking '/home/matheus/thesis_ws/install/hal_interfaces/lib/pkgconfig/hal_interfaces.pc'
[2.020s] Level 1:colcon.colcon_core.environment:checking '/home/matheus/thesis_ws/install/hal_interfaces/lib/python3.10/site-packages'
[2.020s] Level 1:colcon.colcon_core.environment:checking '/home/matheus/thesis_ws/install/hal_interfaces/bin'
[2.021s] INFO:colcon.colcon_core.shell:Creating package script '/home/matheus/thesis_ws/install/hal_interfaces/share/hal_interfaces/package.ps1'
[2.021s] INFO:colcon.colcon_core.shell:Creating package descriptor '/home/matheus/thesis_ws/install/hal_interfaces/share/hal_interfaces/package.dsv'
[2.022s] INFO:colcon.colcon_core.shell:Creating package script '/home/matheus/thesis_ws/install/hal_interfaces/share/hal_interfaces/package.sh'
[2.022s] INFO:colcon.colcon_core.shell:Creating package script '/home/matheus/thesis_ws/install/hal_interfaces/share/hal_interfaces/package.bash'
[2.023s] INFO:colcon.colcon_core.shell:Creating package script '/home/matheus/thesis_ws/install/hal_interfaces/share/hal_interfaces/package.zsh'
[2.023s] Level 1:colcon.colcon_core.environment:create_file_with_runtime_dependencies(/home/matheus/thesis_ws/install/hal_interfaces/share/colcon-core/packages/hal_interfaces)
[2.024s] Level 1:colcon.colcon_core.environment:create_environment_scripts_only(hal_interfaces)
[2.024s] Level 1:colcon.colcon_core.environment:checking '/home/matheus/thesis_ws/install/hal_interfaces' for CMake module files
[2.025s] Level 1:colcon.colcon_core.environment:checking '/home/matheus/thesis_ws/install/hal_interfaces' for CMake config files
[2.026s] Level 1:colcon.colcon_core.shell:create_environment_hook('hal_interfaces', 'cmake_prefix_path')
[2.026s] INFO:colcon.colcon_core.shell:Creating environment hook '/home/matheus/thesis_ws/install/hal_interfaces/share/hal_interfaces/hook/cmake_prefix_path.ps1'
[2.026s] INFO:colcon.colcon_core.shell:Creating environment descriptor '/home/matheus/thesis_ws/install/hal_interfaces/share/hal_interfaces/hook/cmake_prefix_path.dsv'
[2.027s] INFO:colcon.colcon_core.shell:Creating environment hook '/home/matheus/thesis_ws/install/hal_interfaces/share/hal_interfaces/hook/cmake_prefix_path.sh'
[2.027s] Level 1:colcon.colcon_core.environment:checking '/home/matheus/thesis_ws/install/hal_interfaces/lib'
[2.027s] Level 1:colcon.colcon_core.shell:create_environment_hook('hal_interfaces', 'ld_library_path_lib')
[2.028s] INFO:colcon.colcon_core.shell:Creating environment hook '/home/matheus/thesis_ws/install/hal_interfaces/share/hal_interfaces/hook/ld_library_path_lib.ps1'
[2.028s] INFO:colcon.colcon_core.shell:Creating environment descriptor '/home/matheus/thesis_ws/install/hal_interfaces/share/hal_interfaces/hook/ld_library_path_lib.dsv'
[2.028s] INFO:colcon.colcon_core.shell:Creating environment hook '/home/matheus/thesis_ws/install/hal_interfaces/share/hal_interfaces/hook/ld_library_path_lib.sh'
[2.029s] Level 1:colcon.colcon_core.environment:checking '/home/matheus/thesis_ws/install/hal_interfaces/bin'
[2.029s] Level 1:colcon.colcon_core.environment:checking '/home/matheus/thesis_ws/install/hal_interfaces/lib/pkgconfig/hal_interfaces.pc'
[2.029s] Level 1:colcon.colcon_core.environment:checking '/home/matheus/thesis_ws/install/hal_interfaces/lib/python3.10/site-packages'
[2.030s] Level 1:colcon.colcon_core.environment:checking '/home/matheus/thesis_ws/install/hal_interfaces/bin'
[2.030s] INFO:colcon.colcon_core.shell:Creating package script '/home/matheus/thesis_ws/install/hal_interfaces/share/hal_interfaces/package.ps1'
[2.031s] INFO:colcon.colcon_core.shell:Creating package descriptor '/home/matheus/thesis_ws/install/hal_interfaces/share/hal_interfaces/package.dsv'
[2.031s] INFO:colcon.colcon_core.shell:Creating package script '/home/matheus/thesis_ws/install/hal_interfaces/share/hal_interfaces/package.sh'
[2.032s] INFO:colcon.colcon_core.shell:Creating package script '/home/matheus/thesis_ws/install/hal_interfaces/share/hal_interfaces/package.bash'
[2.032s] INFO:colcon.colcon_core.shell:Creating package script '/home/matheus/thesis_ws/install/hal_interfaces/share/hal_interfaces/package.zsh'
[2.033s] Level 1:colcon.colcon_core.environment:create_file_with_runtime_dependencies(/home/matheus/thesis_ws/install/hal_interfaces/share/colcon-core/packages/hal_interfaces)
[2.189s] DEBUG:colcon.colcon_core.task.python.build:Available setuptools commands: alias, build_ext, upload_docs, develop, bdist_rpm, setopt, compile_catalog, bdist_dumb, bdist_wheel, saveopts, install, dist_info, update_catalog, install_egg_info, bdist_egg, sdist, rotate, register, install_data, install_lib, nosetests, bdist, build_py, check, symlink_data, easy_install, install_scripts, upload, egg_info, test, init_catalog, build_scripts, install_headers, build_clib, extract_messages, build, clean
[2.191s] DEBUG:colcon.colcon_core.event_handler.log_command:Invoking command in '/home/matheus/thesis_ws/src/hal_signal_processing': PYTHONPATH=/home/matheus/thesis_ws/build/hal_signal_processing/prefix_override:/usr/lib/python3/dist-packages/colcon_core/task/python/colcon_distutils_commands:/home/matheus/thesis_ws/install/hal_signal_processing/lib/python3.10/site-packages:${PYTHONPATH} /usr/bin/python3 -W ignore:setup.py install is deprecated -W ignore:easy_install command is deprecated setup.py egg_info --egg-base ../../build/hal_signal_processing build --build-base /home/matheus/thesis_ws/build/hal_signal_processing/build install --record /home/matheus/thesis_ws/build/hal_signal_processing/install.log --install-scripts $base/lib/hal_signal_processing --single-version-externally-managed install_data
[2.203s] DEBUG:colcon.colcon_core.task.python.build:Available setuptools commands: alias, build_ext, upload_docs, develop, bdist_rpm, setopt, compile_catalog, bdist_dumb, bdist_wheel, saveopts, install, dist_info, update_catalog, install_egg_info, bdist_egg, sdist, rotate, register, install_data, install_lib, nosetests, bdist, build_py, check, symlink_data, easy_install, install_scripts, upload, egg_info, test, init_catalog, build_scripts, install_headers, build_clib, extract_messages, build, clean
[2.205s] DEBUG:colcon.colcon_core.event_handler.log_command:Invoking command in '/home/matheus/thesis_ws/src/hal_device_manager': PYTHONPATH=/home/matheus/thesis_ws/build/hal_device_manager/prefix_override:/usr/lib/python3/dist-packages/colcon_core/task/python/colcon_distutils_commands:/home/matheus/thesis_ws/install/hal_device_manager/lib/python3.10/site-packages:${PYTHONPATH} /usr/bin/python3 -W ignore:setup.py install is deprecated -W ignore:easy_install command is deprecated setup.py egg_info --egg-base ../../build/hal_device_manager build --build-base /home/matheus/thesis_ws/build/hal_device_manager/build install --record /home/matheus/thesis_ws/build/hal_device_manager/install.log --install-scripts $base/lib/hal_device_manager --single-version-externally-managed install_data
[2.380s] DEBUG:colcon.colcon_core.task.python.build:Available setuptools commands: alias, build_ext, upload_docs, develop, bdist_rpm, setopt, compile_catalog, bdist_dumb, bdist_wheel, saveopts, install, dist_info, update_catalog, install_egg_info, bdist_egg, sdist, rotate, register, install_data, install_lib, nosetests, bdist, build_py, check, symlink_data, easy_install, install_scripts, upload, egg_info, test, init_catalog, build_scripts, install_headers, build_clib, extract_messages, build, clean
[2.384s] DEBUG:colcon.colcon_core.event_handler.log_command:Invoking command in '/home/matheus/thesis_ws/src/encoder_guidao': PYTHONPATH=/home/matheus/thesis_ws/build/encoder_guidao/prefix_override:/usr/lib/python3/dist-packages/colcon_core/task/python/colcon_distutils_commands:/home/matheus/thesis_ws/install/encoder_guidao/lib/python3.10/site-packages:${PYTHONPATH} /usr/bin/python3 -W ignore:setup.py install is deprecated -W ignore:easy_install command is deprecated setup.py egg_info --egg-base ../../build/encoder_guidao build --build-base /home/matheus/thesis_ws/build/encoder_guidao/build install --record /home/matheus/thesis_ws/build/encoder_guidao/install.log --install-scripts $base/lib/encoder_guidao --single-version-externally-managed install_data
[2.391s] DEBUG:colcon.colcon_core.task.python.build:Available setuptools commands: alias, build_ext, upload_docs, develop, bdist_rpm, setopt, compile_catalog, bdist_dumb, bdist_wheel, saveopts, install, dist_info, update_catalog, install_egg_info, bdist_egg, sdist, rotate, register, install_data, install_lib, nosetests, bdist, build_py, check, symlink_data, easy_install, install_scripts, upload, egg_info, test, init_catalog, build_scripts, install_headers, build_clib, extract_messages, build, clean
[2.393s] DEBUG:colcon.colcon_core.task.python.build:Available setuptools commands: alias, build_ext, upload_docs, develop, bdist_rpm, setopt, compile_catalog, bdist_dumb, bdist_wheel, saveopts, install, dist_info, update_catalog, install_egg_info, bdist_egg, sdist, rotate, register, install_data, install_lib, nosetests, bdist, build_py, check, symlink_data, easy_install, install_scripts, upload, egg_info, test, init_catalog, build_scripts, install_headers, build_clib, extract_messages, build, clean
[2.396s] DEBUG:colcon.colcon_core.event_handler.log_command:Invoking command in '/home/matheus/thesis_ws/src/encoder_device': PYTHONPATH=/home/matheus/thesis_ws/build/encoder_device/prefix_override:/usr/lib/python3/dist-packages/colcon_core/task/python/colcon_distutils_commands:/home/matheus/thesis_ws/install/encoder_device/lib/python3.10/site-packages:${PYTHONPATH} /usr/bin/python3 -W ignore:setup.py install is deprecated -W ignore:easy_install command is deprecated setup.py egg_info --egg-base ../../build/encoder_device build --build-base /home/matheus/thesis_ws/build/encoder_device/build install --record /home/matheus/thesis_ws/build/encoder_device/install.log --install-scripts $base/lib/encoder_device --single-version-externally-managed install_data
[2.397s] DEBUG:colcon.colcon_core.event_handler.log_command:Invoking command in '/home/matheus/thesis_ws/src/data_logger': PYTHONPATH=/home/matheus/thesis_ws/build/data_logger/prefix_override:/usr/lib/python3/dist-packages/colcon_core/task/python/colcon_distutils_commands:/home/matheus/thesis_ws/install/data_logger/lib/python3.10/site-packages:${PYTHONPATH} /usr/bin/python3 -W ignore:setup.py install is deprecated -W ignore:easy_install command is deprecated setup.py egg_info --egg-base ../../build/data_logger build --build-base /home/matheus/thesis_ws/build/data_logger/build install --record /home/matheus/thesis_ws/build/data_logger/install.log --install-scripts $base/lib/data_logger --single-version-externally-managed install_data
[2.399s] DEBUG:colcon.colcon_core.task.python.build:Available setuptools commands: alias, build_ext, upload_docs, develop, bdist_rpm, setopt, compile_catalog, bdist_dumb, bdist_wheel, saveopts, install, dist_info, update_catalog, install_egg_info, bdist_egg, sdist, rotate, register, install_data, install_lib, nosetests, bdist, build_py, check, symlink_data, easy_install, install_scripts, upload, egg_info, test, init_catalog, build_scripts, install_headers, build_clib, extract_messages, build, clean
[2.401s] DEBUG:colcon.colcon_core.event_handler.log_command:Invoking command in '/home/matheus/thesis_ws/src/game_session': PYTHONPATH=/home/matheus/thesis_ws/build/game_session/prefix_override:/usr/lib/python3/dist-packages/colcon_core/task/python/colcon_distutils_commands:/home/matheus/thesis_ws/install/game_session/lib/python3.10/site-packages:${PYTHONPATH} /usr/bin/python3 -W ignore:setup.py install is deprecated -W ignore:easy_install command is deprecated setup.py egg_info --egg-base ../../build/game_session build --build-base /home/matheus/thesis_ws/build/game_session/build install --record /home/matheus/thesis_ws/build/game_session/install.log --install-scripts $base/lib/game_session --single-version-externally-managed install_data
[2.402s] DEBUG:colcon.colcon_core.task.python.build:Available setuptools commands: alias, build_ext, upload_docs, develop, bdist_rpm, setopt, compile_catalog, bdist_dumb, bdist_wheel, saveopts, install, dist_info, update_catalog, install_egg_info, bdist_egg, sdist, rotate, register, install_data, install_lib, nosetests, bdist, build_py, check, symlink_data, easy_install, install_scripts, upload, egg_info, test, init_catalog, build_scripts, install_headers, build_clib, extract_messages, build, clean
[2.405s] DEBUG:colcon.colcon_core.task.python.build:Available setuptools commands: alias, build_ext, upload_docs, develop, bdist_rpm, setopt, compile_catalog, bdist_dumb, bdist_wheel, saveopts, install, dist_info, update_catalog, install_egg_info, bdist_egg, sdist, rotate, register, install_data, install_lib, nosetests, bdist, build_py, check, symlink_data, easy_install, install_scripts, upload, egg_info, test, init_catalog, build_scripts, install_headers, build_clib, extract_messages, build, clean
[2.406s] DEBUG:colcon.colcon_core.event_handler.log_command:Invoking command in '/home/matheus/thesis_ws/src/game_input_mapping': PYTHONPATH=/home/matheus/thesis_ws/build/game_input_mapping/prefix_override:/usr/lib/python3/dist-packages/colcon_core/task/python/colcon_distutils_commands:/home/matheus/thesis_ws/install/game_input_mapping/lib/python3.10/site-packages:${PYTHONPATH} /usr/bin/python3 -W ignore:setup.py install is deprecated -W ignore:easy_install command is deprecated setup.py egg_info --egg-base ../../build/game_input_mapping build --build-base /home/matheus/thesis_ws/build/game_input_mapping/build install --record /home/matheus/thesis_ws/build/game_input_mapping/install.log --install-scripts $base/lib/game_input_mapping --single-version-externally-managed install_data
[2.408s] DEBUG:colcon.colcon_core.event_handler.log_command:Invoking command in '/home/matheus/thesis_ws/src/game_unity_bridge': PYTHONPATH=/home/matheus/thesis_ws/build/game_unity_bridge/prefix_override:/usr/lib/python3/dist-packages/colcon_core/task/python/colcon_distutils_commands:/home/matheus/thesis_ws/install/game_unity_bridge/lib/python3.10/site-packages:${PYTHONPATH} /usr/bin/python3 -W ignore:setup.py install is deprecated -W ignore:easy_install command is deprecated setup.py egg_info --egg-base ../../build/game_unity_bridge build --build-base /home/matheus/thesis_ws/build/game_unity_bridge/build install --record /home/matheus/thesis_ws/build/game_unity_bridge/install.log --install-scripts $base/lib/game_unity_bridge --single-version-externally-managed install_data
[2.501s] Level 1:colcon.colcon_core.environment:checking '/home/matheus/thesis_ws/install/hal_signal_processing' for CMake module files
[2.501s] DEBUG:colcon.colcon_core.event_handler.log_command:Invoked command in '/home/matheus/thesis_ws/src/hal_signal_processing' returned '0': PYTHONPATH=/home/matheus/thesis_ws/build/hal_signal_processing/prefix_override:/usr/lib/python3/dist-packages/colcon_core/task/python/colcon_distutils_commands:/home/matheus/thesis_ws/install/hal_signal_processing/lib/python3.10/site-packages:${PYTHONPATH} /usr/bin/python3 -W ignore:setup.py install is deprecated -W ignore:easy_install command is deprecated setup.py egg_info --egg-base ../../build/hal_signal_processing build --build-base /home/matheus/thesis_ws/build/hal_signal_processing/build install --record /home/matheus/thesis_ws/build/hal_signal_processing/install.log --install-scripts $base/lib/hal_signal_processing --single-version-externally-managed install_data
[2.502s] Level 1:colcon.colcon_core.environment:checking '/home/matheus/thesis_ws/install/hal_signal_processing' for CMake config files
[2.502s] Level 1:colcon.colcon_core.environment:checking '/home/matheus/thesis_ws/install/hal_signal_processing/lib'
[2.502s] Level 1:colcon.colcon_core.environment:checking '/home/matheus/thesis_ws/install/hal_signal_processing/bin'
[2.502s] Level 1:colcon.colcon_core.environment:checking '/home/matheus/thesis_ws/install/hal_signal_processing/lib/pkgconfig/hal_signal_processing.pc'
[2.502s] Level 1:colcon.colcon_core.environment:checking '/home/matheus/thesis_ws/install/hal_signal_processing/lib/python3.10/site-packages'
[2.502s] Level 1:colcon.colcon_core.shell:create_environment_hook('hal_signal_processing', 'pythonpath')
[2.502s] INFO:colcon.colcon_core.shell:Creating environment hook '/home/matheus/thesis_ws/install/hal_signal_processing/share/hal_signal_processing/hook/pythonpath.ps1'
[2.503s] INFO:colcon.colcon_core.shell:Creating environment descriptor '/home/matheus/thesis_ws/install/hal_signal_processing/share/hal_signal_processing/hook/pythonpath.dsv'
[2.503s] INFO:colcon.colcon_core.shell:Creating environment hook '/home/matheus/thesis_ws/install/hal_signal_processing/share/hal_signal_processing/hook/pythonpath.sh'
[2.504s] Level 1:colcon.colcon_core.environment:checking '/home/matheus/thesis_ws/install/hal_signal_processing/bin'
[2.504s] Level 1:colcon.colcon_core.environment:create_environment_scripts_only(hal_signal_processing)
[2.504s] INFO:colcon.colcon_core.shell:Creating package script '/home/matheus/thesis_ws/install/hal_signal_processing/share/hal_signal_processing/package.ps1'
[2.504s] INFO:colcon.colcon_core.shell:Creating package descriptor '/home/matheus/thesis_ws/install/hal_signal_processing/share/hal_signal_processing/package.dsv'
[2.505s] INFO:colcon.colcon_core.shell:Creating package script '/home/matheus/thesis_ws/install/hal_signal_processing/share/hal_signal_processing/package.sh'
[2.505s] INFO:colcon.colcon_core.shell:Creating package script '/home/matheus/thesis_ws/install/hal_signal_processing/share/hal_signal_processing/package.bash'
[2.505s] INFO:colcon.colcon_core.shell:Creating package script '/home/matheus/thesis_ws/install/hal_signal_processing/share/hal_signal_processing/package.zsh'
[2.506s] Level 1:colcon.colcon_core.environment:create_file_with_runtime_dependencies(/home/matheus/thesis_ws/install/hal_signal_processing/share/colcon-core/packages/hal_signal_processing)
[2.548s] Level 1:colcon.colcon_core.environment:checking '/home/matheus/thesis_ws/install/hal_device_manager' for CMake module files
[2.548s] DEBUG:colcon.colcon_core.event_handler.log_command:Invoked command in '/home/matheus/thesis_ws/src/hal_device_manager' returned '0': PYTHONPATH=/home/matheus/thesis_ws/build/hal_device_manager/prefix_override:/usr/lib/python3/dist-packages/colcon_core/task/python/colcon_distutils_commands:/home/matheus/thesis_ws/install/hal_device_manager/lib/python3.10/site-packages:${PYTHONPATH} /usr/bin/python3 -W ignore:setup.py install is deprecated -W ignore:easy_install command is deprecated setup.py egg_info --egg-base ../../build/hal_device_manager build --build-base /home/matheus/thesis_ws/build/hal_device_manager/build install --record /home/matheus/thesis_ws/build/hal_device_manager/install.log --install-scripts $base/lib/hal_device_manager --single-version-externally-managed install_data
[2.549s] Level 1:colcon.colcon_core.environment:checking '/home/matheus/thesis_ws/install/hal_device_manager' for CMake config files
[2.549s] Level 1:colcon.colcon_core.environment:checking '/home/matheus/thesis_ws/install/hal_device_manager/lib'
[2.549s] Level 1:colcon.colcon_core.environment:checking '/home/matheus/thesis_ws/install/hal_device_manager/bin'
[2.549s] Level 1:colcon.colcon_core.environment:checking '/home/matheus/thesis_ws/install/hal_device_manager/lib/pkgconfig/hal_device_manager.pc'
[2.549s] Level 1:colcon.colcon_core.environment:checking '/home/matheus/thesis_ws/install/hal_device_manager/lib/python3.10/site-packages'
[2.549s] Level 1:colcon.colcon_core.shell:create_environment_hook('hal_device_manager', 'pythonpath')
[2.549s] INFO:colcon.colcon_core.shell:Creating environment hook '/home/matheus/thesis_ws/install/hal_device_manager/share/hal_device_manager/hook/pythonpath.ps1'
[2.550s] INFO:colcon.colcon_core.shell:Creating environment descriptor '/home/matheus/thesis_ws/install/hal_device_manager/share/hal_device_manager/hook/pythonpath.dsv'
[2.550s] INFO:colcon.colcon_core.shell:Creating environment hook '/home/matheus/thesis_ws/install/hal_device_manager/share/hal_device_manager/hook/pythonpath.sh'
[2.550s] Level 1:colcon.colcon_core.environment:checking '/home/matheus/thesis_ws/install/hal_device_manager/bin'
[2.551s] Level 1:colcon.colcon_core.environment:create_environment_scripts_only(hal_device_manager)
[2.551s] INFO:colcon.colcon_core.shell:Creating package script '/home/matheus/thesis_ws/install/hal_device_manager/share/hal_device_manager/package.ps1'
[2.551s] INFO:colcon.colcon_core.shell:Creating package descriptor '/home/matheus/thesis_ws/install/hal_device_manager/share/hal_device_manager/package.dsv'
[2.551s] INFO:colcon.colcon_core.shell:Creating package script '/home/matheus/thesis_ws/install/hal_device_manager/share/hal_device_manager/package.sh'
[2.552s] INFO:colcon.colcon_core.shell:Creating package script '/home/matheus/thesis_ws/install/hal_device_manager/share/hal_device_manager/package.bash'
[2.552s] INFO:colcon.colcon_core.shell:Creating package script '/home/matheus/thesis_ws/install/hal_device_manager/share/hal_device_manager/package.zsh'
[2.552s] Level 1:colcon.colcon_core.environment:create_file_with_runtime_dependencies(/home/matheus/thesis_ws/install/hal_device_manager/share/colcon-core/packages/hal_device_manager)
[2.643s] Level 1:colcon.colcon_core.environment:checking '/home/matheus/thesis_ws/install/encoder_device' for CMake module files
[2.644s] DEBUG:colcon.colcon_core.event_handler.log_command:Invoked command in '/home/matheus/thesis_ws/src/encoder_device' returned '0': PYTHONPATH=/home/matheus/thesis_ws/build/encoder_device/prefix_override:/usr/lib/python3/dist-packages/colcon_core/task/python/colcon_distutils_commands:/home/matheus/thesis_ws/install/encoder_device/lib/python3.10/site-packages:${PYTHONPATH} /usr/bin/python3 -W ignore:setup.py install is deprecated -W ignore:easy_install command is deprecated setup.py egg_info --egg-base ../../build/encoder_device build --build-base /home/matheus/thesis_ws/build/encoder_device/build install --record /home/matheus/thesis_ws/build/encoder_device/install.log --install-scripts $base/lib/encoder_device --single-version-externally-managed install_data
[2.644s] Level 1:colcon.colcon_core.environment:checking '/home/matheus/thesis_ws/install/encoder_device' for CMake config files
[2.645s] Level 1:colcon.colcon_core.environment:checking '/home/matheus/thesis_ws/install/encoder_device/lib'
[2.645s] Level 1:colcon.colcon_core.environment:checking '/home/matheus/thesis_ws/install/encoder_device/bin'
[2.645s] Level 1:colcon.colcon_core.environment:checking '/home/matheus/thesis_ws/install/encoder_device/lib/pkgconfig/encoder_device.pc'
[2.645s] Level 1:colcon.colcon_core.environment:checking '/home/matheus/thesis_ws/install/encoder_device/lib/python3.10/site-packages'
[2.645s] Level 1:colcon.colcon_core.shell:create_environment_hook('encoder_device', 'pythonpath')
[2.645s] INFO:colcon.colcon_core.shell:Creating environment hook '/home/matheus/thesis_ws/install/encoder_device/share/encoder_device/hook/pythonpath.ps1'
[2.646s] INFO:colcon.colcon_core.shell:Creating environment descriptor '/home/matheus/thesis_ws/install/encoder_device/share/encoder_device/hook/pythonpath.dsv'
[2.646s] INFO:colcon.colcon_core.shell:Creating environment hook '/home/matheus/thesis_ws/install/encoder_device/share/encoder_device/hook/pythonpath.sh'
[2.647s] Level 1:colcon.colcon_core.environment:checking '/home/matheus/thesis_ws/install/encoder_device/bin'
[2.647s] Level 1:colcon.colcon_core.environment:create_environment_scripts_only(encoder_device)
[2.648s] INFO:colcon.colcon_core.shell:Creating package script '/home/matheus/thesis_ws/install/encoder_device/share/encoder_device/package.ps1'
[2.648s] INFO:colcon.colcon_core.shell:Creating package descriptor '/home/matheus/thesis_ws/install/encoder_device/share/encoder_device/package.dsv'
[2.649s] INFO:colcon.colcon_core.shell:Creating package script '/home/matheus/thesis_ws/install/encoder_device/share/encoder_device/package.sh'
[2.649s] INFO:colcon.colcon_core.shell:Creating package script '/home/matheus/thesis_ws/install/encoder_device/share/encoder_device/package.bash'
[2.650s] INFO:colcon.colcon_core.shell:Creating package script '/home/matheus/thesis_ws/install/encoder_device/share/encoder_device/package.zsh'
[2.650s] Level 1:colcon.colcon_core.environment:create_file_with_runtime_dependencies(/home/matheus/thesis_ws/install/encoder_device/share/colcon-core/packages/encoder_device)
[2.724s] Level 1:colcon.colcon_core.environment:checking '/home/matheus/thesis_ws/install/data_logger' for CMake module files
[2.725s] DEBUG:colcon.colcon_core.event_handler.log_command:Invoked command in '/home/matheus/thesis_ws/src/data_logger' returned '0': PYTHONPATH=/home/matheus/thesis_ws/build/data_logger/prefix_override:/usr/lib/python3/dist-packages/colcon_core/task/python/colcon_distutils_commands:/home/matheus/thesis_ws/install/data_logger/lib/python3.10/site-packages:${PYTHONPATH} /usr/bin/python3 -W ignore:setup.py install is deprecated -W ignore:easy_install command is deprecated setup.py egg_info --egg-base ../../build/data_logger build --build-base /home/matheus/thesis_ws/build/data_logger/build install --record /home/matheus/thesis_ws/build/data_logger/install.log --install-scripts $base/lib/data_logger --single-version-externally-managed install_data
[2.725s] Level 1:colcon.colcon_core.environment:checking '/home/matheus/thesis_ws/install/data_logger' for CMake config files
[2.726s] Level 1:colcon.colcon_core.environment:checking '/home/matheus/thesis_ws/install/data_logger/lib'
[2.726s] Level 1:colcon.colcon_core.environment:checking '/home/matheus/thesis_ws/install/data_logger/bin'
[2.726s] Level 1:colcon.colcon_core.environment:checking '/home/matheus/thesis_ws/install/data_logger/lib/pkgconfig/data_logger.pc'
[2.726s] Level 1:colcon.colcon_core.environment:checking '/home/matheus/thesis_ws/install/data_logger/lib/python3.10/site-packages'
[2.726s] Level 1:colcon.colcon_core.shell:create_environment_hook('data_logger', 'pythonpath')
[2.727s] INFO:colcon.colcon_core.shell:Creating environment hook '/home/matheus/thesis_ws/install/data_logger/share/data_logger/hook/pythonpath.ps1'
[2.727s] INFO:colcon.colcon_core.shell:Creating environment descriptor '/home/matheus/thesis_ws/install/data_logger/share/data_logger/hook/pythonpath.dsv'
[2.728s] INFO:colcon.colcon_core.shell:Creating environment hook '/home/matheus/thesis_ws/install/data_logger/share/data_logger/hook/pythonpath.sh'
[2.743s] Level 1:colcon.colcon_core.environment:checking '/home/matheus/thesis_ws/install/data_logger/bin'
[2.761s] Level 1:colcon.colcon_core.environment:create_environment_scripts_only(data_logger)
[2.762s] INFO:colcon.colcon_core.shell:Creating package script '/home/matheus/thesis_ws/install/data_logger/share/data_logger/package.ps1'
[2.770s] INFO:colcon.colcon_core.shell:Creating package descriptor '/home/matheus/thesis_ws/install/data_logger/share/data_logger/package.dsv'
[2.772s] INFO:colcon.colcon_core.shell:Creating package script '/home/matheus/thesis_ws/install/data_logger/share/data_logger/package.sh'
[2.772s] INFO:colcon.colcon_core.shell:Creating package script '/home/matheus/thesis_ws/install/data_logger/share/data_logger/package.bash'
[2.772s] INFO:colcon.colcon_core.shell:Creating package script '/home/matheus/thesis_ws/install/data_logger/share/data_logger/package.zsh'
[2.773s] Level 1:colcon.colcon_core.environment:create_file_with_runtime_dependencies(/home/matheus/thesis_ws/install/data_logger/share/colcon-core/packages/data_logger)
[2.775s] Level 1:colcon.colcon_core.environment:checking '/home/matheus/thesis_ws/install/encoder_guidao' for CMake module files
[2.775s] DEBUG:colcon.colcon_core.event_handler.log_command:Invoked command in '/home/matheus/thesis_ws/src/encoder_guidao' returned '0': PYTHONPATH=/home/matheus/thesis_ws/build/encoder_guidao/prefix_override:/usr/lib/python3/dist-packages/colcon_core/task/python/colcon_distutils_commands:/home/matheus/thesis_ws/install/encoder_guidao/lib/python3.10/site-packages:${PYTHONPATH} /usr/bin/python3 -W ignore:setup.py install is deprecated -W ignore:easy_install command is deprecated setup.py egg_info --egg-base ../../build/encoder_guidao build --build-base /home/matheus/thesis_ws/build/encoder_guidao/build install --record /home/matheus/thesis_ws/build/encoder_guidao/install.log --install-scripts $base/lib/encoder_guidao --single-version-externally-managed install_data
[2.775s] Level 1:colcon.colcon_core.environment:checking '/home/matheus/thesis_ws/install/encoder_guidao' for CMake config files
[2.775s] Level 1:colcon.colcon_core.environment:checking '/home/matheus/thesis_ws/install/encoder_guidao/lib'
[2.775s] Level 1:colcon.colcon_core.environment:checking '/home/matheus/thesis_ws/install/encoder_guidao/bin'
[2.776s] Level 1:colcon.colcon_core.environment:checking '/home/matheus/thesis_ws/install/encoder_guidao/lib/pkgconfig/encoder_guidao.pc'
[2.776s] Level 1:colcon.colcon_core.environment:checking '/home/matheus/thesis_ws/install/encoder_guidao/lib/python3.10/site-packages'
[2.776s] Level 1:colcon.colcon_core.shell:create_environment_hook('encoder_guidao', 'pythonpath')
[2.776s] INFO:colcon.colcon_core.shell:Creating environment hook '/home/matheus/thesis_ws/install/encoder_guidao/share/encoder_guidao/hook/pythonpath.ps1'
[2.784s] INFO:colcon.colcon_core.shell:Creating environment descriptor '/home/matheus/thesis_ws/install/encoder_guidao/share/encoder_guidao/hook/pythonpath.dsv'
[2.785s] INFO:colcon.colcon_core.shell:Creating environment hook '/home/matheus/thesis_ws/install/encoder_guidao/share/encoder_guidao/hook/pythonpath.sh'
[2.785s] Level 1:colcon.colcon_core.environment:checking '/home/matheus/thesis_ws/install/encoder_guidao/bin'
[2.786s] Level 1:colcon.colcon_core.environment:create_environment_scripts_only(encoder_guidao)
[2.786s] INFO:colcon.colcon_core.shell:Creating package script '/home/matheus/thesis_ws/install/encoder_guidao/share/encoder_guidao/package.ps1'
[2.786s] INFO:colcon.colcon_core.shell:Creating package descriptor '/home/matheus/thesis_ws/install/encoder_guidao/share/encoder_guidao/package.dsv'
[2.787s] INFO:colcon.colcon_core.shell:Creating package script '/home/matheus/thesis_ws/install/encoder_guidao/share/encoder_guidao/package.sh'
[2.787s] INFO:colcon.colcon_core.shell:Creating package script '/home/matheus/thesis_ws/install/encoder_guidao/share/encoder_guidao/package.bash'
[2.787s] INFO:colcon.colcon_core.shell:Creating package script '/home/matheus/thesis_ws/install/encoder_guidao/share/encoder_guidao/package.zsh'
[2.787s] Level 1:colcon.colcon_core.environment:create_file_with_runtime_dependencies(/home/matheus/thesis_ws/install/encoder_guidao/share/colcon-core/packages/encoder_guidao)
[2.788s] Level 1:colcon.colcon_core.environment:checking '/home/matheus/thesis_ws/install/game_session' for CMake module files
[2.788s] Level 1:colcon.colcon_core.environment:checking '/home/matheus/thesis_ws/install/game_session' for CMake config files
[2.788s] DEBUG:colcon.colcon_core.event_handler.log_command:Invoked command in '/home/matheus/thesis_ws/src/game_session' returned '0': PYTHONPATH=/home/matheus/thesis_ws/build/game_session/prefix_override:/usr/lib/python3/dist-packages/colcon_core/task/python/colcon_distutils_commands:/home/matheus/thesis_ws/install/game_session/lib/python3.10/site-packages:${PYTHONPATH} /usr/bin/python3 -W ignore:setup.py install is deprecated -W ignore:easy_install command is deprecated setup.py egg_info --egg-base ../../build/game_session build --build-base /home/matheus/thesis_ws/build/game_session/build install --record /home/matheus/thesis_ws/build/game_session/install.log --install-scripts $base/lib/game_session --single-version-externally-managed install_data
[2.789s] Level 1:colcon.colcon_core.environment:checking '/home/matheus/thesis_ws/install/game_session/lib'
[2.789s] Level 1:colcon.colcon_core.environment:checking '/home/matheus/thesis_ws/install/game_session/bin'
[2.789s] Level 1:colcon.colcon_core.environment:checking '/home/matheus/thesis_ws/install/game_session/lib/pkgconfig/game_session.pc'
[2.789s] Level 1:colcon.colcon_core.environment:checking '/home/matheus/thesis_ws/install/game_session/lib/python3.10/site-packages'
[2.789s] Level 1:colcon.colcon_core.shell:create_environment_hook('game_session', 'pythonpath')
[2.789s] INFO:colcon.colcon_core.shell:Creating environment hook '/home/matheus/thesis_ws/install/game_session/share/game_session/hook/pythonpath.ps1'
[2.790s] INFO:colcon.colcon_core.shell:Creating environment descriptor '/home/matheus/thesis_ws/install/game_session/share/game_session/hook/pythonpath.dsv'
[2.790s] INFO:colcon.colcon_core.shell:Creating environment hook '/home/matheus/thesis_ws/install/game_session/share/game_session/hook/pythonpath.sh'
[2.790s] Level 1:colcon.colcon_core.environment:checking '/home/matheus/thesis_ws/install/game_session/bin'
[2.790s] Level 1:colcon.colcon_core.environment:create_environment_scripts_only(game_session)
[2.791s] INFO:colcon.colcon_core.shell:Creating package script '/home/matheus/thesis_ws/install/game_session/share/game_session/package.ps1'
[2.791s] INFO:colcon.colcon_core.shell:Creating package descriptor '/home/matheus/thesis_ws/install/game_session/share/game_session/package.dsv'
[2.791s] INFO:colcon.colcon_core.shell:Creating package script '/home/matheus/thesis_ws/install/game_session/share/game_session/package.sh'
[2.792s] INFO:colcon.colcon_core.shell:Creating package script '/home/matheus/thesis_ws/install/game_session/share/game_session/package.bash'
[2.802s] INFO:colcon.colcon_core.shell:Creating package script '/home/matheus/thesis_ws/install/game_session/share/game_session/package.zsh'
[2.808s] Level 1:colcon.colcon_core.environment:create_file_with_runtime_dependencies(/home/matheus/thesis_ws/install/game_session/share/colcon-core/packages/game_session)
[2.808s] Level 1:colcon.colcon_core.environment:checking '/home/matheus/thesis_ws/install/game_input_mapping' for CMake module files
[2.809s] Level 1:colcon.colcon_core.environment:checking '/home/matheus/thesis_ws/install/game_input_mapping' for CMake config files
[2.809s] DEBUG:colcon.colcon_core.event_handler.log_command:Invoked command in '/home/matheus/thesis_ws/src/game_input_mapping' returned '0': PYTHONPATH=/home/matheus/thesis_ws/build/game_input_mapping/prefix_override:/usr/lib/python3/dist-packages/colcon_core/task/python/colcon_distutils_commands:/home/matheus/thesis_ws/install/game_input_mapping/lib/python3.10/site-packages:${PYTHONPATH} /usr/bin/python3 -W ignore:setup.py install is deprecated -W ignore:easy_install command is deprecated setup.py egg_info --egg-base ../../build/game_input_mapping build --build-base /home/matheus/thesis_ws/build/game_input_mapping/build install --record /home/matheus/thesis_ws/build/game_input_mapping/install.log --install-scripts $base/lib/game_input_mapping --single-version-externally-managed install_data
[2.809s] Level 1:colcon.colcon_core.environment:checking '/home/matheus/thesis_ws/install/game_input_mapping/lib'
[2.809s] Level 1:colcon.colcon_core.environment:checking '/home/matheus/thesis_ws/install/game_input_mapping/bin'
[2.809s] Level 1:colcon.colcon_core.environment:checking '/home/matheus/thesis_ws/install/game_input_mapping/lib/pkgconfig/game_input_mapping.pc'
[2.810s] Level 1:colcon.colcon_core.environment:checking '/home/matheus/thesis_ws/install/game_input_mapping/lib/python3.10/site-packages'
[2.810s] Level 1:colcon.colcon_core.shell:create_environment_hook('game_input_mapping', 'pythonpath')
[2.810s] INFO:colcon.colcon_core.shell:Creating environment hook '/home/matheus/thesis_ws/install/game_input_mapping/share/game_input_mapping/hook/pythonpath.ps1'
[2.810s] INFO:colcon.colcon_core.shell:Creating environment descriptor '/home/matheus/thesis_ws/install/game_input_mapping/share/game_input_mapping/hook/pythonpath.dsv'
[2.810s] INFO:colcon.colcon_core.shell:Creating environment hook '/home/matheus/thesis_ws/install/game_input_mapping/share/game_input_mapping/hook/pythonpath.sh'
[2.811s] Level 1:colcon.colcon_core.environment:checking '/home/matheus/thesis_ws/install/game_input_mapping/bin'
[2.811s] Level 1:colcon.colcon_core.environment:create_environment_scripts_only(game_input_mapping)
[2.811s] INFO:colcon.colcon_core.shell:Creating package script '/home/matheus/thesis_ws/install/game_input_mapping/share/game_input_mapping/package.ps1'
[2.811s] INFO:colcon.colcon_core.shell:Creating package descriptor '/home/matheus/thesis_ws/install/game_input_mapping/share/game_input_mapping/package.dsv'
[2.812s] INFO:colcon.colcon_core.shell:Creating package script '/home/matheus/thesis_ws/install/game_input_mapping/share/game_input_mapping/package.sh'
[2.812s] INFO:colcon.colcon_core.shell:Creating package script '/home/matheus/thesis_ws/install/game_input_mapping/share/game_input_mapping/package.bash'
[2.812s] INFO:colcon.colcon_core.shell:Creating package script '/home/matheus/thesis_ws/install/game_input_mapping/share/game_input_mapping/package.zsh'
[2.812s] Level 1:colcon.colcon_core.environment:create_file_with_runtime_dependencies(/home/matheus/thesis_ws/install/game_input_mapping/share/colcon-core/packages/game_input_mapping)
[2.823s] Level 1:colcon.colcon_core.environment:checking '/home/matheus/thesis_ws/install/game_unity_bridge' for CMake module files
[2.824s] DEBUG:colcon.colcon_core.event_handler.log_command:Invoked command in '/home/matheus/thesis_ws/src/game_unity_bridge' returned '0': PYTHONPATH=/home/matheus/thesis_ws/build/game_unity_bridge/prefix_override:/usr/lib/python3/dist-packages/colcon_core/task/python/colcon_distutils_commands:/home/matheus/thesis_ws/install/game_unity_bridge/lib/python3.10/site-packages:${PYTHONPATH} /usr/bin/python3 -W ignore:setup.py install is deprecated -W ignore:easy_install command is deprecated setup.py egg_info --egg-base ../../build/game_unity_bridge build --build-base /home/matheus/thesis_ws/build/game_unity_bridge/build install --record /home/matheus/thesis_ws/build/game_unity_bridge/install.log --install-scripts $base/lib/game_unity_bridge --single-version-externally-managed install_data
[2.824s] Level 1:colcon.colcon_core.environment:checking '/home/matheus/thesis_ws/install/game_unity_bridge' for CMake config files
[2.825s] Level 1:colcon.colcon_core.environment:checking '/home/matheus/thesis_ws/install/game_unity_bridge/lib'
[2.826s] Level 1:colcon.colcon_core.environment:checking '/home/matheus/thesis_ws/install/game_unity_bridge/bin'
[2.826s] Level 1:colcon.colcon_core.environment:checking '/home/matheus/thesis_ws/install/game_unity_bridge/lib/pkgconfig/game_unity_bridge.pc'
[2.826s] Level 1:colcon.colcon_core.environment:checking '/home/matheus/thesis_ws/install/game_unity_bridge/lib/python3.10/site-packages'
[2.826s] Level 1:colcon.colcon_core.shell:create_environment_hook('game_unity_bridge', 'pythonpath')
[2.827s] INFO:colcon.colcon_core.shell:Creating environment hook '/home/matheus/thesis_ws/install/game_unity_bridge/share/game_unity_bridge/hook/pythonpath.ps1'
[2.828s] INFO:colcon.colcon_core.shell:Creating environment descriptor '/home/matheus/thesis_ws/install/game_unity_bridge/share/game_unity_bridge/hook/pythonpath.dsv'
[2.829s] INFO:colcon.colcon_core.shell:Creating environment hook '/home/matheus/thesis_ws/install/game_unity_bridge/share/game_unity_bridge/hook/pythonpath.sh'
[2.830s] Level 1:colcon.colcon_core.environment:checking '/home/matheus/thesis_ws/install/game_unity_bridge/bin'
[2.830s] Level 1:colcon.colcon_core.environment:create_environment_scripts_only(game_unity_bridge)
[2.831s] INFO:colcon.colcon_core.shell:Creating package script '/home/matheus/thesis_ws/install/game_unity_bridge/share/game_unity_bridge/package.ps1'
[2.832s] INFO:colcon.colcon_core.shell:Creating package descriptor '/home/matheus/thesis_ws/install/game_unity_bridge/share/game_unity_bridge/package.dsv'
[2.832s] INFO:colcon.colcon_core.shell:Creating package script '/home/matheus/thesis_ws/install/game_unity_bridge/share/game_unity_bridge/package.sh'
[2.833s] INFO:colcon.colcon_core.shell:Creating package script '/home/matheus/thesis_ws/install/game_unity_bridge/share/game_unity_bridge/package.bash'
[2.833s] INFO:colcon.colcon_core.shell:Creating package script '/home/matheus/thesis_ws/install/game_unity_bridge/share/game_unity_bridge/package.zsh'
[2.834s] Level 1:colcon.colcon_core.environment:create_file_with_runtime_dependencies(/home/matheus/thesis_ws/install/game_unity_bridge/share/colcon-core/packages/game_unity_bridge)
[2.834s] DEBUG:colcon.colcon_parallel_executor.executor.parallel:closing loop
[2.834s] DEBUG:colcon.colcon_parallel_executor.executor.parallel:loop closed
[2.835s] DEBUG:colcon.colcon_parallel_executor.executor.parallel:run_until_complete finished with '0'
[2.835s] DEBUG:colcon.colcon_core.event_reactor:joining thread
[2.842s] INFO:colcon.colcon_core.plugin_system:Skipping extension 'colcon_notification.desktop_notification.terminal_notifier': Not used on non-Darwin systems
[2.842s] INFO:colcon.colcon_core.plugin_system:Skipping extension 'colcon_notification.desktop_notification.win32': Not used on non-Windows systems
[2.842s] INFO:colcon.colcon_notification.desktop_notification:Sending desktop notification using 'notify2'
[2.860s] DEBUG:colcon.colcon_core.event_reactor:joined thread
[2.861s] INFO:colcon.colcon_core.shell:Creating prefix script '/home/matheus/thesis_ws/install/local_setup.ps1'
[2.862s] INFO:colcon.colcon_core.shell:Creating prefix util module '/home/matheus/thesis_ws/install/_local_setup_util_ps1.py'
[2.863s] INFO:colcon.colcon_core.shell:Creating prefix chain script '/home/matheus/thesis_ws/install/setup.ps1'
[2.865s] INFO:colcon.colcon_core.shell:Creating prefix script '/home/matheus/thesis_ws/install/local_setup.sh'
[2.866s] INFO:colcon.colcon_core.shell:Creating prefix util module '/home/matheus/thesis_ws/install/_local_setup_util_sh.py'
[2.867s] INFO:colcon.colcon_core.shell:Creating prefix chain script '/home/matheus/thesis_ws/install/setup.sh'
[2.868s] INFO:colcon.colcon_core.shell:Creating prefix script '/home/matheus/thesis_ws/install/local_setup.bash'
[2.869s] INFO:colcon.colcon_core.shell:Creating prefix chain script '/home/matheus/thesis_ws/install/setup.bash'
[2.870s] INFO:colcon.colcon_core.shell:Creating prefix script '/home/matheus/thesis_ws/install/local_setup.zsh'
[2.870s] INFO:colcon.colcon_core.shell:Creating prefix chain script '/home/matheus/thesis_ws/install/setup.zsh'
