[0.072s] DEBUG:colcon:Command line arguments: ['/usr/bin/colcon', 'build']
[0.072s] DEBUG:colcon:Parsed command line arguments: Namespace(log_base=None, log_level=None, verb_name='build', build_base='build', install_base='install', merge_install=False, symlink_install=False, test_result_base=None, continue_on_error=False, executor='parallel', parallel_workers=12, event_handlers=None, ignore_user_meta=False, metas=['./colcon.meta'], base_paths=['.'], packages_ignore=None, packages_ignore_regex=None, paths=None, packages_up_to=None, packages_up_to_regex=None, packages_above=None, packages_above_and_dependencies=None, packages_above_depth=None, packages_select_by_dep=None, packages_skip_by_dep=None, packages_skip_up_to=None, packages_select_build_failed=False, packages_skip_build_finished=False, packages_select_test_failures=False, packages_skip_test_passed=False, packages_select=None, packages_skip=None, packages_select_regex=None, packages_skip_regex=None, packages_start=None, packages_end=None, allow_overriding=[], cmake_args=None, cmake_target=None, cmake_target_skip_unavailable=False, cmake_clean_cache=False, cmake_clean_first=False, cmake_force_configure=False, ament_cmake_args=None, catkin_cmake_args=None, catkin_skip_building_tests=False, mixin_files=None, mixin=None, verb_parser=<colcon_mixin.mixin.mixin_argument.MixinArgumentDecorator object at 0x7c820cb92fb0>, verb_extension=<colcon_core.verb.build.BuildVerb object at 0x7c820cb929e0>, main=<bound method BuildVerb.main of <colcon_core.verb.build.BuildVerb object at 0x7c820cb929e0>>, mixin_verb=('build',))
[0.188s] Level 1:colcon.colcon_core.package_discovery:discover_packages(colcon_meta) check parameters
[0.188s] Level 1:colcon.colcon_core.package_discovery:discover_packages(recursive) check parameters
[0.189s] Level 1:colcon.colcon_core.package_discovery:discover_packages(ignore) check parameters
[0.189s] Level 1:colcon.colcon_core.package_discovery:discover_packages(path) check parameters
[0.189s] Level 1:colcon.colcon_core.package_discovery:discover_packages(colcon_meta) discover
[0.189s] Level 1:colcon.colcon_core.package_discovery:discover_packages(recursive) discover
[0.189s] INFO:colcon.colcon_core.package_discovery:Crawling recursively for packages in '/home/matheus/thesis_ws'
[0.189s] Level 1:colcon.colcon_core.package_identification:_identify(.) by extensions ['ignore', 'ignore_ament_install']
[0.189s] Level 1:colcon.colcon_core.package_identification:_identify(.) by extension 'ignore'
[0.189s] Level 1:colcon.colcon_core.package_identification:_identify(.) by extension 'ignore_ament_install'
[0.189s] Level 1:colcon.colcon_core.package_identification:_identify(.) by extensions ['colcon_pkg']
[0.189s] Level 1:colcon.colcon_core.package_identification:_identify(.) by extension 'colcon_pkg'
[0.189s] Level 1:colcon.colcon_core.package_identification:_identify(.) by extensions ['colcon_meta']
[0.189s] Level 1:colcon.colcon_core.package_identification:_identify(.) by extension 'colcon_meta'
[0.189s] Level 1:colcon.colcon_core.package_identification:_identify(.) by extensions ['ros']
[0.189s] Level 1:colcon.colcon_core.package_identification:_identify(.) by extension 'ros'
[0.202s] Level 1:colcon.colcon_core.package_identification:_identify(.) by extensions ['cmake', 'python']
[0.202s] Level 1:colcon.colcon_core.package_identification:_identify(.) by extension 'cmake'
[0.202s] Level 1:colcon.colcon_core.package_identification:_identify(.) by extension 'python'
[0.202s] Level 1:colcon.colcon_core.package_identification:_identify(.) by extensions ['python_setup_py']
[0.202s] Level 1:colcon.colcon_core.package_identification:_identify(.) by extension 'python_setup_py'
[0.202s] Level 1:colcon.colcon_core.package_identification:_identify(build) by extensions ['ignore', 'ignore_ament_install']
[0.202s] Level 1:colcon.colcon_core.package_identification:_identify(build) by extension 'ignore'
[0.202s] Level 1:colcon.colcon_core.package_identification:_identify(build) ignored
[0.203s] Level 1:colcon.colcon_core.package_identification:_identify(firmware) by extensions ['ignore', 'ignore_ament_install']
[0.203s] Level 1:colcon.colcon_core.package_identification:_identify(firmware) by extension 'ignore'
[0.203s] Level 1:colcon.colcon_core.package_identification:_identify(firmware) by extension 'ignore_ament_install'
[0.203s] Level 1:colcon.colcon_core.package_identification:_identify(firmware) by extensions ['colcon_pkg']
[0.203s] Level 1:colcon.colcon_core.package_identification:_identify(firmware) by extension 'colcon_pkg'
[0.203s] Level 1:colcon.colcon_core.package_identification:_identify(firmware) by extensions ['colcon_meta']
[0.203s] Level 1:colcon.colcon_core.package_identification:_identify(firmware) by extension 'colcon_meta'
[0.203s] Level 1:colcon.colcon_core.package_identification:_identify(firmware) by extensions ['ros']
[0.203s] Level 1:colcon.colcon_core.package_identification:_identify(firmware) by extension 'ros'
[0.203s] Level 1:colcon.colcon_core.package_identification:_identify(firmware) by extensions ['cmake', 'python']
[0.203s] Level 1:colcon.colcon_core.package_identification:_identify(firmware) by extension 'cmake'
[0.203s] Level 1:colcon.colcon_core.package_identification:_identify(firmware) by extension 'python'
[0.203s] Level 1:colcon.colcon_core.package_identification:_identify(firmware) by extensions ['python_setup_py']
[0.203s] Level 1:colcon.colcon_core.package_identification:_identify(firmware) by extension 'python_setup_py'
[0.203s] Level 1:colcon.colcon_core.package_identification:_identify(firmware/include) by extensions ['ignore', 'ignore_ament_install']
[0.203s] Level 1:colcon.colcon_core.package_identification:_identify(firmware/include) by extension 'ignore'
[0.203s] Level 1:colcon.colcon_core.package_identification:_identify(firmware/include) by extension 'ignore_ament_install'
[0.203s] Level 1:colcon.colcon_core.package_identification:_identify(firmware/include) by extensions ['colcon_pkg']
[0.203s] Level 1:colcon.colcon_core.package_identification:_identify(firmware/include) by extension 'colcon_pkg'
[0.203s] Level 1:colcon.colcon_core.package_identification:_identify(firmware/include) by extensions ['colcon_meta']
[0.203s] Level 1:colcon.colcon_core.package_identification:_identify(firmware/include) by extension 'colcon_meta'
[0.203s] Level 1:colcon.colcon_core.package_identification:_identify(firmware/include) by extensions ['ros']
[0.203s] Level 1:colcon.colcon_core.package_identification:_identify(firmware/include) by extension 'ros'
[0.203s] Level 1:colcon.colcon_core.package_identification:_identify(firmware/include) by extensions ['cmake', 'python']
[0.203s] Level 1:colcon.colcon_core.package_identification:_identify(firmware/include) by extension 'cmake'
[0.203s] Level 1:colcon.colcon_core.package_identification:_identify(firmware/include) by extension 'python'
[0.203s] Level 1:colcon.colcon_core.package_identification:_identify(firmware/include) by extensions ['python_setup_py']
[0.203s] Level 1:colcon.colcon_core.package_identification:_identify(firmware/include) by extension 'python_setup_py'
[0.203s] Level 1:colcon.colcon_core.package_identification:_identify(firmware/lib) by extensions ['ignore', 'ignore_ament_install']
[0.203s] Level 1:colcon.colcon_core.package_identification:_identify(firmware/lib) by extension 'ignore'
[0.203s] Level 1:colcon.colcon_core.package_identification:_identify(firmware/lib) by extension 'ignore_ament_install'
[0.203s] Level 1:colcon.colcon_core.package_identification:_identify(firmware/lib) by extensions ['colcon_pkg']
[0.203s] Level 1:colcon.colcon_core.package_identification:_identify(firmware/lib) by extension 'colcon_pkg'
[0.203s] Level 1:colcon.colcon_core.package_identification:_identify(firmware/lib) by extensions ['colcon_meta']
[0.203s] Level 1:colcon.colcon_core.package_identification:_identify(firmware/lib) by extension 'colcon_meta'
[0.203s] Level 1:colcon.colcon_core.package_identification:_identify(firmware/lib) by extensions ['ros']
[0.203s] Level 1:colcon.colcon_core.package_identification:_identify(firmware/lib) by extension 'ros'
[0.203s] Level 1:colcon.colcon_core.package_identification:_identify(firmware/lib) by extensions ['cmake', 'python']
[0.203s] Level 1:colcon.colcon_core.package_identification:_identify(firmware/lib) by extension 'cmake'
[0.203s] Level 1:colcon.colcon_core.package_identification:_identify(firmware/lib) by extension 'python'
[0.204s] Level 1:colcon.colcon_core.package_identification:_identify(firmware/lib) by extensions ['python_setup_py']
[0.204s] Level 1:colcon.colcon_core.package_identification:_identify(firmware/lib) by extension 'python_setup_py'
[0.204s] Level 1:colcon.colcon_core.package_identification:_identify(firmware/src) by extensions ['ignore', 'ignore_ament_install']
[0.204s] Level 1:colcon.colcon_core.package_identification:_identify(firmware/src) by extension 'ignore'
[0.204s] Level 1:colcon.colcon_core.package_identification:_identify(firmware/src) by extension 'ignore_ament_install'
[0.204s] Level 1:colcon.colcon_core.package_identification:_identify(firmware/src) by extensions ['colcon_pkg']
[0.204s] Level 1:colcon.colcon_core.package_identification:_identify(firmware/src) by extension 'colcon_pkg'
[0.204s] Level 1:colcon.colcon_core.package_identification:_identify(firmware/src) by extensions ['colcon_meta']
[0.204s] Level 1:colcon.colcon_core.package_identification:_identify(firmware/src) by extension 'colcon_meta'
[0.204s] Level 1:colcon.colcon_core.package_identification:_identify(firmware/src) by extensions ['ros']
[0.204s] Level 1:colcon.colcon_core.package_identification:_identify(firmware/src) by extension 'ros'
[0.204s] Level 1:colcon.colcon_core.package_identification:_identify(firmware/src) by extensions ['cmake', 'python']
[0.204s] Level 1:colcon.colcon_core.package_identification:_identify(firmware/src) by extension 'cmake'
[0.204s] Level 1:colcon.colcon_core.package_identification:_identify(firmware/src) by extension 'python'
[0.204s] Level 1:colcon.colcon_core.package_identification:_identify(firmware/src) by extensions ['python_setup_py']
[0.204s] Level 1:colcon.colcon_core.package_identification:_identify(firmware/src) by extension 'python_setup_py'
[0.204s] Level 1:colcon.colcon_core.package_identification:_identify(firmware/test) by extensions ['ignore', 'ignore_ament_install']
[0.204s] Level 1:colcon.colcon_core.package_identification:_identify(firmware/test) by extension 'ignore'
[0.204s] Level 1:colcon.colcon_core.package_identification:_identify(firmware/test) by extension 'ignore_ament_install'
[0.204s] Level 1:colcon.colcon_core.package_identification:_identify(firmware/test) by extensions ['colcon_pkg']
[0.204s] Level 1:colcon.colcon_core.package_identification:_identify(firmware/test) by extension 'colcon_pkg'
[0.204s] Level 1:colcon.colcon_core.package_identification:_identify(firmware/test) by extensions ['colcon_meta']
[0.204s] Level 1:colcon.colcon_core.package_identification:_identify(firmware/test) by extension 'colcon_meta'
[0.204s] Level 1:colcon.colcon_core.package_identification:_identify(firmware/test) by extensions ['ros']
[0.204s] Level 1:colcon.colcon_core.package_identification:_identify(firmware/test) by extension 'ros'
[0.204s] Level 1:colcon.colcon_core.package_identification:_identify(firmware/test) by extensions ['cmake', 'python']
[0.204s] Level 1:colcon.colcon_core.package_identification:_identify(firmware/test) by extension 'cmake'
[0.204s] Level 1:colcon.colcon_core.package_identification:_identify(firmware/test) by extension 'python'
[0.204s] Level 1:colcon.colcon_core.package_identification:_identify(firmware/test) by extensions ['python_setup_py']
[0.204s] Level 1:colcon.colcon_core.package_identification:_identify(firmware/test) by extension 'python_setup_py'
[0.204s] Level 1:colcon.colcon_core.package_identification:_identify(install) by extensions ['ignore', 'ignore_ament_install']
[0.204s] Level 1:colcon.colcon_core.package_identification:_identify(install) by extension 'ignore'
[0.204s] Level 1:colcon.colcon_core.package_identification:_identify(install) ignored
[0.204s] Level 1:colcon.colcon_core.package_identification:_identify(log) by extensions ['ignore', 'ignore_ament_install']
[0.204s] Level 1:colcon.colcon_core.package_identification:_identify(log) by extension 'ignore'
[0.204s] Level 1:colcon.colcon_core.package_identification:_identify(log) ignored
[0.204s] Level 1:colcon.colcon_core.package_identification:_identify(src) by extensions ['ignore', 'ignore_ament_install']
[0.205s] Level 1:colcon.colcon_core.package_identification:_identify(src) by extension 'ignore'
[0.205s] Level 1:colcon.colcon_core.package_identification:_identify(src) by extension 'ignore_ament_install'
[0.205s] Level 1:colcon.colcon_core.package_identification:_identify(src) by extensions ['colcon_pkg']
[0.205s] Level 1:colcon.colcon_core.package_identification:_identify(src) by extension 'colcon_pkg'
[0.205s] Level 1:colcon.colcon_core.package_identification:_identify(src) by extensions ['colcon_meta']
[0.205s] Level 1:colcon.colcon_core.package_identification:_identify(src) by extension 'colcon_meta'
[0.205s] Level 1:colcon.colcon_core.package_identification:_identify(src) by extensions ['ros']
[0.205s] Level 1:colcon.colcon_core.package_identification:_identify(src) by extension 'ros'
[0.205s] Level 1:colcon.colcon_core.package_identification:_identify(src) by extensions ['cmake', 'python']
[0.205s] Level 1:colcon.colcon_core.package_identification:_identify(src) by extension 'cmake'
[0.205s] Level 1:colcon.colcon_core.package_identification:_identify(src) by extension 'python'
[0.205s] Level 1:colcon.colcon_core.package_identification:_identify(src) by extensions ['python_setup_py']
[0.205s] Level 1:colcon.colcon_core.package_identification:_identify(src) by extension 'python_setup_py'
[0.205s] Level 1:colcon.colcon_core.package_identification:_identify(src/controller_guidao) by extensions ['ignore', 'ignore_ament_install']
[0.205s] Level 1:colcon.colcon_core.package_identification:_identify(src/controller_guidao) by extension 'ignore'
[0.205s] Level 1:colcon.colcon_core.package_identification:_identify(src/controller_guidao) by extension 'ignore_ament_install'
[0.205s] Level 1:colcon.colcon_core.package_identification:_identify(src/controller_guidao) by extensions ['colcon_pkg']
[0.205s] Level 1:colcon.colcon_core.package_identification:_identify(src/controller_guidao) by extension 'colcon_pkg'
[0.205s] Level 1:colcon.colcon_core.package_identification:_identify(src/controller_guidao) by extensions ['colcon_meta']
[0.205s] Level 1:colcon.colcon_core.package_identification:_identify(src/controller_guidao) by extension 'colcon_meta'
[0.205s] Level 1:colcon.colcon_core.package_identification:_identify(src/controller_guidao) by extensions ['ros']
[0.205s] Level 1:colcon.colcon_core.package_identification:_identify(src/controller_guidao) by extension 'ros'
[0.207s] DEBUG:colcon.colcon_core.package_identification:Package 'src/controller_guidao' with type 'ros.ament_python' and name 'controller_guidao'
[0.207s] Level 1:colcon.colcon_core.package_identification:_identify(src/data_logger) by extensions ['ignore', 'ignore_ament_install']
[0.207s] Level 1:colcon.colcon_core.package_identification:_identify(src/data_logger) by extension 'ignore'
[0.207s] Level 1:colcon.colcon_core.package_identification:_identify(src/data_logger) by extension 'ignore_ament_install'
[0.207s] Level 1:colcon.colcon_core.package_identification:_identify(src/data_logger) by extensions ['colcon_pkg']
[0.207s] Level 1:colcon.colcon_core.package_identification:_identify(src/data_logger) by extension 'colcon_pkg'
[0.207s] Level 1:colcon.colcon_core.package_identification:_identify(src/data_logger) by extensions ['colcon_meta']
[0.207s] Level 1:colcon.colcon_core.package_identification:_identify(src/data_logger) by extension 'colcon_meta'
[0.207s] Level 1:colcon.colcon_core.package_identification:_identify(src/data_logger) by extensions ['ros']
[0.207s] Level 1:colcon.colcon_core.package_identification:_identify(src/data_logger) by extension 'ros'
[0.207s] DEBUG:colcon.colcon_core.package_identification:Package 'src/data_logger' with type 'ros.ament_python' and name 'data_logger'
[0.207s] Level 1:colcon.colcon_core.package_identification:_identify(src/encoder_device) by extensions ['ignore', 'ignore_ament_install']
[0.208s] Level 1:colcon.colcon_core.package_identification:_identify(src/encoder_device) by extension 'ignore'
[0.208s] Level 1:colcon.colcon_core.package_identification:_identify(src/encoder_device) by extension 'ignore_ament_install'
[0.208s] Level 1:colcon.colcon_core.package_identification:_identify(src/encoder_device) by extensions ['colcon_pkg']
[0.208s] Level 1:colcon.colcon_core.package_identification:_identify(src/encoder_device) by extension 'colcon_pkg'
[0.208s] Level 1:colcon.colcon_core.package_identification:_identify(src/encoder_device) by extensions ['colcon_meta']
[0.208s] Level 1:colcon.colcon_core.package_identification:_identify(src/encoder_device) by extension 'colcon_meta'
[0.208s] Level 1:colcon.colcon_core.package_identification:_identify(src/encoder_device) by extensions ['ros']
[0.208s] Level 1:colcon.colcon_core.package_identification:_identify(src/encoder_device) by extension 'ros'
[0.208s] DEBUG:colcon.colcon_core.package_identification:Package 'src/encoder_device' with type 'ros.ament_python' and name 'encoder_device'
[0.208s] Level 1:colcon.colcon_core.package_identification:_identify(src/encoder_guidao) by extensions ['ignore', 'ignore_ament_install']
[0.208s] Level 1:colcon.colcon_core.package_identification:_identify(src/encoder_guidao) by extension 'ignore'
[0.208s] Level 1:colcon.colcon_core.package_identification:_identify(src/encoder_guidao) by extension 'ignore_ament_install'
[0.208s] Level 1:colcon.colcon_core.package_identification:_identify(src/encoder_guidao) by extensions ['colcon_pkg']
[0.208s] Level 1:colcon.colcon_core.package_identification:_identify(src/encoder_guidao) by extension 'colcon_pkg'
[0.208s] Level 1:colcon.colcon_core.package_identification:_identify(src/encoder_guidao) by extensions ['colcon_meta']
[0.208s] Level 1:colcon.colcon_core.package_identification:_identify(src/encoder_guidao) by extension 'colcon_meta'
[0.208s] Level 1:colcon.colcon_core.package_identification:_identify(src/encoder_guidao) by extensions ['ros']
[0.208s] Level 1:colcon.colcon_core.package_identification:_identify(src/encoder_guidao) by extension 'ros'
[0.209s] DEBUG:colcon.colcon_core.package_identification:Package 'src/encoder_guidao' with type 'ros.ament_python' and name 'encoder_guidao'
[0.209s] Level 1:colcon.colcon_core.package_identification:_identify(src/game_input_mapping) by extensions ['ignore', 'ignore_ament_install']
[0.209s] Level 1:colcon.colcon_core.package_identification:_identify(src/game_input_mapping) by extension 'ignore'
[0.209s] Level 1:colcon.colcon_core.package_identification:_identify(src/game_input_mapping) by extension 'ignore_ament_install'
[0.209s] Level 1:colcon.colcon_core.package_identification:_identify(src/game_input_mapping) by extensions ['colcon_pkg']
[0.209s] Level 1:colcon.colcon_core.package_identification:_identify(src/game_input_mapping) by extension 'colcon_pkg'
[0.209s] Level 1:colcon.colcon_core.package_identification:_identify(src/game_input_mapping) by extensions ['colcon_meta']
[0.209s] Level 1:colcon.colcon_core.package_identification:_identify(src/game_input_mapping) by extension 'colcon_meta'
[0.209s] Level 1:colcon.colcon_core.package_identification:_identify(src/game_input_mapping) by extensions ['ros']
[0.209s] Level 1:colcon.colcon_core.package_identification:_identify(src/game_input_mapping) by extension 'ros'
[0.209s] DEBUG:colcon.colcon_core.package_identification:Package 'src/game_input_mapping' with type 'ros.ament_python' and name 'game_input_mapping'
[0.209s] Level 1:colcon.colcon_core.package_identification:_identify(src/game_session) by extensions ['ignore', 'ignore_ament_install']
[0.210s] Level 1:colcon.colcon_core.package_identification:_identify(src/game_session) by extension 'ignore'
[0.210s] Level 1:colcon.colcon_core.package_identification:_identify(src/game_session) by extension 'ignore_ament_install'
[0.210s] Level 1:colcon.colcon_core.package_identification:_identify(src/game_session) by extensions ['colcon_pkg']
[0.210s] Level 1:colcon.colcon_core.package_identification:_identify(src/game_session) by extension 'colcon_pkg'
[0.210s] Level 1:colcon.colcon_core.package_identification:_identify(src/game_session) by extensions ['colcon_meta']
[0.210s] Level 1:colcon.colcon_core.package_identification:_identify(src/game_session) by extension 'colcon_meta'
[0.210s] Level 1:colcon.colcon_core.package_identification:_identify(src/game_session) by extensions ['ros']
[0.210s] Level 1:colcon.colcon_core.package_identification:_identify(src/game_session) by extension 'ros'
[0.210s] DEBUG:colcon.colcon_core.package_identification:Package 'src/game_session' with type 'ros.ament_python' and name 'game_session'
[0.210s] Level 1:colcon.colcon_core.package_identification:_identify(src/game_unity_bridge) by extensions ['ignore', 'ignore_ament_install']
[0.210s] Level 1:colcon.colcon_core.package_identification:_identify(src/game_unity_bridge) by extension 'ignore'
[0.210s] Level 1:colcon.colcon_core.package_identification:_identify(src/game_unity_bridge) by extension 'ignore_ament_install'
[0.210s] Level 1:colcon.colcon_core.package_identification:_identify(src/game_unity_bridge) by extensions ['colcon_pkg']
[0.210s] Level 1:colcon.colcon_core.package_identification:_identify(src/game_unity_bridge) by extension 'colcon_pkg'
[0.210s] Level 1:colcon.colcon_core.package_identification:_identify(src/game_unity_bridge) by extensions ['colcon_meta']
[0.210s] Level 1:colcon.colcon_core.package_identification:_identify(src/game_unity_bridge) by extension 'colcon_meta'
[0.210s] Level 1:colcon.colcon_core.package_identification:_identify(src/game_unity_bridge) by extensions ['ros']
[0.210s] Level 1:colcon.colcon_core.package_identification:_identify(src/game_unity_bridge) by extension 'ros'
[0.211s] DEBUG:colcon.colcon_core.package_identification:Package 'src/game_unity_bridge' with type 'ros.ament_python' and name 'game_unity_bridge'
[0.211s] Level 1:colcon.colcon_core.package_identification:_identify(src/hal_device_manager) by extensions ['ignore', 'ignore_ament_install']
[0.211s] Level 1:colcon.colcon_core.package_identification:_identify(src/hal_device_manager) by extension 'ignore'
[0.211s] Level 1:colcon.colcon_core.package_identification:_identify(src/hal_device_manager) by extension 'ignore_ament_install'
[0.211s] Level 1:colcon.colcon_core.package_identification:_identify(src/hal_device_manager) by extensions ['colcon_pkg']
[0.211s] Level 1:colcon.colcon_core.package_identification:_identify(src/hal_device_manager) by extension 'colcon_pkg'
[0.211s] Level 1:colcon.colcon_core.package_identification:_identify(src/hal_device_manager) by extensions ['colcon_meta']
[0.211s] Level 1:colcon.colcon_core.package_identification:_identify(src/hal_device_manager) by extension 'colcon_meta'
[0.211s] Level 1:colcon.colcon_core.package_identification:_identify(src/hal_device_manager) by extensions ['ros']
[0.211s] Level 1:colcon.colcon_core.package_identification:_identify(src/hal_device_manager) by extension 'ros'
[0.211s] DEBUG:colcon.colcon_core.package_identification:Package 'src/hal_device_manager' with type 'ros.ament_python' and name 'hal_device_manager'
[0.211s] Level 1:colcon.colcon_core.package_identification:_identify(src/hal_interfaces) by extensions ['ignore', 'ignore_ament_install']
[0.211s] Level 1:colcon.colcon_core.package_identification:_identify(src/hal_interfaces) by extension 'ignore'
[0.212s] Level 1:colcon.colcon_core.package_identification:_identify(src/hal_interfaces) by extension 'ignore_ament_install'
[0.212s] Level 1:colcon.colcon_core.package_identification:_identify(src/hal_interfaces) by extensions ['colcon_pkg']
[0.212s] Level 1:colcon.colcon_core.package_identification:_identify(src/hal_interfaces) by extension 'colcon_pkg'
[0.212s] Level 1:colcon.colcon_core.package_identification:_identify(src/hal_interfaces) by extensions ['colcon_meta']
[0.212s] Level 1:colcon.colcon_core.package_identification:_identify(src/hal_interfaces) by extension 'colcon_meta'
[0.212s] Level 1:colcon.colcon_core.package_identification:_identify(src/hal_interfaces) by extensions ['ros']
[0.212s] Level 1:colcon.colcon_core.package_identification:_identify(src/hal_interfaces) by extension 'ros'
[0.212s] DEBUG:colcon.colcon_core.package_identification:Package 'src/hal_interfaces' with type 'ros.ament_cmake' and name 'hal_interfaces'
[0.212s] Level 1:colcon.colcon_core.package_identification:_identify(src/hal_signal_processing) by extensions ['ignore', 'ignore_ament_install']
[0.212s] Level 1:colcon.colcon_core.package_identification:_identify(src/hal_signal_processing) by extension 'ignore'
[0.212s] Level 1:colcon.colcon_core.package_identification:_identify(src/hal_signal_processing) by extension 'ignore_ament_install'
[0.212s] Level 1:colcon.colcon_core.package_identification:_identify(src/hal_signal_processing) by extensions ['colcon_pkg']
[0.212s] Level 1:colcon.colcon_core.package_identification:_identify(src/hal_signal_processing) by extension 'colcon_pkg'
[0.212s] Level 1:colcon.colcon_core.package_identification:_identify(src/hal_signal_processing) by extensions ['colcon_meta']
[0.212s] Level 1:colcon.colcon_core.package_identification:_identify(src/hal_signal_processing) by extension 'colcon_meta'
[0.212s] Level 1:colcon.colcon_core.package_identification:_identify(src/hal_signal_processing) by extensions ['ros']
[0.212s] Level 1:colcon.colcon_core.package_identification:_identify(src/hal_signal_processing) by extension 'ros'
[0.213s] DEBUG:colcon.colcon_core.package_identification:Package 'src/hal_signal_processing' with type 'ros.ament_python' and name 'hal_signal_processing'
[0.213s] Level 1:colcon.colcon_core.package_identification:_identify(src/thesis_interfaces) by extensions ['ignore', 'ignore_ament_install']
[0.213s] Level 1:colcon.colcon_core.package_identification:_identify(src/thesis_interfaces) by extension 'ignore'
[0.213s] Level 1:colcon.colcon_core.package_identification:_identify(src/thesis_interfaces) by extension 'ignore_ament_install'
[0.213s] Level 1:colcon.colcon_core.package_identification:_identify(src/thesis_interfaces) by extensions ['colcon_pkg']
[0.213s] Level 1:colcon.colcon_core.package_identification:_identify(src/thesis_interfaces) by extension 'colcon_pkg'
[0.213s] Level 1:colcon.colcon_core.package_identification:_identify(src/thesis_interfaces) by extensions ['colcon_meta']
[0.213s] Level 1:colcon.colcon_core.package_identification:_identify(src/thesis_interfaces) by extension 'colcon_meta'
[0.213s] Level 1:colcon.colcon_core.package_identification:_identify(src/thesis_interfaces) by extensions ['ros']
[0.213s] Level 1:colcon.colcon_core.package_identification:_identify(src/thesis_interfaces) by extension 'ros'
[0.213s] DEBUG:colcon.colcon_core.package_identification:Package 'src/thesis_interfaces' with type 'ros.ament_cmake' and name 'thesis_interfaces'
[0.213s] Level 1:colcon.colcon_core.package_discovery:discover_packages(recursive) using defaults
[0.213s] Level 1:colcon.colcon_core.package_discovery:discover_packages(ignore) discover
[0.213s] Level 1:colcon.colcon_core.package_discovery:discover_packages(ignore) using defaults
[0.213s] Level 1:colcon.colcon_core.package_discovery:discover_packages(path) discover
[0.213s] Level 1:colcon.colcon_core.package_discovery:discover_packages(path) using defaults
[0.229s] Level 1:colcon.colcon_core.package_discovery:discover_packages(prefix_path) check parameters
[0.229s] Level 1:colcon.colcon_core.package_discovery:discover_packages(prefix_path) discover
[0.230s] DEBUG:colcon.colcon_installed_package_information.package_discovery:Found 11 installed packages in /home/matheus/thesis_ws/install
[0.230s] DEBUG:colcon.colcon_installed_package_information.package_discovery:Found 1 installed packages in /home/matheus/Desktop/TestesROS2/ros_unity_ws/install
[0.230s] DEBUG:colcon.colcon_installed_package_information.package_discovery:Found 3 installed packages in /home/matheus/Desktop/TestesROS2/microros_ws/install
[0.231s] DEBUG:colcon.colcon_installed_package_information.package_discovery:Found 282 installed packages in /opt/ros/humble
[0.232s] Level 1:colcon.colcon_core.package_discovery:discover_packages(prefix_path) using defaults
[0.255s] Level 5:colcon.colcon_core.verb:set package 'controller_guidao' build argument 'cmake_args' from command line to 'None'
[0.255s] Level 5:colcon.colcon_core.verb:set package 'controller_guidao' build argument 'cmake_target' from command line to 'None'
[0.255s] Level 5:colcon.colcon_core.verb:set package 'controller_guidao' build argument 'cmake_target_skip_unavailable' from command line to 'False'
[0.255s] Level 5:colcon.colcon_core.verb:set package 'controller_guidao' build argument 'cmake_clean_cache' from command line to 'False'
[0.255s] Level 5:colcon.colcon_core.verb:set package 'controller_guidao' build argument 'cmake_clean_first' from command line to 'False'
[0.255s] Level 5:colcon.colcon_core.verb:set package 'controller_guidao' build argument 'cmake_force_configure' from command line to 'False'
[0.255s] Level 5:colcon.colcon_core.verb:set package 'controller_guidao' build argument 'ament_cmake_args' from command line to 'None'
[0.255s] Level 5:colcon.colcon_core.verb:set package 'controller_guidao' build argument 'catkin_cmake_args' from command line to 'None'
[0.255s] Level 5:colcon.colcon_core.verb:set package 'controller_guidao' build argument 'catkin_skip_building_tests' from command line to 'False'
[0.255s] DEBUG:colcon.colcon_core.verb:Building package 'controller_guidao' with the following arguments: {'ament_cmake_args': None, 'build_base': '/home/matheus/thesis_ws/build/controller_guidao', 'catkin_cmake_args': None, 'catkin_skip_building_tests': False, 'cmake_args': None, 'cmake_clean_cache': False, 'cmake_clean_first': False, 'cmake_force_configure': False, 'cmake_target': None, 'cmake_target_skip_unavailable': False, 'install_base': '/home/matheus/thesis_ws/install/controller_guidao', 'merge_install': False, 'path': '/home/matheus/thesis_ws/src/controller_guidao', 'symlink_install': False, 'test_result_base': None}
[0.255s] Level 5:colcon.colcon_core.verb:set package 'data_logger' build argument 'cmake_args' from command line to 'None'
[0.255s] Level 5:colcon.colcon_core.verb:set package 'data_logger' build argument 'cmake_target' from command line to 'None'
[0.255s] Level 5:colcon.colcon_core.verb:set package 'data_logger' build argument 'cmake_target_skip_unavailable' from command line to 'False'
[0.255s] Level 5:colcon.colcon_core.verb:set package 'data_logger' build argument 'cmake_clean_cache' from command line to 'False'
[0.255s] Level 5:colcon.colcon_core.verb:set package 'data_logger' build argument 'cmake_clean_first' from command line to 'False'
[0.255s] Level 5:colcon.colcon_core.verb:set package 'data_logger' build argument 'cmake_force_configure' from command line to 'False'
[0.255s] Level 5:colcon.colcon_core.verb:set package 'data_logger' build argument 'ament_cmake_args' from command line to 'None'
[0.255s] Level 5:colcon.colcon_core.verb:set package 'data_logger' build argument 'catkin_cmake_args' from command line to 'None'
[0.255s] Level 5:colcon.colcon_core.verb:set package 'data_logger' build argument 'catkin_skip_building_tests' from command line to 'False'
[0.255s] DEBUG:colcon.colcon_core.verb:Building package 'data_logger' with the following arguments: {'ament_cmake_args': None, 'build_base': '/home/matheus/thesis_ws/build/data_logger', 'catkin_cmake_args': None, 'catkin_skip_building_tests': False, 'cmake_args': None, 'cmake_clean_cache': False, 'cmake_clean_first': False, 'cmake_force_configure': False, 'cmake_target': None, 'cmake_target_skip_unavailable': False, 'install_base': '/home/matheus/thesis_ws/install/data_logger', 'merge_install': False, 'path': '/home/matheus/thesis_ws/src/data_logger', 'symlink_install': False, 'test_result_base': None}
[0.255s] Level 5:colcon.colcon_core.verb:set package 'encoder_device' build argument 'cmake_args' from command line to 'None'
[0.256s] Level 5:colcon.colcon_core.verb:set package 'encoder_device' build argument 'cmake_target' from command line to 'None'
[0.256s] Level 5:colcon.colcon_core.verb:set package 'encoder_device' build argument 'cmake_target_skip_unavailable' from command line to 'False'
[0.256s] Level 5:colcon.colcon_core.verb:set package 'encoder_device' build argument 'cmake_clean_cache' from command line to 'False'
[0.256s] Level 5:colcon.colcon_core.verb:set package 'encoder_device' build argument 'cmake_clean_first' from command line to 'False'
[0.256s] Level 5:colcon.colcon_core.verb:set package 'encoder_device' build argument 'cmake_force_configure' from command line to 'False'
[0.256s] Level 5:colcon.colcon_core.verb:set package 'encoder_device' build argument 'ament_cmake_args' from command line to 'None'
[0.256s] Level 5:colcon.colcon_core.verb:set package 'encoder_device' build argument 'catkin_cmake_args' from command line to 'None'
[0.256s] Level 5:colcon.colcon_core.verb:set package 'encoder_device' build argument 'catkin_skip_building_tests' from command line to 'False'
[0.256s] DEBUG:colcon.colcon_core.verb:Building package 'encoder_device' with the following arguments: {'ament_cmake_args': None, 'build_base': '/home/matheus/thesis_ws/build/encoder_device', 'catkin_cmake_args': None, 'catkin_skip_building_tests': False, 'cmake_args': None, 'cmake_clean_cache': False, 'cmake_clean_first': False, 'cmake_force_configure': False, 'cmake_target': None, 'cmake_target_skip_unavailable': False, 'install_base': '/home/matheus/thesis_ws/install/encoder_device', 'merge_install': False, 'path': '/home/matheus/thesis_ws/src/encoder_device', 'symlink_install': False, 'test_result_base': None}
[0.256s] Level 5:colcon.colcon_core.verb:set package 'encoder_guidao' build argument 'cmake_args' from command line to 'None'
[0.256s] Level 5:colcon.colcon_core.verb:set package 'encoder_guidao' build argument 'cmake_target' from command line to 'None'
[0.256s] Level 5:colcon.colcon_core.verb:set package 'encoder_guidao' build argument 'cmake_target_skip_unavailable' from command line to 'False'
[0.256s] Level 5:colcon.colcon_core.verb:set package 'encoder_guidao' build argument 'cmake_clean_cache' from command line to 'False'
[0.256s] Level 5:colcon.colcon_core.verb:set package 'encoder_guidao' build argument 'cmake_clean_first' from command line to 'False'
[0.256s] Level 5:colcon.colcon_core.verb:set package 'encoder_guidao' build argument 'cmake_force_configure' from command line to 'False'
[0.256s] Level 5:colcon.colcon_core.verb:set package 'encoder_guidao' build argument 'ament_cmake_args' from command line to 'None'
[0.256s] Level 5:colcon.colcon_core.verb:set package 'encoder_guidao' build argument 'catkin_cmake_args' from command line to 'None'
[0.256s] Level 5:colcon.colcon_core.verb:set package 'encoder_guidao' build argument 'catkin_skip_building_tests' from command line to 'False'
[0.256s] DEBUG:colcon.colcon_core.verb:Building package 'encoder_guidao' with the following arguments: {'ament_cmake_args': None, 'build_base': '/home/matheus/thesis_ws/build/encoder_guidao', 'catkin_cmake_args': None, 'catkin_skip_building_tests': False, 'cmake_args': None, 'cmake_clean_cache': False, 'cmake_clean_first': False, 'cmake_force_configure': False, 'cmake_target': None, 'cmake_target_skip_unavailable': False, 'install_base': '/home/matheus/thesis_ws/install/encoder_guidao', 'merge_install': False, 'path': '/home/matheus/thesis_ws/src/encoder_guidao', 'symlink_install': False, 'test_result_base': None}
[0.256s] Level 5:colcon.colcon_core.verb:set package 'game_input_mapping' build argument 'cmake_args' from command line to 'None'
[0.256s] Level 5:colcon.colcon_core.verb:set package 'game_input_mapping' build argument 'cmake_target' from command line to 'None'
[0.256s] Level 5:colcon.colcon_core.verb:set package 'game_input_mapping' build argument 'cmake_target_skip_unavailable' from command line to 'False'
[0.256s] Level 5:colcon.colcon_core.verb:set package 'game_input_mapping' build argument 'cmake_clean_cache' from command line to 'False'
[0.256s] Level 5:colcon.colcon_core.verb:set package 'game_input_mapping' build argument 'cmake_clean_first' from command line to 'False'
[0.256s] Level 5:colcon.colcon_core.verb:set package 'game_input_mapping' build argument 'cmake_force_configure' from command line to 'False'
[0.256s] Level 5:colcon.colcon_core.verb:set package 'game_input_mapping' build argument 'ament_cmake_args' from command line to 'None'
[0.256s] Level 5:colcon.colcon_core.verb:set package 'game_input_mapping' build argument 'catkin_cmake_args' from command line to 'None'
[0.256s] Level 5:colcon.colcon_core.verb:set package 'game_input_mapping' build argument 'catkin_skip_building_tests' from command line to 'False'
[0.256s] DEBUG:colcon.colcon_core.verb:Building package 'game_input_mapping' with the following arguments: {'ament_cmake_args': None, 'build_base': '/home/matheus/thesis_ws/build/game_input_mapping', 'catkin_cmake_args': None, 'catkin_skip_building_tests': False, 'cmake_args': None, 'cmake_clean_cache': False, 'cmake_clean_first': False, 'cmake_force_configure': False, 'cmake_target': None, 'cmake_target_skip_unavailable': False, 'install_base': '/home/matheus/thesis_ws/install/game_input_mapping', 'merge_install': False, 'path': '/home/matheus/thesis_ws/src/game_input_mapping', 'symlink_install': False, 'test_result_base': None}
[0.256s] Level 5:colcon.colcon_core.verb:set package 'game_session' build argument 'cmake_args' from command line to 'None'
[0.256s] Level 5:colcon.colcon_core.verb:set package 'game_session' build argument 'cmake_target' from command line to 'None'
[0.256s] Level 5:colcon.colcon_core.verb:set package 'game_session' build argument 'cmake_target_skip_unavailable' from command line to 'False'
[0.256s] Level 5:colcon.colcon_core.verb:set package 'game_session' build argument 'cmake_clean_cache' from command line to 'False'
[0.256s] Level 5:colcon.colcon_core.verb:set package 'game_session' build argument 'cmake_clean_first' from command line to 'False'
[0.256s] Level 5:colcon.colcon_core.verb:set package 'game_session' build argument 'cmake_force_configure' from command line to 'False'
[0.257s] Level 5:colcon.colcon_core.verb:set package 'game_session' build argument 'ament_cmake_args' from command line to 'None'
[0.257s] Level 5:colcon.colcon_core.verb:set package 'game_session' build argument 'catkin_cmake_args' from command line to 'None'
[0.257s] Level 5:colcon.colcon_core.verb:set package 'game_session' build argument 'catkin_skip_building_tests' from command line to 'False'
[0.257s] DEBUG:colcon.colcon_core.verb:Building package 'game_session' with the following arguments: {'ament_cmake_args': None, 'build_base': '/home/matheus/thesis_ws/build/game_session', 'catkin_cmake_args': None, 'catkin_skip_building_tests': False, 'cmake_args': None, 'cmake_clean_cache': False, 'cmake_clean_first': False, 'cmake_force_configure': False, 'cmake_target': None, 'cmake_target_skip_unavailable': False, 'install_base': '/home/matheus/thesis_ws/install/game_session', 'merge_install': False, 'path': '/home/matheus/thesis_ws/src/game_session', 'symlink_install': False, 'test_result_base': None}
[0.257s] Level 5:colcon.colcon_core.verb:set package 'game_unity_bridge' build argument 'cmake_args' from command line to 'None'
[0.257s] Level 5:colcon.colcon_core.verb:set package 'game_unity_bridge' build argument 'cmake_target' from command line to 'None'
[0.257s] Level 5:colcon.colcon_core.verb:set package 'game_unity_bridge' build argument 'cmake_target_skip_unavailable' from command line to 'False'
[0.257s] Level 5:colcon.colcon_core.verb:set package 'game_unity_bridge' build argument 'cmake_clean_cache' from command line to 'False'
[0.257s] Level 5:colcon.colcon_core.verb:set package 'game_unity_bridge' build argument 'cmake_clean_first' from command line to 'False'
[0.257s] Level 5:colcon.colcon_core.verb:set package 'game_unity_bridge' build argument 'cmake_force_configure' from command line to 'False'
[0.257s] Level 5:colcon.colcon_core.verb:set package 'game_unity_bridge' build argument 'ament_cmake_args' from command line to 'None'
[0.257s] Level 5:colcon.colcon_core.verb:set package 'game_unity_bridge' build argument 'catkin_cmake_args' from command line to 'None'
[0.257s] Level 5:colcon.colcon_core.verb:set package 'game_unity_bridge' build argument 'catkin_skip_building_tests' from command line to 'False'
[0.257s] DEBUG:colcon.colcon_core.verb:Building package 'game_unity_bridge' with the following arguments: {'ament_cmake_args': None, 'build_base': '/home/matheus/thesis_ws/build/game_unity_bridge', 'catkin_cmake_args': None, 'catkin_skip_building_tests': False, 'cmake_args': None, 'cmake_clean_cache': False, 'cmake_clean_first': False, 'cmake_force_configure': False, 'cmake_target': None, 'cmake_target_skip_unavailable': False, 'install_base': '/home/matheus/thesis_ws/install/game_unity_bridge', 'merge_install': False, 'path': '/home/matheus/thesis_ws/src/game_unity_bridge', 'symlink_install': False, 'test_result_base': None}
[0.257s] Level 5:colcon.colcon_core.verb:set package 'hal_device_manager' build argument 'cmake_args' from command line to 'None'
[0.257s] Level 5:colcon.colcon_core.verb:set package 'hal_device_manager' build argument 'cmake_target' from command line to 'None'
[0.257s] Level 5:colcon.colcon_core.verb:set package 'hal_device_manager' build argument 'cmake_target_skip_unavailable' from command line to 'False'
[0.257s] Level 5:colcon.colcon_core.verb:set package 'hal_device_manager' build argument 'cmake_clean_cache' from command line to 'False'
[0.257s] Level 5:colcon.colcon_core.verb:set package 'hal_device_manager' build argument 'cmake_clean_first' from command line to 'False'
[0.257s] Level 5:colcon.colcon_core.verb:set package 'hal_device_manager' build argument 'cmake_force_configure' from command line to 'False'
[0.257s] Level 5:colcon.colcon_core.verb:set package 'hal_device_manager' build argument 'ament_cmake_args' from command line to 'None'
[0.257s] Level 5:colcon.colcon_core.verb:set package 'hal_device_manager' build argument 'catkin_cmake_args' from command line to 'None'
[0.257s] Level 5:colcon.colcon_core.verb:set package 'hal_device_manager' build argument 'catkin_skip_building_tests' from command line to 'False'
[0.257s] DEBUG:colcon.colcon_core.verb:Building package 'hal_device_manager' with the following arguments: {'ament_cmake_args': None, 'build_base': '/home/matheus/thesis_ws/build/hal_device_manager', 'catkin_cmake_args': None, 'catkin_skip_building_tests': False, 'cmake_args': None, 'cmake_clean_cache': False, 'cmake_clean_first': False, 'cmake_force_configure': False, 'cmake_target': None, 'cmake_target_skip_unavailable': False, 'install_base': '/home/matheus/thesis_ws/install/hal_device_manager', 'merge_install': False, 'path': '/home/matheus/thesis_ws/src/hal_device_manager', 'symlink_install': False, 'test_result_base': None}
[0.257s] Level 5:colcon.colcon_core.verb:set package 'hal_interfaces' build argument 'cmake_args' from command line to 'None'
[0.257s] Level 5:colcon.colcon_core.verb:set package 'hal_interfaces' build argument 'cmake_target' from command line to 'None'
[0.257s] Level 5:colcon.colcon_core.verb:set package 'hal_interfaces' build argument 'cmake_target_skip_unavailable' from command line to 'False'
[0.257s] Level 5:colcon.colcon_core.verb:set package 'hal_interfaces' build argument 'cmake_clean_cache' from command line to 'False'
[0.257s] Level 5:colcon.colcon_core.verb:set package 'hal_interfaces' build argument 'cmake_clean_first' from command line to 'False'
[0.257s] Level 5:colcon.colcon_core.verb:set package 'hal_interfaces' build argument 'cmake_force_configure' from command line to 'False'
[0.257s] Level 5:colcon.colcon_core.verb:set package 'hal_interfaces' build argument 'ament_cmake_args' from command line to 'None'
[0.257s] Level 5:colcon.colcon_core.verb:set package 'hal_interfaces' build argument 'catkin_cmake_args' from command line to 'None'
[0.257s] Level 5:colcon.colcon_core.verb:set package 'hal_interfaces' build argument 'catkin_skip_building_tests' from command line to 'False'
[0.257s] DEBUG:colcon.colcon_core.verb:Building package 'hal_interfaces' with the following arguments: {'ament_cmake_args': None, 'build_base': '/home/matheus/thesis_ws/build/hal_interfaces', 'catkin_cmake_args': None, 'catkin_skip_building_tests': False, 'cmake_args': None, 'cmake_clean_cache': False, 'cmake_clean_first': False, 'cmake_force_configure': False, 'cmake_target': None, 'cmake_target_skip_unavailable': False, 'install_base': '/home/matheus/thesis_ws/install/hal_interfaces', 'merge_install': False, 'path': '/home/matheus/thesis_ws/src/hal_interfaces', 'symlink_install': False, 'test_result_base': None}
[0.258s] Level 5:colcon.colcon_core.verb:set package 'hal_signal_processing' build argument 'cmake_args' from command line to 'None'
[0.258s] Level 5:colcon.colcon_core.verb:set package 'hal_signal_processing' build argument 'cmake_target' from command line to 'None'
[0.258s] Level 5:colcon.colcon_core.verb:set package 'hal_signal_processing' build argument 'cmake_target_skip_unavailable' from command line to 'False'
[0.258s] Level 5:colcon.colcon_core.verb:set package 'hal_signal_processing' build argument 'cmake_clean_cache' from command line to 'False'
[0.258s] Level 5:colcon.colcon_core.verb:set package 'hal_signal_processing' build argument 'cmake_clean_first' from command line to 'False'
[0.258s] Level 5:colcon.colcon_core.verb:set package 'hal_signal_processing' build argument 'cmake_force_configure' from command line to 'False'
[0.258s] Level 5:colcon.colcon_core.verb:set package 'hal_signal_processing' build argument 'ament_cmake_args' from command line to 'None'
[0.258s] Level 5:colcon.colcon_core.verb:set package 'hal_signal_processing' build argument 'catkin_cmake_args' from command line to 'None'
[0.258s] Level 5:colcon.colcon_core.verb:set package 'hal_signal_processing' build argument 'catkin_skip_building_tests' from command line to 'False'
[0.258s] DEBUG:colcon.colcon_core.verb:Building package 'hal_signal_processing' with the following arguments: {'ament_cmake_args': None, 'build_base': '/home/matheus/thesis_ws/build/hal_signal_processing', 'catkin_cmake_args': None, 'catkin_skip_building_tests': False, 'cmake_args': None, 'cmake_clean_cache': False, 'cmake_clean_first': False, 'cmake_force_configure': False, 'cmake_target': None, 'cmake_target_skip_unavailable': False, 'install_base': '/home/matheus/thesis_ws/install/hal_signal_processing', 'merge_install': False, 'path': '/home/matheus/thesis_ws/src/hal_signal_processing', 'symlink_install': False, 'test_result_base': None}
[0.258s] Level 5:colcon.colcon_core.verb:set package 'thesis_interfaces' build argument 'cmake_args' from command line to 'None'
[0.258s] Level 5:colcon.colcon_core.verb:set package 'thesis_interfaces' build argument 'cmake_target' from command line to 'None'
[0.258s] Level 5:colcon.colcon_core.verb:set package 'thesis_interfaces' build argument 'cmake_target_skip_unavailable' from command line to 'False'
[0.258s] Level 5:colcon.colcon_core.verb:set package 'thesis_interfaces' build argument 'cmake_clean_cache' from command line to 'False'
[0.258s] Level 5:colcon.colcon_core.verb:set package 'thesis_interfaces' build argument 'cmake_clean_first' from command line to 'False'
[0.258s] Level 5:colcon.colcon_core.verb:set package 'thesis_interfaces' build argument 'cmake_force_configure' from command line to 'False'
[0.258s] Level 5:colcon.colcon_core.verb:set package 'thesis_interfaces' build argument 'ament_cmake_args' from command line to 'None'
[0.258s] Level 5:colcon.colcon_core.verb:set package 'thesis_interfaces' build argument 'catkin_cmake_args' from command line to 'None'
[0.258s] Level 5:colcon.colcon_core.verb:set package 'thesis_interfaces' build argument 'catkin_skip_building_tests' from command line to 'False'
[0.258s] DEBUG:colcon.colcon_core.verb:Building package 'thesis_interfaces' with the following arguments: {'ament_cmake_args': None, 'build_base': '/home/matheus/thesis_ws/build/thesis_interfaces', 'catkin_cmake_args': None, 'catkin_skip_building_tests': False, 'cmake_args': None, 'cmake_clean_cache': False, 'cmake_clean_first': False, 'cmake_force_configure': False, 'cmake_target': None, 'cmake_target_skip_unavailable': False, 'install_base': '/home/matheus/thesis_ws/install/thesis_interfaces', 'merge_install': False, 'path': '/home/matheus/thesis_ws/src/thesis_interfaces', 'symlink_install': False, 'test_result_base': None}
[0.258s] INFO:colcon.colcon_core.executor:Executing jobs using 'parallel' executor
[0.259s] DEBUG:colcon.colcon_parallel_executor.executor.parallel:run_until_complete
[0.259s] INFO:colcon.colcon_ros.task.ament_python.build:Building ROS package in '/home/matheus/thesis_ws/src/controller_guidao' with build type 'ament_python'
[0.259s] Level 1:colcon.colcon_core.shell:create_environment_hook('controller_guidao', 'ament_prefix_path')
[0.261s] INFO:colcon.colcon_core.plugin_system:Skipping extension 'colcon_core.shell.bat': Not used on non-Windows systems
[0.262s] INFO:colcon.colcon_core.shell:Creating environment hook '/home/matheus/thesis_ws/install/controller_guidao/share/controller_guidao/hook/ament_prefix_path.ps1'
[0.262s] INFO:colcon.colcon_core.shell:Creating environment descriptor '/home/matheus/thesis_ws/install/controller_guidao/share/controller_guidao/hook/ament_prefix_path.dsv'
[0.263s] INFO:colcon.colcon_core.shell:Creating environment hook '/home/matheus/thesis_ws/install/controller_guidao/share/controller_guidao/hook/ament_prefix_path.sh'
[0.263s] INFO:colcon.colcon_core.shell:Skip shell extension 'powershell' for command environment: Not usable outside of PowerShell
[0.264s] DEBUG:colcon.colcon_core.shell:Skip shell extension 'dsv' for command environment
[0.268s] INFO:colcon.colcon_ros.task.ament_python.build:Building ROS package in '/home/matheus/thesis_ws/src/data_logger' with build type 'ament_python'
[0.269s] Level 1:colcon.colcon_core.shell:create_environment_hook('data_logger', 'ament_prefix_path')
[0.269s] INFO:colcon.colcon_core.shell:Creating environment hook '/home/matheus/thesis_ws/install/data_logger/share/data_logger/hook/ament_prefix_path.ps1'
[0.269s] INFO:colcon.colcon_core.shell:Creating environment descriptor '/home/matheus/thesis_ws/install/data_logger/share/data_logger/hook/ament_prefix_path.dsv'
[0.270s] INFO:colcon.colcon_core.shell:Creating environment hook '/home/matheus/thesis_ws/install/data_logger/share/data_logger/hook/ament_prefix_path.sh'
[0.270s] INFO:colcon.colcon_core.shell:Skip shell extension 'powershell' for command environment: Not usable outside of PowerShell
[0.270s] DEBUG:colcon.colcon_core.shell:Skip shell extension 'dsv' for command environment
[0.274s] INFO:colcon.colcon_ros.task.ament_python.build:Building ROS package in '/home/matheus/thesis_ws/src/encoder_device' with build type 'ament_python'
[0.274s] Level 1:colcon.colcon_core.shell:create_environment_hook('encoder_device', 'ament_prefix_path')
[0.274s] INFO:colcon.colcon_core.shell:Creating environment hook '/home/matheus/thesis_ws/install/encoder_device/share/encoder_device/hook/ament_prefix_path.ps1'
[0.275s] INFO:colcon.colcon_core.shell:Creating environment descriptor '/home/matheus/thesis_ws/install/encoder_device/share/encoder_device/hook/ament_prefix_path.dsv'
[0.275s] INFO:colcon.colcon_core.shell:Creating environment hook '/home/matheus/thesis_ws/install/encoder_device/share/encoder_device/hook/ament_prefix_path.sh'
[0.275s] INFO:colcon.colcon_core.shell:Skip shell extension 'powershell' for command environment: Not usable outside of PowerShell
[0.275s] DEBUG:colcon.colcon_core.shell:Skip shell extension 'dsv' for command environment
[0.278s] INFO:colcon.colcon_ros.task.ament_python.build:Building ROS package in '/home/matheus/thesis_ws/src/encoder_guidao' with build type 'ament_python'
[0.278s] Level 1:colcon.colcon_core.shell:create_environment_hook('encoder_guidao', 'ament_prefix_path')
[0.278s] INFO:colcon.colcon_core.shell:Creating environment hook '/home/matheus/thesis_ws/install/encoder_guidao/share/encoder_guidao/hook/ament_prefix_path.ps1'
[0.278s] INFO:colcon.colcon_core.shell:Creating environment descriptor '/home/matheus/thesis_ws/install/encoder_guidao/share/encoder_guidao/hook/ament_prefix_path.dsv'
[0.279s] INFO:colcon.colcon_core.shell:Creating environment hook '/home/matheus/thesis_ws/install/encoder_guidao/share/encoder_guidao/hook/ament_prefix_path.sh'
[0.279s] INFO:colcon.colcon_core.shell:Skip shell extension 'powershell' for command environment: Not usable outside of PowerShell
[0.279s] DEBUG:colcon.colcon_core.shell:Skip shell extension 'dsv' for command environment
[0.281s] INFO:colcon.colcon_ros.task.ament_python.build:Building ROS package in '/home/matheus/thesis_ws/src/game_input_mapping' with build type 'ament_python'
[0.282s] Level 1:colcon.colcon_core.shell:create_environment_hook('game_input_mapping', 'ament_prefix_path')
[0.282s] INFO:colcon.colcon_core.shell:Creating environment hook '/home/matheus/thesis_ws/install/game_input_mapping/share/game_input_mapping/hook/ament_prefix_path.ps1'
[0.282s] INFO:colcon.colcon_core.shell:Creating environment descriptor '/home/matheus/thesis_ws/install/game_input_mapping/share/game_input_mapping/hook/ament_prefix_path.dsv'
[0.282s] INFO:colcon.colcon_core.shell:Creating environment hook '/home/matheus/thesis_ws/install/game_input_mapping/share/game_input_mapping/hook/ament_prefix_path.sh'
[0.283s] INFO:colcon.colcon_core.shell:Skip shell extension 'powershell' for command environment: Not usable outside of PowerShell
[0.283s] DEBUG:colcon.colcon_core.shell:Skip shell extension 'dsv' for command environment
[0.290s] INFO:colcon.colcon_ros.task.ament_python.build:Building ROS package in '/home/matheus/thesis_ws/src/game_session' with build type 'ament_python'
[0.290s] Level 1:colcon.colcon_core.shell:create_environment_hook('game_session', 'ament_prefix_path')
[0.290s] INFO:colcon.colcon_core.shell:Creating environment hook '/home/matheus/thesis_ws/install/game_session/share/game_session/hook/ament_prefix_path.ps1'
[0.291s] INFO:colcon.colcon_core.shell:Creating environment descriptor '/home/matheus/thesis_ws/install/game_session/share/game_session/hook/ament_prefix_path.dsv'
[0.291s] INFO:colcon.colcon_core.shell:Creating environment hook '/home/matheus/thesis_ws/install/game_session/share/game_session/hook/ament_prefix_path.sh'
[0.292s] INFO:colcon.colcon_core.shell:Skip shell extension 'powershell' for command environment: Not usable outside of PowerShell
[0.292s] DEBUG:colcon.colcon_core.shell:Skip shell extension 'dsv' for command environment
[0.295s] INFO:colcon.colcon_ros.task.ament_python.build:Building ROS package in '/home/matheus/thesis_ws/src/game_unity_bridge' with build type 'ament_python'
[0.295s] Level 1:colcon.colcon_core.shell:create_environment_hook('game_unity_bridge', 'ament_prefix_path')
[0.295s] INFO:colcon.colcon_core.shell:Creating environment hook '/home/matheus/thesis_ws/install/game_unity_bridge/share/game_unity_bridge/hook/ament_prefix_path.ps1'
[0.295s] INFO:colcon.colcon_core.shell:Creating environment descriptor '/home/matheus/thesis_ws/install/game_unity_bridge/share/game_unity_bridge/hook/ament_prefix_path.dsv'
[0.296s] INFO:colcon.colcon_core.shell:Creating environment hook '/home/matheus/thesis_ws/install/game_unity_bridge/share/game_unity_bridge/hook/ament_prefix_path.sh'
[0.296s] INFO:colcon.colcon_core.shell:Skip shell extension 'powershell' for command environment: Not usable outside of PowerShell
[0.296s] DEBUG:colcon.colcon_core.shell:Skip shell extension 'dsv' for command environment
[0.299s] INFO:colcon.colcon_ros.task.ament_python.build:Building ROS package in '/home/matheus/thesis_ws/src/hal_device_manager' with build type 'ament_python'
[0.299s] Level 1:colcon.colcon_core.shell:create_environment_hook('hal_device_manager', 'ament_prefix_path')
[0.300s] INFO:colcon.colcon_core.shell:Creating environment hook '/home/matheus/thesis_ws/install/hal_device_manager/share/hal_device_manager/hook/ament_prefix_path.ps1'
[0.303s] INFO:colcon.colcon_core.shell:Creating environment descriptor '/home/matheus/thesis_ws/install/hal_device_manager/share/hal_device_manager/hook/ament_prefix_path.dsv'
[0.304s] INFO:colcon.colcon_core.shell:Creating environment hook '/home/matheus/thesis_ws/install/hal_device_manager/share/hal_device_manager/hook/ament_prefix_path.sh'
[0.305s] INFO:colcon.colcon_core.shell:Skip shell extension 'powershell' for command environment: Not usable outside of PowerShell
[0.305s] DEBUG:colcon.colcon_core.shell:Skip shell extension 'dsv' for command environment
[0.308s] INFO:colcon.colcon_ros.task.ament_cmake.build:Building ROS package in '/home/matheus/thesis_ws/src/hal_interfaces' with build type 'ament_cmake'
[0.309s] INFO:colcon.colcon_cmake.task.cmake.build:Building CMake package in '/home/matheus/thesis_ws/src/hal_interfaces'
[0.309s] INFO:colcon.colcon_core.shell:Skip shell extension 'powershell' for command environment: Not usable outside of PowerShell
[0.309s] DEBUG:colcon.colcon_core.shell:Skip shell extension 'dsv' for command environment
[0.312s] INFO:colcon.colcon_ros.task.ament_python.build:Building ROS package in '/home/matheus/thesis_ws/src/hal_signal_processing' with build type 'ament_python'
[0.312s] Level 1:colcon.colcon_core.shell:create_environment_hook('hal_signal_processing', 'ament_prefix_path')
[0.312s] INFO:colcon.colcon_core.shell:Creating environment hook '/home/matheus/thesis_ws/install/hal_signal_processing/share/hal_signal_processing/hook/ament_prefix_path.ps1'
[0.312s] INFO:colcon.colcon_core.shell:Creating environment descriptor '/home/matheus/thesis_ws/install/hal_signal_processing/share/hal_signal_processing/hook/ament_prefix_path.dsv'
[0.312s] INFO:colcon.colcon_core.shell:Creating environment hook '/home/matheus/thesis_ws/install/hal_signal_processing/share/hal_signal_processing/hook/ament_prefix_path.sh'
[0.313s] INFO:colcon.colcon_core.shell:Skip shell extension 'powershell' for command environment: Not usable outside of PowerShell
[0.313s] DEBUG:colcon.colcon_core.shell:Skip shell extension 'dsv' for command environment
[0.315s] INFO:colcon.colcon_ros.task.ament_cmake.build:Building ROS package in '/home/matheus/thesis_ws/src/thesis_interfaces' with build type 'ament_cmake'
[0.316s] INFO:colcon.colcon_cmake.task.cmake.build:Building CMake package in '/home/matheus/thesis_ws/src/thesis_interfaces'
[0.316s] INFO:colcon.colcon_core.shell:Skip shell extension 'powershell' for command environment: Not usable outside of PowerShell
[0.316s] DEBUG:colcon.colcon_core.shell:Skip shell extension 'dsv' for command environment
[0.506s] INFO:colcon.colcon_core.task.python.build:Building Python package in '/home/matheus/thesis_ws/src/controller_guidao'
[0.506s] INFO:colcon.colcon_core.shell:Skip shell extension 'powershell' for command environment: Not usable outside of PowerShell
[0.506s] DEBUG:colcon.colcon_core.shell:Skip shell extension 'dsv' for command environment
[0.693s] INFO:colcon.colcon_core.task.python.build:Building Python package in '/home/matheus/thesis_ws/src/data_logger'
[0.693s] INFO:colcon.colcon_core.shell:Skip shell extension 'powershell' for command environment: Not usable outside of PowerShell
[0.693s] DEBUG:colcon.colcon_core.shell:Skip shell extension 'dsv' for command environment
[0.882s] INFO:colcon.colcon_core.task.python.build:Building Python package in '/home/matheus/thesis_ws/src/encoder_device'
[0.882s] INFO:colcon.colcon_core.shell:Skip shell extension 'powershell' for command environment: Not usable outside of PowerShell
[0.882s] DEBUG:colcon.colcon_core.shell:Skip shell extension 'dsv' for command environment
[1.075s] INFO:colcon.colcon_core.task.python.build:Building Python package in '/home/matheus/thesis_ws/src/encoder_guidao'
[1.075s] INFO:colcon.colcon_core.shell:Skip shell extension 'powershell' for command environment: Not usable outside of PowerShell
[1.075s] DEBUG:colcon.colcon_core.shell:Skip shell extension 'dsv' for command environment
[1.269s] INFO:colcon.colcon_core.task.python.build:Building Python package in '/home/matheus/thesis_ws/src/game_input_mapping'
[1.269s] INFO:colcon.colcon_core.shell:Skip shell extension 'powershell' for command environment: Not usable outside of PowerShell
[1.269s] DEBUG:colcon.colcon_core.shell:Skip shell extension 'dsv' for command environment
[1.456s] INFO:colcon.colcon_core.task.python.build:Building Python package in '/home/matheus/thesis_ws/src/game_session'
[1.456s] INFO:colcon.colcon_core.shell:Skip shell extension 'powershell' for command environment: Not usable outside of PowerShell
[1.456s] DEBUG:colcon.colcon_core.shell:Skip shell extension 'dsv' for command environment
[1.646s] INFO:colcon.colcon_core.task.python.build:Building Python package in '/home/matheus/thesis_ws/src/game_unity_bridge'
[1.646s] INFO:colcon.colcon_core.shell:Skip shell extension 'powershell' for command environment: Not usable outside of PowerShell
[1.646s] DEBUG:colcon.colcon_core.shell:Skip shell extension 'dsv' for command environment
[1.836s] INFO:colcon.colcon_core.task.python.build:Building Python package in '/home/matheus/thesis_ws/src/hal_device_manager'
[1.836s] INFO:colcon.colcon_core.shell:Skip shell extension 'powershell' for command environment: Not usable outside of PowerShell
[1.836s] DEBUG:colcon.colcon_core.shell:Skip shell extension 'dsv' for command environment
[1.842s] DEBUG:colcon.colcon_core.event_handler.log_command:Invoking command in '/home/matheus/thesis_ws/build/hal_interfaces': CMAKE_PREFIX_PATH=${CMAKE_PREFIX_PATH}:/home/matheus/thesis_ws/install/hal_signal_processing:/home/matheus/thesis_ws/install/hal_device_manager:/home/matheus/thesis_ws/install/game_unity_bridge:/home/matheus/thesis_ws/install/game_session:/home/matheus/thesis_ws/install/game_input_mapping:/home/matheus/thesis_ws/install/encoder_guidao:/home/matheus/thesis_ws/install/encoder_device:/home/matheus/thesis_ws/install/data_logger:/home/matheus/thesis_ws/install/controller_guidao:/home/matheus/Desktop/TestesROS2/ros_unity_ws/install/ros_tcp_endpoint:/opt/ros/humble /usr/bin/cmake --build /home/matheus/thesis_ws/build/hal_interfaces -- -j12 -l12
[2.074s] INFO:colcon.colcon_core.task.python.build:Building Python package in '/home/matheus/thesis_ws/src/hal_signal_processing'
[2.074s] INFO:colcon.colcon_core.shell:Skip shell extension 'powershell' for command environment: Not usable outside of PowerShell
[2.074s] DEBUG:colcon.colcon_core.shell:Skip shell extension 'dsv' for command environment
[2.083s] DEBUG:colcon.colcon_core.event_handler.log_command:Invoking command in '/home/matheus/thesis_ws/build/thesis_interfaces': CMAKE_PREFIX_PATH=${CMAKE_PREFIX_PATH}:/home/matheus/thesis_ws/install/hal_signal_processing:/home/matheus/thesis_ws/install/hal_device_manager:/home/matheus/thesis_ws/install/game_unity_bridge:/home/matheus/thesis_ws/install/game_session:/home/matheus/thesis_ws/install/game_input_mapping:/home/matheus/thesis_ws/install/encoder_guidao:/home/matheus/thesis_ws/install/encoder_device:/home/matheus/thesis_ws/install/data_logger:/home/matheus/thesis_ws/install/controller_guidao:/home/matheus/Desktop/TestesROS2/ros_unity_ws/install/ros_tcp_endpoint:/opt/ros/humble /usr/bin/cmake --build /home/matheus/thesis_ws/build/thesis_interfaces -- -j12 -l12
[2.163s] DEBUG:colcon.colcon_core.event_handler.log_command:Invoked command in '/home/matheus/thesis_ws/build/thesis_interfaces' returned '0': CMAKE_PREFIX_PATH=${CMAKE_PREFIX_PATH}:/home/matheus/thesis_ws/install/hal_signal_processing:/home/matheus/thesis_ws/install/hal_device_manager:/home/matheus/thesis_ws/install/game_unity_bridge:/home/matheus/thesis_ws/install/game_session:/home/matheus/thesis_ws/install/game_input_mapping:/home/matheus/thesis_ws/install/encoder_guidao:/home/matheus/thesis_ws/install/encoder_device:/home/matheus/thesis_ws/install/data_logger:/home/matheus/thesis_ws/install/controller_guidao:/home/matheus/Desktop/TestesROS2/ros_unity_ws/install/ros_tcp_endpoint:/opt/ros/humble /usr/bin/cmake --build /home/matheus/thesis_ws/build/thesis_interfaces -- -j12 -l12
[2.185s] DEBUG:colcon.colcon_core.event_handler.log_command:Invoking command in '/home/matheus/thesis_ws/build/thesis_interfaces': CMAKE_PREFIX_PATH=${CMAKE_PREFIX_PATH}:/home/matheus/thesis_ws/install/hal_signal_processing:/home/matheus/thesis_ws/install/hal_device_manager:/home/matheus/thesis_ws/install/game_unity_bridge:/home/matheus/thesis_ws/install/game_session:/home/matheus/thesis_ws/install/game_input_mapping:/home/matheus/thesis_ws/install/encoder_guidao:/home/matheus/thesis_ws/install/encoder_device:/home/matheus/thesis_ws/install/data_logger:/home/matheus/thesis_ws/install/controller_guidao:/home/matheus/Desktop/TestesROS2/ros_unity_ws/install/ros_tcp_endpoint:/opt/ros/humble /usr/bin/cmake --install /home/matheus/thesis_ws/build/thesis_interfaces
[2.207s] Level 1:colcon.colcon_core.environment:create_environment_scripts_only(thesis_interfaces)
[2.208s] DEBUG:colcon.colcon_core.event_handler.log_command:Invoked command in '/home/matheus/thesis_ws/build/thesis_interfaces' returned '0': CMAKE_PREFIX_PATH=${CMAKE_PREFIX_PATH}:/home/matheus/thesis_ws/install/hal_signal_processing:/home/matheus/thesis_ws/install/hal_device_manager:/home/matheus/thesis_ws/install/game_unity_bridge:/home/matheus/thesis_ws/install/game_session:/home/matheus/thesis_ws/install/game_input_mapping:/home/matheus/thesis_ws/install/encoder_guidao:/home/matheus/thesis_ws/install/encoder_device:/home/matheus/thesis_ws/install/data_logger:/home/matheus/thesis_ws/install/controller_guidao:/home/matheus/Desktop/TestesROS2/ros_unity_ws/install/ros_tcp_endpoint:/opt/ros/humble /usr/bin/cmake --install /home/matheus/thesis_ws/build/thesis_interfaces
[2.210s] Level 1:colcon.colcon_core.environment:checking '/home/matheus/thesis_ws/install/thesis_interfaces' for CMake module files
[2.211s] Level 1:colcon.colcon_core.environment:checking '/home/matheus/thesis_ws/install/thesis_interfaces' for CMake config files
[2.211s] Level 1:colcon.colcon_core.shell:create_environment_hook('thesis_interfaces', 'cmake_prefix_path')
[2.211s] INFO:colcon.colcon_core.shell:Creating environment hook '/home/matheus/thesis_ws/install/thesis_interfaces/share/thesis_interfaces/hook/cmake_prefix_path.ps1'
[2.212s] INFO:colcon.colcon_core.shell:Creating environment descriptor '/home/matheus/thesis_ws/install/thesis_interfaces/share/thesis_interfaces/hook/cmake_prefix_path.dsv'
[2.212s] INFO:colcon.colcon_core.shell:Creating environment hook '/home/matheus/thesis_ws/install/thesis_interfaces/share/thesis_interfaces/hook/cmake_prefix_path.sh'
[2.213s] Level 1:colcon.colcon_core.environment:checking '/home/matheus/thesis_ws/install/thesis_interfaces/bin'
[2.213s] Level 1:colcon.colcon_core.environment:checking '/home/matheus/thesis_ws/install/thesis_interfaces/lib/pkgconfig/thesis_interfaces.pc'
[2.214s] Level 1:colcon.colcon_core.environment:checking '/home/matheus/thesis_ws/install/thesis_interfaces/lib/python3.10/site-packages'
[2.214s] Level 1:colcon.colcon_core.environment:checking '/home/matheus/thesis_ws/install/thesis_interfaces/bin'
[2.214s] INFO:colcon.colcon_core.shell:Creating package script '/home/matheus/thesis_ws/install/thesis_interfaces/share/thesis_interfaces/package.ps1'
[2.216s] INFO:colcon.colcon_core.shell:Creating package descriptor '/home/matheus/thesis_ws/install/thesis_interfaces/share/thesis_interfaces/package.dsv'
[2.217s] INFO:colcon.colcon_core.shell:Creating package script '/home/matheus/thesis_ws/install/thesis_interfaces/share/thesis_interfaces/package.sh'
[2.218s] INFO:colcon.colcon_core.shell:Creating package script '/home/matheus/thesis_ws/install/thesis_interfaces/share/thesis_interfaces/package.bash'
[2.219s] INFO:colcon.colcon_core.shell:Creating package script '/home/matheus/thesis_ws/install/thesis_interfaces/share/thesis_interfaces/package.zsh'
[2.220s] Level 1:colcon.colcon_core.environment:create_file_with_runtime_dependencies(/home/matheus/thesis_ws/install/thesis_interfaces/share/colcon-core/packages/thesis_interfaces)
[2.221s] Level 1:colcon.colcon_core.environment:create_environment_scripts_only(thesis_interfaces)
[2.221s] Level 1:colcon.colcon_core.environment:checking '/home/matheus/thesis_ws/install/thesis_interfaces' for CMake module files
[2.222s] Level 1:colcon.colcon_core.environment:checking '/home/matheus/thesis_ws/install/thesis_interfaces' for CMake config files
[2.222s] Level 1:colcon.colcon_core.shell:create_environment_hook('thesis_interfaces', 'cmake_prefix_path')
[2.222s] INFO:colcon.colcon_core.shell:Creating environment hook '/home/matheus/thesis_ws/install/thesis_interfaces/share/thesis_interfaces/hook/cmake_prefix_path.ps1'
[2.223s] INFO:colcon.colcon_core.shell:Creating environment descriptor '/home/matheus/thesis_ws/install/thesis_interfaces/share/thesis_interfaces/hook/cmake_prefix_path.dsv'
[2.223s] INFO:colcon.colcon_core.shell:Creating environment hook '/home/matheus/thesis_ws/install/thesis_interfaces/share/thesis_interfaces/hook/cmake_prefix_path.sh'
[2.224s] Level 1:colcon.colcon_core.environment:checking '/home/matheus/thesis_ws/install/thesis_interfaces/bin'
[2.224s] Level 1:colcon.colcon_core.environment:checking '/home/matheus/thesis_ws/install/thesis_interfaces/lib/pkgconfig/thesis_interfaces.pc'
[2.224s] Level 1:colcon.colcon_core.environment:checking '/home/matheus/thesis_ws/install/thesis_interfaces/lib/python3.10/site-packages'
[2.225s] Level 1:colcon.colcon_core.environment:checking '/home/matheus/thesis_ws/install/thesis_interfaces/bin'
[2.225s] INFO:colcon.colcon_core.shell:Creating package script '/home/matheus/thesis_ws/install/thesis_interfaces/share/thesis_interfaces/package.ps1'
[2.226s] INFO:colcon.colcon_core.shell:Creating package descriptor '/home/matheus/thesis_ws/install/thesis_interfaces/share/thesis_interfaces/package.dsv'
[2.227s] INFO:colcon.colcon_core.shell:Creating package script '/home/matheus/thesis_ws/install/thesis_interfaces/share/thesis_interfaces/package.sh'
[2.228s] INFO:colcon.colcon_core.shell:Creating package script '/home/matheus/thesis_ws/install/thesis_interfaces/share/thesis_interfaces/package.bash'
[2.228s] INFO:colcon.colcon_core.shell:Creating package script '/home/matheus/thesis_ws/install/thesis_interfaces/share/thesis_interfaces/package.zsh'
[2.229s] Level 1:colcon.colcon_core.environment:create_file_with_runtime_dependencies(/home/matheus/thesis_ws/install/thesis_interfaces/share/colcon-core/packages/thesis_interfaces)
[2.230s] DEBUG:colcon.colcon_core.event_handler.log_command:Invoked command in '/home/matheus/thesis_ws/build/hal_interfaces' returned '0': CMAKE_PREFIX_PATH=${CMAKE_PREFIX_PATH}:/home/matheus/thesis_ws/install/hal_signal_processing:/home/matheus/thesis_ws/install/hal_device_manager:/home/matheus/thesis_ws/install/game_unity_bridge:/home/matheus/thesis_ws/install/game_session:/home/matheus/thesis_ws/install/game_input_mapping:/home/matheus/thesis_ws/install/encoder_guidao:/home/matheus/thesis_ws/install/encoder_device:/home/matheus/thesis_ws/install/data_logger:/home/matheus/thesis_ws/install/controller_guidao:/home/matheus/Desktop/TestesROS2/ros_unity_ws/install/ros_tcp_endpoint:/opt/ros/humble /usr/bin/cmake --build /home/matheus/thesis_ws/build/hal_interfaces -- -j12 -l12
[2.232s] DEBUG:colcon.colcon_core.event_handler.log_command:Invoking command in '/home/matheus/thesis_ws/build/hal_interfaces': CMAKE_PREFIX_PATH=${CMAKE_PREFIX_PATH}:/home/matheus/thesis_ws/install/hal_signal_processing:/home/matheus/thesis_ws/install/hal_device_manager:/home/matheus/thesis_ws/install/game_unity_bridge:/home/matheus/thesis_ws/install/game_session:/home/matheus/thesis_ws/install/game_input_mapping:/home/matheus/thesis_ws/install/encoder_guidao:/home/matheus/thesis_ws/install/encoder_device:/home/matheus/thesis_ws/install/data_logger:/home/matheus/thesis_ws/install/controller_guidao:/home/matheus/Desktop/TestesROS2/ros_unity_ws/install/ros_tcp_endpoint:/opt/ros/humble /usr/bin/cmake --install /home/matheus/thesis_ws/build/hal_interfaces
[2.487s] Level 1:colcon.colcon_core.environment:create_environment_scripts_only(hal_interfaces)
[2.488s] Level 1:colcon.colcon_core.environment:checking '/home/matheus/thesis_ws/install/hal_interfaces' for CMake module files
[2.489s] DEBUG:colcon.colcon_core.event_handler.log_command:Invoked command in '/home/matheus/thesis_ws/build/hal_interfaces' returned '0': CMAKE_PREFIX_PATH=${CMAKE_PREFIX_PATH}:/home/matheus/thesis_ws/install/hal_signal_processing:/home/matheus/thesis_ws/install/hal_device_manager:/home/matheus/thesis_ws/install/game_unity_bridge:/home/matheus/thesis_ws/install/game_session:/home/matheus/thesis_ws/install/game_input_mapping:/home/matheus/thesis_ws/install/encoder_guidao:/home/matheus/thesis_ws/install/encoder_device:/home/matheus/thesis_ws/install/data_logger:/home/matheus/thesis_ws/install/controller_guidao:/home/matheus/Desktop/TestesROS2/ros_unity_ws/install/ros_tcp_endpoint:/opt/ros/humble /usr/bin/cmake --install /home/matheus/thesis_ws/build/hal_interfaces
[2.490s] Level 1:colcon.colcon_core.environment:checking '/home/matheus/thesis_ws/install/hal_interfaces' for CMake config files
[2.491s] Level 1:colcon.colcon_core.shell:create_environment_hook('hal_interfaces', 'cmake_prefix_path')
[2.491s] INFO:colcon.colcon_core.shell:Creating environment hook '/home/matheus/thesis_ws/install/hal_interfaces/share/hal_interfaces/hook/cmake_prefix_path.ps1'
[2.492s] INFO:colcon.colcon_core.shell:Creating environment descriptor '/home/matheus/thesis_ws/install/hal_interfaces/share/hal_interfaces/hook/cmake_prefix_path.dsv'
[2.492s] INFO:colcon.colcon_core.shell:Creating environment hook '/home/matheus/thesis_ws/install/hal_interfaces/share/hal_interfaces/hook/cmake_prefix_path.sh'
[2.493s] Level 1:colcon.colcon_core.environment:checking '/home/matheus/thesis_ws/install/hal_interfaces/lib'
[2.493s] Level 1:colcon.colcon_core.shell:create_environment_hook('hal_interfaces', 'ld_library_path_lib')
[2.493s] INFO:colcon.colcon_core.shell:Creating environment hook '/home/matheus/thesis_ws/install/hal_interfaces/share/hal_interfaces/hook/ld_library_path_lib.ps1'
[2.493s] INFO:colcon.colcon_core.shell:Creating environment descriptor '/home/matheus/thesis_ws/install/hal_interfaces/share/hal_interfaces/hook/ld_library_path_lib.dsv'
[2.494s] INFO:colcon.colcon_core.shell:Creating environment hook '/home/matheus/thesis_ws/install/hal_interfaces/share/hal_interfaces/hook/ld_library_path_lib.sh'
[2.494s] Level 1:colcon.colcon_core.environment:checking '/home/matheus/thesis_ws/install/hal_interfaces/bin'
[2.494s] Level 1:colcon.colcon_core.environment:checking '/home/matheus/thesis_ws/install/hal_interfaces/lib/pkgconfig/hal_interfaces.pc'
[2.495s] Level 1:colcon.colcon_core.environment:checking '/home/matheus/thesis_ws/install/hal_interfaces/lib/python3.10/site-packages'
[2.495s] Level 1:colcon.colcon_core.environment:checking '/home/matheus/thesis_ws/install/hal_interfaces/bin'
[2.496s] INFO:colcon.colcon_core.shell:Creating package script '/home/matheus/thesis_ws/install/hal_interfaces/share/hal_interfaces/package.ps1'
[2.497s] INFO:colcon.colcon_core.shell:Creating package descriptor '/home/matheus/thesis_ws/install/hal_interfaces/share/hal_interfaces/package.dsv'
[2.497s] INFO:colcon.colcon_core.shell:Creating package script '/home/matheus/thesis_ws/install/hal_interfaces/share/hal_interfaces/package.sh'
[2.498s] INFO:colcon.colcon_core.shell:Creating package script '/home/matheus/thesis_ws/install/hal_interfaces/share/hal_interfaces/package.bash'
[2.498s] INFO:colcon.colcon_core.shell:Creating package script '/home/matheus/thesis_ws/install/hal_interfaces/share/hal_interfaces/package.zsh'
[2.499s] Level 1:colcon.colcon_core.environment:create_file_with_runtime_dependencies(/home/matheus/thesis_ws/install/hal_interfaces/share/colcon-core/packages/hal_interfaces)
[2.505s] Level 1:colcon.colcon_core.environment:create_environment_scripts_only(hal_interfaces)
[2.506s] Level 1:colcon.colcon_core.environment:checking '/home/matheus/thesis_ws/install/hal_interfaces' for CMake module files
[2.513s] Level 1:colcon.colcon_core.environment:checking '/home/matheus/thesis_ws/install/hal_interfaces' for CMake config files
[2.519s] Level 1:colcon.colcon_core.shell:create_environment_hook('hal_interfaces', 'cmake_prefix_path')
[2.520s] INFO:colcon.colcon_core.shell:Creating environment hook '/home/matheus/thesis_ws/install/hal_interfaces/share/hal_interfaces/hook/cmake_prefix_path.ps1'
[2.525s] INFO:colcon.colcon_core.shell:Creating environment descriptor '/home/matheus/thesis_ws/install/hal_interfaces/share/hal_interfaces/hook/cmake_prefix_path.dsv'
[2.529s] INFO:colcon.colcon_core.shell:Creating environment hook '/home/matheus/thesis_ws/install/hal_interfaces/share/hal_interfaces/hook/cmake_prefix_path.sh'
[2.533s] Level 1:colcon.colcon_core.environment:checking '/home/matheus/thesis_ws/install/hal_interfaces/lib'
[2.533s] Level 1:colcon.colcon_core.shell:create_environment_hook('hal_interfaces', 'ld_library_path_lib')
[2.534s] INFO:colcon.colcon_core.shell:Creating environment hook '/home/matheus/thesis_ws/install/hal_interfaces/share/hal_interfaces/hook/ld_library_path_lib.ps1'
[2.535s] INFO:colcon.colcon_core.shell:Creating environment descriptor '/home/matheus/thesis_ws/install/hal_interfaces/share/hal_interfaces/hook/ld_library_path_lib.dsv'
[2.535s] INFO:colcon.colcon_core.shell:Creating environment hook '/home/matheus/thesis_ws/install/hal_interfaces/share/hal_interfaces/hook/ld_library_path_lib.sh'
[2.536s] Level 1:colcon.colcon_core.environment:checking '/home/matheus/thesis_ws/install/hal_interfaces/bin'
[2.536s] Level 1:colcon.colcon_core.environment:checking '/home/matheus/thesis_ws/install/hal_interfaces/lib/pkgconfig/hal_interfaces.pc'
[2.536s] Level 1:colcon.colcon_core.environment:checking '/home/matheus/thesis_ws/install/hal_interfaces/lib/python3.10/site-packages'
[2.536s] Level 1:colcon.colcon_core.environment:checking '/home/matheus/thesis_ws/install/hal_interfaces/bin'
[2.537s] INFO:colcon.colcon_core.shell:Creating package script '/home/matheus/thesis_ws/install/hal_interfaces/share/hal_interfaces/package.ps1'
[2.538s] INFO:colcon.colcon_core.shell:Creating package descriptor '/home/matheus/thesis_ws/install/hal_interfaces/share/hal_interfaces/package.dsv'
[2.538s] INFO:colcon.colcon_core.shell:Creating package script '/home/matheus/thesis_ws/install/hal_interfaces/share/hal_interfaces/package.sh'
[2.539s] INFO:colcon.colcon_core.shell:Creating package script '/home/matheus/thesis_ws/install/hal_interfaces/share/hal_interfaces/package.bash'
[2.539s] INFO:colcon.colcon_core.shell:Creating package script '/home/matheus/thesis_ws/install/hal_interfaces/share/hal_interfaces/package.zsh'
[2.540s] Level 1:colcon.colcon_core.environment:create_file_with_runtime_dependencies(/home/matheus/thesis_ws/install/hal_interfaces/share/colcon-core/packages/hal_interfaces)
[2.909s] DEBUG:colcon.colcon_core.task.python.build:Available setuptools commands: test, egg_info, bdist_wheel, upload, alias, build_scripts, sdist, init_catalog, install, install_headers, clean, symlink_data, build_ext, install_lib, easy_install, saveopts, update_catalog, upload_docs, bdist_rpm, bdist_dumb, install_egg_info, bdist_egg, nosetests, check, setopt, install_data, develop, rotate, bdist, extract_messages, build, compile_catalog, build_clib, register, install_scripts, dist_info, build_py
[2.926s] DEBUG:colcon.colcon_core.task.python.build:Available setuptools commands: test, egg_info, bdist_wheel, upload, alias, build_scripts, sdist, init_catalog, install, install_headers, clean, symlink_data, build_ext, install_lib, easy_install, saveopts, update_catalog, upload_docs, bdist_rpm, bdist_dumb, install_egg_info, bdist_egg, nosetests, check, setopt, install_data, develop, rotate, bdist, extract_messages, build, compile_catalog, build_clib, register, install_scripts, dist_info, build_py
[2.932s] DEBUG:colcon.colcon_core.event_handler.log_command:Invoking command in '/home/matheus/thesis_ws/src/game_unity_bridge': PYTHONPATH=/home/matheus/thesis_ws/build/game_unity_bridge/prefix_override:/usr/lib/python3/dist-packages/colcon_core/task/python/colcon_distutils_commands:/home/matheus/thesis_ws/install/game_unity_bridge/lib/python3.10/site-packages:${PYTHONPATH} /usr/bin/python3 -W ignore:setup.py install is deprecated -W ignore:easy_install command is deprecated setup.py egg_info --egg-base ../../build/game_unity_bridge build --build-base /home/matheus/thesis_ws/build/game_unity_bridge/build install --record /home/matheus/thesis_ws/build/game_unity_bridge/install.log --install-scripts $base/lib/game_unity_bridge --single-version-externally-managed install_data
[2.933s] DEBUG:colcon.colcon_core.event_handler.log_command:Invoking command in '/home/matheus/thesis_ws/src/hal_device_manager': PYTHONPATH=/home/matheus/thesis_ws/build/hal_device_manager/prefix_override:/usr/lib/python3/dist-packages/colcon_core/task/python/colcon_distutils_commands:/home/matheus/thesis_ws/install/hal_device_manager/lib/python3.10/site-packages:${PYTHONPATH} /usr/bin/python3 -W ignore:setup.py install is deprecated -W ignore:easy_install command is deprecated setup.py egg_info --egg-base ../../build/hal_device_manager build --build-base /home/matheus/thesis_ws/build/hal_device_manager/build install --record /home/matheus/thesis_ws/build/hal_device_manager/install.log --install-scripts $base/lib/hal_device_manager --single-version-externally-managed install_data
[3.259s] DEBUG:colcon.colcon_core.task.python.build:Available setuptools commands: test, egg_info, bdist_wheel, upload, alias, build_scripts, sdist, init_catalog, install, install_headers, clean, symlink_data, build_ext, install_lib, easy_install, saveopts, update_catalog, upload_docs, bdist_rpm, bdist_dumb, install_egg_info, bdist_egg, nosetests, check, setopt, install_data, develop, rotate, bdist, extract_messages, build, compile_catalog, build_clib, register, install_scripts, dist_info, build_py
[3.262s] DEBUG:colcon.colcon_core.event_handler.log_command:Invoking command in '/home/matheus/thesis_ws/src/game_input_mapping': PYTHONPATH=/home/matheus/thesis_ws/build/game_input_mapping/prefix_override:/usr/lib/python3/dist-packages/colcon_core/task/python/colcon_distutils_commands:/home/matheus/thesis_ws/install/game_input_mapping/lib/python3.10/site-packages:${PYTHONPATH} /usr/bin/python3 -W ignore:setup.py install is deprecated -W ignore:easy_install command is deprecated setup.py egg_info --egg-base ../../build/game_input_mapping build --build-base /home/matheus/thesis_ws/build/game_input_mapping/build install --record /home/matheus/thesis_ws/build/game_input_mapping/install.log --install-scripts $base/lib/game_input_mapping --single-version-externally-managed install_data
[3.391s] DEBUG:colcon.colcon_core.task.python.build:Available setuptools commands: test, egg_info, bdist_wheel, upload, alias, build_scripts, sdist, init_catalog, install, install_headers, clean, symlink_data, build_ext, install_lib, easy_install, saveopts, update_catalog, upload_docs, bdist_rpm, bdist_dumb, install_egg_info, bdist_egg, nosetests, check, setopt, install_data, develop, rotate, bdist, extract_messages, build, compile_catalog, build_clib, register, install_scripts, dist_info, build_py
[3.407s] DEBUG:colcon.colcon_core.event_handler.log_command:Invoking command in '/home/matheus/thesis_ws/src/encoder_device': PYTHONPATH=/home/matheus/thesis_ws/build/encoder_device/prefix_override:/usr/lib/python3/dist-packages/colcon_core/task/python/colcon_distutils_commands:/home/matheus/thesis_ws/install/encoder_device/lib/python3.10/site-packages:${PYTHONPATH} /usr/bin/python3 -W ignore:setup.py install is deprecated -W ignore:easy_install command is deprecated setup.py egg_info --egg-base ../../build/encoder_device build --build-base /home/matheus/thesis_ws/build/encoder_device/build install --record /home/matheus/thesis_ws/build/encoder_device/install.log --install-scripts $base/lib/encoder_device --single-version-externally-managed install_data
[3.408s] DEBUG:colcon.colcon_core.task.python.build:Available setuptools commands: test, egg_info, bdist_wheel, upload, alias, build_scripts, sdist, init_catalog, install, install_headers, clean, symlink_data, build_ext, install_lib, easy_install, saveopts, update_catalog, upload_docs, bdist_rpm, bdist_dumb, install_egg_info, bdist_egg, nosetests, check, setopt, install_data, develop, rotate, bdist, extract_messages, build, compile_catalog, build_clib, register, install_scripts, dist_info, build_py
[3.410s] DEBUG:colcon.colcon_core.task.python.build:Available setuptools commands: test, egg_info, bdist_wheel, upload, alias, build_scripts, sdist, init_catalog, install, install_headers, clean, symlink_data, build_ext, install_lib, easy_install, saveopts, update_catalog, upload_docs, bdist_rpm, bdist_dumb, install_egg_info, bdist_egg, nosetests, check, setopt, install_data, develop, rotate, bdist, extract_messages, build, compile_catalog, build_clib, register, install_scripts, dist_info, build_py
[3.411s] DEBUG:colcon.colcon_core.event_handler.log_command:Invoking command in '/home/matheus/thesis_ws/src/data_logger': PYTHONPATH=/home/matheus/thesis_ws/build/data_logger/prefix_override:/usr/lib/python3/dist-packages/colcon_core/task/python/colcon_distutils_commands:/home/matheus/thesis_ws/install/data_logger/lib/python3.10/site-packages:${PYTHONPATH} /usr/bin/python3 -W ignore:setup.py install is deprecated -W ignore:easy_install command is deprecated setup.py egg_info --egg-base ../../build/data_logger build --build-base /home/matheus/thesis_ws/build/data_logger/build install --record /home/matheus/thesis_ws/build/data_logger/install.log --install-scripts $base/lib/data_logger --single-version-externally-managed install_data
[3.413s] DEBUG:colcon.colcon_core.task.python.build:Available setuptools commands: test, egg_info, bdist_wheel, upload, alias, build_scripts, sdist, init_catalog, install, install_headers, clean, symlink_data, build_ext, install_lib, easy_install, saveopts, update_catalog, upload_docs, bdist_rpm, bdist_dumb, install_egg_info, bdist_egg, nosetests, check, setopt, install_data, develop, rotate, bdist, extract_messages, build, compile_catalog, build_clib, register, install_scripts, dist_info, build_py
[3.415s] DEBUG:colcon.colcon_core.event_handler.log_command:Invoking command in '/home/matheus/thesis_ws/src/encoder_guidao': PYTHONPATH=/home/matheus/thesis_ws/build/encoder_guidao/prefix_override:/usr/lib/python3/dist-packages/colcon_core/task/python/colcon_distutils_commands:/home/matheus/thesis_ws/install/encoder_guidao/lib/python3.10/site-packages:${PYTHONPATH} /usr/bin/python3 -W ignore:setup.py install is deprecated -W ignore:easy_install command is deprecated setup.py egg_info --egg-base ../../build/encoder_guidao build --build-base /home/matheus/thesis_ws/build/encoder_guidao/build install --record /home/matheus/thesis_ws/build/encoder_guidao/install.log --install-scripts $base/lib/encoder_guidao --single-version-externally-managed install_data
[3.416s] DEBUG:colcon.colcon_core.task.python.build:Available setuptools commands: test, egg_info, bdist_wheel, upload, alias, build_scripts, sdist, init_catalog, install, install_headers, clean, symlink_data, build_ext, install_lib, easy_install, saveopts, update_catalog, upload_docs, bdist_rpm, bdist_dumb, install_egg_info, bdist_egg, nosetests, check, setopt, install_data, develop, rotate, bdist, extract_messages, build, compile_catalog, build_clib, register, install_scripts, dist_info, build_py
[3.418s] DEBUG:colcon.colcon_core.event_handler.log_command:Invoking command in '/home/matheus/thesis_ws/src/controller_guidao': PYTHONPATH=/home/matheus/thesis_ws/build/controller_guidao/prefix_override:/usr/lib/python3/dist-packages/colcon_core/task/python/colcon_distutils_commands:/home/matheus/thesis_ws/install/controller_guidao/lib/python3.10/site-packages:${PYTHONPATH} /usr/bin/python3 -W ignore:setup.py install is deprecated -W ignore:easy_install command is deprecated setup.py egg_info --egg-base ../../build/controller_guidao build --build-base /home/matheus/thesis_ws/build/controller_guidao/build install --record /home/matheus/thesis_ws/build/controller_guidao/install.log --install-scripts $base/lib/controller_guidao --single-version-externally-managed install_data
[3.419s] DEBUG:colcon.colcon_core.task.python.build:Available setuptools commands: test, egg_info, bdist_wheel, upload, alias, build_scripts, sdist, init_catalog, install, install_headers, clean, symlink_data, build_ext, install_lib, easy_install, saveopts, update_catalog, upload_docs, bdist_rpm, bdist_dumb, install_egg_info, bdist_egg, nosetests, check, setopt, install_data, develop, rotate, bdist, extract_messages, build, compile_catalog, build_clib, register, install_scripts, dist_info, build_py
[3.421s] DEBUG:colcon.colcon_core.event_handler.log_command:Invoking command in '/home/matheus/thesis_ws/src/game_session': PYTHONPATH=/home/matheus/thesis_ws/build/game_session/prefix_override:/usr/lib/python3/dist-packages/colcon_core/task/python/colcon_distutils_commands:/home/matheus/thesis_ws/install/game_session/lib/python3.10/site-packages:${PYTHONPATH} /usr/bin/python3 -W ignore:setup.py install is deprecated -W ignore:easy_install command is deprecated setup.py egg_info --egg-base ../../build/game_session build --build-base /home/matheus/thesis_ws/build/game_session/build install --record /home/matheus/thesis_ws/build/game_session/install.log --install-scripts $base/lib/game_session --single-version-externally-managed install_data
[3.422s] DEBUG:colcon.colcon_core.event_handler.log_command:Invoking command in '/home/matheus/thesis_ws/src/hal_signal_processing': PYTHONPATH=/home/matheus/thesis_ws/build/hal_signal_processing/prefix_override:/usr/lib/python3/dist-packages/colcon_core/task/python/colcon_distutils_commands:/home/matheus/thesis_ws/install/hal_signal_processing/lib/python3.10/site-packages:${PYTHONPATH} /usr/bin/python3 -W ignore:setup.py install is deprecated -W ignore:easy_install command is deprecated setup.py egg_info --egg-base ../../build/hal_signal_processing build --build-base /home/matheus/thesis_ws/build/hal_signal_processing/build install --record /home/matheus/thesis_ws/build/hal_signal_processing/install.log --install-scripts $base/lib/hal_signal_processing --single-version-externally-managed install_data
[3.643s] Level 1:colcon.colcon_core.environment:checking '/home/matheus/thesis_ws/install/game_unity_bridge' for CMake module files
[3.646s] DEBUG:colcon.colcon_core.event_handler.log_command:Invoked command in '/home/matheus/thesis_ws/src/game_unity_bridge' returned '0': PYTHONPATH=/home/matheus/thesis_ws/build/game_unity_bridge/prefix_override:/usr/lib/python3/dist-packages/colcon_core/task/python/colcon_distutils_commands:/home/matheus/thesis_ws/install/game_unity_bridge/lib/python3.10/site-packages:${PYTHONPATH} /usr/bin/python3 -W ignore:setup.py install is deprecated -W ignore:easy_install command is deprecated setup.py egg_info --egg-base ../../build/game_unity_bridge build --build-base /home/matheus/thesis_ws/build/game_unity_bridge/build install --record /home/matheus/thesis_ws/build/game_unity_bridge/install.log --install-scripts $base/lib/game_unity_bridge --single-version-externally-managed install_data
[3.649s] Level 1:colcon.colcon_core.environment:checking '/home/matheus/thesis_ws/install/game_unity_bridge' for CMake config files
[3.652s] Level 1:colcon.colcon_core.environment:checking '/home/matheus/thesis_ws/install/game_unity_bridge/lib'
[3.652s] Level 1:colcon.colcon_core.environment:checking '/home/matheus/thesis_ws/install/game_unity_bridge/bin'
[3.653s] Level 1:colcon.colcon_core.environment:checking '/home/matheus/thesis_ws/install/game_unity_bridge/lib/pkgconfig/game_unity_bridge.pc'
[3.654s] Level 1:colcon.colcon_core.environment:checking '/home/matheus/thesis_ws/install/game_unity_bridge/lib/python3.10/site-packages'
[3.654s] Level 1:colcon.colcon_core.shell:create_environment_hook('game_unity_bridge', 'pythonpath')
[3.656s] INFO:colcon.colcon_core.shell:Creating environment hook '/home/matheus/thesis_ws/install/game_unity_bridge/share/game_unity_bridge/hook/pythonpath.ps1'
[3.660s] INFO:colcon.colcon_core.shell:Creating environment descriptor '/home/matheus/thesis_ws/install/game_unity_bridge/share/game_unity_bridge/hook/pythonpath.dsv'
[3.663s] INFO:colcon.colcon_core.shell:Creating environment hook '/home/matheus/thesis_ws/install/game_unity_bridge/share/game_unity_bridge/hook/pythonpath.sh'
[3.668s] Level 1:colcon.colcon_core.environment:checking '/home/matheus/thesis_ws/install/game_unity_bridge/bin'
[3.669s] Level 1:colcon.colcon_core.environment:create_environment_scripts_only(game_unity_bridge)
[3.672s] INFO:colcon.colcon_core.shell:Creating package script '/home/matheus/thesis_ws/install/game_unity_bridge/share/game_unity_bridge/package.ps1'
[3.676s] INFO:colcon.colcon_core.shell:Creating package descriptor '/home/matheus/thesis_ws/install/game_unity_bridge/share/game_unity_bridge/package.dsv'
[3.678s] INFO:colcon.colcon_core.shell:Creating package script '/home/matheus/thesis_ws/install/game_unity_bridge/share/game_unity_bridge/package.sh'
[3.681s] INFO:colcon.colcon_core.shell:Creating package script '/home/matheus/thesis_ws/install/game_unity_bridge/share/game_unity_bridge/package.bash'
[3.683s] INFO:colcon.colcon_core.shell:Creating package script '/home/matheus/thesis_ws/install/game_unity_bridge/share/game_unity_bridge/package.zsh'
[3.685s] Level 1:colcon.colcon_core.environment:create_file_with_runtime_dependencies(/home/matheus/thesis_ws/install/game_unity_bridge/share/colcon-core/packages/game_unity_bridge)
[4.031s] Level 1:colcon.colcon_core.environment:checking '/home/matheus/thesis_ws/install/game_input_mapping' for CMake module files
[4.034s] DEBUG:colcon.colcon_core.event_handler.log_command:Invoked command in '/home/matheus/thesis_ws/src/game_input_mapping' returned '0': PYTHONPATH=/home/matheus/thesis_ws/build/game_input_mapping/prefix_override:/usr/lib/python3/dist-packages/colcon_core/task/python/colcon_distutils_commands:/home/matheus/thesis_ws/install/game_input_mapping/lib/python3.10/site-packages:${PYTHONPATH} /usr/bin/python3 -W ignore:setup.py install is deprecated -W ignore:easy_install command is deprecated setup.py egg_info --egg-base ../../build/game_input_mapping build --build-base /home/matheus/thesis_ws/build/game_input_mapping/build install --record /home/matheus/thesis_ws/build/game_input_mapping/install.log --install-scripts $base/lib/game_input_mapping --single-version-externally-managed install_data
[4.037s] Level 1:colcon.colcon_core.environment:checking '/home/matheus/thesis_ws/install/game_input_mapping' for CMake config files
[4.040s] Level 1:colcon.colcon_core.environment:checking '/home/matheus/thesis_ws/install/game_input_mapping/lib'
[4.040s] Level 1:colcon.colcon_core.environment:checking '/home/matheus/thesis_ws/install/game_input_mapping/bin'
[4.041s] Level 1:colcon.colcon_core.environment:checking '/home/matheus/thesis_ws/install/game_input_mapping/lib/pkgconfig/game_input_mapping.pc'
[4.041s] Level 1:colcon.colcon_core.environment:checking '/home/matheus/thesis_ws/install/game_input_mapping/lib/python3.10/site-packages'
[4.041s] Level 1:colcon.colcon_core.shell:create_environment_hook('game_input_mapping', 'pythonpath')
[4.041s] INFO:colcon.colcon_core.shell:Creating environment hook '/home/matheus/thesis_ws/install/game_input_mapping/share/game_input_mapping/hook/pythonpath.ps1'
[4.042s] INFO:colcon.colcon_core.shell:Creating environment descriptor '/home/matheus/thesis_ws/install/game_input_mapping/share/game_input_mapping/hook/pythonpath.dsv'
[4.042s] INFO:colcon.colcon_core.shell:Creating environment hook '/home/matheus/thesis_ws/install/game_input_mapping/share/game_input_mapping/hook/pythonpath.sh'
[4.043s] Level 1:colcon.colcon_core.environment:checking '/home/matheus/thesis_ws/install/game_input_mapping/bin'
[4.043s] Level 1:colcon.colcon_core.environment:create_environment_scripts_only(game_input_mapping)
[4.044s] INFO:colcon.colcon_core.shell:Creating package script '/home/matheus/thesis_ws/install/game_input_mapping/share/game_input_mapping/package.ps1'
[4.044s] INFO:colcon.colcon_core.shell:Creating package descriptor '/home/matheus/thesis_ws/install/game_input_mapping/share/game_input_mapping/package.dsv'
[4.045s] INFO:colcon.colcon_core.shell:Creating package script '/home/matheus/thesis_ws/install/game_input_mapping/share/game_input_mapping/package.sh'
[4.045s] INFO:colcon.colcon_core.shell:Creating package script '/home/matheus/thesis_ws/install/game_input_mapping/share/game_input_mapping/package.bash'
[4.045s] INFO:colcon.colcon_core.shell:Creating package script '/home/matheus/thesis_ws/install/game_input_mapping/share/game_input_mapping/package.zsh'
[4.046s] Level 1:colcon.colcon_core.environment:create_file_with_runtime_dependencies(/home/matheus/thesis_ws/install/game_input_mapping/share/colcon-core/packages/game_input_mapping)
[4.069s] Level 1:colcon.colcon_core.environment:checking '/home/matheus/thesis_ws/install/hal_device_manager' for CMake module files
[4.069s] DEBUG:colcon.colcon_core.event_handler.log_command:Invoked command in '/home/matheus/thesis_ws/src/hal_device_manager' returned '0': PYTHONPATH=/home/matheus/thesis_ws/build/hal_device_manager/prefix_override:/usr/lib/python3/dist-packages/colcon_core/task/python/colcon_distutils_commands:/home/matheus/thesis_ws/install/hal_device_manager/lib/python3.10/site-packages:${PYTHONPATH} /usr/bin/python3 -W ignore:setup.py install is deprecated -W ignore:easy_install command is deprecated setup.py egg_info --egg-base ../../build/hal_device_manager build --build-base /home/matheus/thesis_ws/build/hal_device_manager/build install --record /home/matheus/thesis_ws/build/hal_device_manager/install.log --install-scripts $base/lib/hal_device_manager --single-version-externally-managed install_data
[4.069s] Level 1:colcon.colcon_core.environment:checking '/home/matheus/thesis_ws/install/hal_device_manager' for CMake config files
[4.070s] Level 1:colcon.colcon_core.environment:checking '/home/matheus/thesis_ws/install/hal_device_manager/lib'
[4.070s] Level 1:colcon.colcon_core.environment:checking '/home/matheus/thesis_ws/install/hal_device_manager/bin'
[4.070s] Level 1:colcon.colcon_core.environment:checking '/home/matheus/thesis_ws/install/hal_device_manager/lib/pkgconfig/hal_device_manager.pc'
[4.070s] Level 1:colcon.colcon_core.environment:checking '/home/matheus/thesis_ws/install/hal_device_manager/lib/python3.10/site-packages'
[4.070s] Level 1:colcon.colcon_core.shell:create_environment_hook('hal_device_manager', 'pythonpath')
[4.071s] INFO:colcon.colcon_core.shell:Creating environment hook '/home/matheus/thesis_ws/install/hal_device_manager/share/hal_device_manager/hook/pythonpath.ps1'
[4.071s] INFO:colcon.colcon_core.shell:Creating environment descriptor '/home/matheus/thesis_ws/install/hal_device_manager/share/hal_device_manager/hook/pythonpath.dsv'
[4.072s] INFO:colcon.colcon_core.shell:Creating environment hook '/home/matheus/thesis_ws/install/hal_device_manager/share/hal_device_manager/hook/pythonpath.sh'
[4.072s] Level 1:colcon.colcon_core.environment:checking '/home/matheus/thesis_ws/install/hal_device_manager/bin'
[4.072s] Level 1:colcon.colcon_core.environment:create_environment_scripts_only(hal_device_manager)
[4.073s] INFO:colcon.colcon_core.shell:Creating package script '/home/matheus/thesis_ws/install/hal_device_manager/share/hal_device_manager/package.ps1'
[4.073s] INFO:colcon.colcon_core.shell:Creating package descriptor '/home/matheus/thesis_ws/install/hal_device_manager/share/hal_device_manager/package.dsv'
[4.074s] INFO:colcon.colcon_core.shell:Creating package script '/home/matheus/thesis_ws/install/hal_device_manager/share/hal_device_manager/package.sh'
[4.074s] INFO:colcon.colcon_core.shell:Creating package script '/home/matheus/thesis_ws/install/hal_device_manager/share/hal_device_manager/package.bash'
[4.075s] INFO:colcon.colcon_core.shell:Creating package script '/home/matheus/thesis_ws/install/hal_device_manager/share/hal_device_manager/package.zsh'
[4.075s] Level 1:colcon.colcon_core.environment:create_file_with_runtime_dependencies(/home/matheus/thesis_ws/install/hal_device_manager/share/colcon-core/packages/hal_device_manager)
[4.245s] Level 1:colcon.colcon_core.environment:checking '/home/matheus/thesis_ws/install/encoder_device' for CMake module files
[4.245s] DEBUG:colcon.colcon_core.event_handler.log_command:Invoked command in '/home/matheus/thesis_ws/src/encoder_device' returned '0': PYTHONPATH=/home/matheus/thesis_ws/build/encoder_device/prefix_override:/usr/lib/python3/dist-packages/colcon_core/task/python/colcon_distutils_commands:/home/matheus/thesis_ws/install/encoder_device/lib/python3.10/site-packages:${PYTHONPATH} /usr/bin/python3 -W ignore:setup.py install is deprecated -W ignore:easy_install command is deprecated setup.py egg_info --egg-base ../../build/encoder_device build --build-base /home/matheus/thesis_ws/build/encoder_device/build install --record /home/matheus/thesis_ws/build/encoder_device/install.log --install-scripts $base/lib/encoder_device --single-version-externally-managed install_data
[4.246s] Level 1:colcon.colcon_core.environment:checking '/home/matheus/thesis_ws/install/encoder_device' for CMake config files
[4.246s] Level 1:colcon.colcon_core.environment:checking '/home/matheus/thesis_ws/install/encoder_device/lib'
[4.246s] Level 1:colcon.colcon_core.environment:checking '/home/matheus/thesis_ws/install/encoder_device/bin'
[4.246s] Level 1:colcon.colcon_core.environment:checking '/home/matheus/thesis_ws/install/encoder_device/lib/pkgconfig/encoder_device.pc'
[4.246s] Level 1:colcon.colcon_core.environment:checking '/home/matheus/thesis_ws/install/encoder_device/lib/python3.10/site-packages'
[4.246s] Level 1:colcon.colcon_core.shell:create_environment_hook('encoder_device', 'pythonpath')
[4.247s] INFO:colcon.colcon_core.shell:Creating environment hook '/home/matheus/thesis_ws/install/encoder_device/share/encoder_device/hook/pythonpath.ps1'
[4.247s] INFO:colcon.colcon_core.shell:Creating environment descriptor '/home/matheus/thesis_ws/install/encoder_device/share/encoder_device/hook/pythonpath.dsv'
[4.248s] INFO:colcon.colcon_core.shell:Creating environment hook '/home/matheus/thesis_ws/install/encoder_device/share/encoder_device/hook/pythonpath.sh'
[4.248s] Level 1:colcon.colcon_core.environment:checking '/home/matheus/thesis_ws/install/encoder_device/bin'
[4.248s] Level 1:colcon.colcon_core.environment:create_environment_scripts_only(encoder_device)
[4.249s] INFO:colcon.colcon_core.shell:Creating package script '/home/matheus/thesis_ws/install/encoder_device/share/encoder_device/package.ps1'
[4.250s] INFO:colcon.colcon_core.shell:Creating package descriptor '/home/matheus/thesis_ws/install/encoder_device/share/encoder_device/package.dsv'
[4.250s] INFO:colcon.colcon_core.shell:Creating package script '/home/matheus/thesis_ws/install/encoder_device/share/encoder_device/package.sh'
[4.250s] INFO:colcon.colcon_core.shell:Creating package script '/home/matheus/thesis_ws/install/encoder_device/share/encoder_device/package.bash'
[4.251s] INFO:colcon.colcon_core.shell:Creating package script '/home/matheus/thesis_ws/install/encoder_device/share/encoder_device/package.zsh'
[4.251s] Level 1:colcon.colcon_core.environment:create_file_with_runtime_dependencies(/home/matheus/thesis_ws/install/encoder_device/share/colcon-core/packages/encoder_device)
[4.295s] Level 1:colcon.colcon_core.environment:checking '/home/matheus/thesis_ws/install/encoder_guidao' for CMake module files
[4.296s] DEBUG:colcon.colcon_core.event_handler.log_command:Invoked command in '/home/matheus/thesis_ws/src/encoder_guidao' returned '0': PYTHONPATH=/home/matheus/thesis_ws/build/encoder_guidao/prefix_override:/usr/lib/python3/dist-packages/colcon_core/task/python/colcon_distutils_commands:/home/matheus/thesis_ws/install/encoder_guidao/lib/python3.10/site-packages:${PYTHONPATH} /usr/bin/python3 -W ignore:setup.py install is deprecated -W ignore:easy_install command is deprecated setup.py egg_info --egg-base ../../build/encoder_guidao build --build-base /home/matheus/thesis_ws/build/encoder_guidao/build install --record /home/matheus/thesis_ws/build/encoder_guidao/install.log --install-scripts $base/lib/encoder_guidao --single-version-externally-managed install_data
[4.297s] Level 1:colcon.colcon_core.environment:checking '/home/matheus/thesis_ws/install/encoder_guidao' for CMake config files
[4.297s] Level 1:colcon.colcon_core.environment:checking '/home/matheus/thesis_ws/install/encoder_guidao/lib'
[4.297s] Level 1:colcon.colcon_core.environment:checking '/home/matheus/thesis_ws/install/encoder_guidao/bin'
[4.297s] Level 1:colcon.colcon_core.environment:checking '/home/matheus/thesis_ws/install/encoder_guidao/lib/pkgconfig/encoder_guidao.pc'
[4.298s] Level 1:colcon.colcon_core.environment:checking '/home/matheus/thesis_ws/install/encoder_guidao/lib/python3.10/site-packages'
[4.298s] Level 1:colcon.colcon_core.shell:create_environment_hook('encoder_guidao', 'pythonpath')
[4.298s] INFO:colcon.colcon_core.shell:Creating environment hook '/home/matheus/thesis_ws/install/encoder_guidao/share/encoder_guidao/hook/pythonpath.ps1'
[4.298s] INFO:colcon.colcon_core.shell:Creating environment descriptor '/home/matheus/thesis_ws/install/encoder_guidao/share/encoder_guidao/hook/pythonpath.dsv'
[4.299s] INFO:colcon.colcon_core.shell:Creating environment hook '/home/matheus/thesis_ws/install/encoder_guidao/share/encoder_guidao/hook/pythonpath.sh'
[4.300s] Level 1:colcon.colcon_core.environment:checking '/home/matheus/thesis_ws/install/encoder_guidao/bin'
[4.300s] Level 1:colcon.colcon_core.environment:create_environment_scripts_only(encoder_guidao)
[4.300s] INFO:colcon.colcon_core.shell:Creating package script '/home/matheus/thesis_ws/install/encoder_guidao/share/encoder_guidao/package.ps1'
[4.301s] INFO:colcon.colcon_core.shell:Creating package descriptor '/home/matheus/thesis_ws/install/encoder_guidao/share/encoder_guidao/package.dsv'
[4.301s] INFO:colcon.colcon_core.shell:Creating package script '/home/matheus/thesis_ws/install/encoder_guidao/share/encoder_guidao/package.sh'
[4.301s] INFO:colcon.colcon_core.shell:Creating package script '/home/matheus/thesis_ws/install/encoder_guidao/share/encoder_guidao/package.bash'
[4.301s] INFO:colcon.colcon_core.shell:Creating package script '/home/matheus/thesis_ws/install/encoder_guidao/share/encoder_guidao/package.zsh'
[4.302s] Level 1:colcon.colcon_core.environment:create_file_with_runtime_dependencies(/home/matheus/thesis_ws/install/encoder_guidao/share/colcon-core/packages/encoder_guidao)
[4.303s] Level 1:colcon.colcon_core.environment:checking '/home/matheus/thesis_ws/install/data_logger' for CMake module files
[4.304s] Level 1:colcon.colcon_core.environment:checking '/home/matheus/thesis_ws/install/data_logger' for CMake config files
[4.304s] Level 1:colcon.colcon_core.environment:checking '/home/matheus/thesis_ws/install/data_logger/lib'
[4.304s] Level 1:colcon.colcon_core.environment:checking '/home/matheus/thesis_ws/install/data_logger/bin'
[4.304s] Level 1:colcon.colcon_core.environment:checking '/home/matheus/thesis_ws/install/data_logger/lib/pkgconfig/data_logger.pc'
[4.305s] Level 1:colcon.colcon_core.environment:checking '/home/matheus/thesis_ws/install/data_logger/lib/python3.10/site-packages'
[4.305s] Level 1:colcon.colcon_core.shell:create_environment_hook('data_logger', 'pythonpath')
[4.305s] INFO:colcon.colcon_core.shell:Creating environment hook '/home/matheus/thesis_ws/install/data_logger/share/data_logger/hook/pythonpath.ps1'
[4.312s] INFO:colcon.colcon_core.shell:Creating environment descriptor '/home/matheus/thesis_ws/install/data_logger/share/data_logger/hook/pythonpath.dsv'
[4.313s] INFO:colcon.colcon_core.shell:Creating environment hook '/home/matheus/thesis_ws/install/data_logger/share/data_logger/hook/pythonpath.sh'
[4.313s] DEBUG:colcon.colcon_core.event_handler.log_command:Invoked command in '/home/matheus/thesis_ws/src/data_logger' returned '0': PYTHONPATH=/home/matheus/thesis_ws/build/data_logger/prefix_override:/usr/lib/python3/dist-packages/colcon_core/task/python/colcon_distutils_commands:/home/matheus/thesis_ws/install/data_logger/lib/python3.10/site-packages:${PYTHONPATH} /usr/bin/python3 -W ignore:setup.py install is deprecated -W ignore:easy_install command is deprecated setup.py egg_info --egg-base ../../build/data_logger build --build-base /home/matheus/thesis_ws/build/data_logger/build install --record /home/matheus/thesis_ws/build/data_logger/install.log --install-scripts $base/lib/data_logger --single-version-externally-managed install_data
[4.314s] Level 1:colcon.colcon_core.environment:checking '/home/matheus/thesis_ws/install/data_logger/bin'
[4.314s] Level 1:colcon.colcon_core.environment:create_environment_scripts_only(data_logger)
[4.315s] INFO:colcon.colcon_core.shell:Creating package script '/home/matheus/thesis_ws/install/data_logger/share/data_logger/package.ps1'
[4.316s] INFO:colcon.colcon_core.shell:Creating package descriptor '/home/matheus/thesis_ws/install/data_logger/share/data_logger/package.dsv'
[4.316s] INFO:colcon.colcon_core.shell:Creating package script '/home/matheus/thesis_ws/install/data_logger/share/data_logger/package.sh'
[4.317s] INFO:colcon.colcon_core.shell:Creating package script '/home/matheus/thesis_ws/install/data_logger/share/data_logger/package.bash'
[4.318s] INFO:colcon.colcon_core.shell:Creating package script '/home/matheus/thesis_ws/install/data_logger/share/data_logger/package.zsh'
[4.318s] Level 1:colcon.colcon_core.environment:create_file_with_runtime_dependencies(/home/matheus/thesis_ws/install/data_logger/share/colcon-core/packages/data_logger)
[4.319s] Level 1:colcon.colcon_core.environment:checking '/home/matheus/thesis_ws/install/game_session' for CMake module files
[4.320s] Level 1:colcon.colcon_core.environment:checking '/home/matheus/thesis_ws/install/game_session' for CMake config files
[4.320s] DEBUG:colcon.colcon_core.event_handler.log_command:Invoked command in '/home/matheus/thesis_ws/src/game_session' returned '0': PYTHONPATH=/home/matheus/thesis_ws/build/game_session/prefix_override:/usr/lib/python3/dist-packages/colcon_core/task/python/colcon_distutils_commands:/home/matheus/thesis_ws/install/game_session/lib/python3.10/site-packages:${PYTHONPATH} /usr/bin/python3 -W ignore:setup.py install is deprecated -W ignore:easy_install command is deprecated setup.py egg_info --egg-base ../../build/game_session build --build-base /home/matheus/thesis_ws/build/game_session/build install --record /home/matheus/thesis_ws/build/game_session/install.log --install-scripts $base/lib/game_session --single-version-externally-managed install_data
[4.321s] Level 1:colcon.colcon_core.environment:checking '/home/matheus/thesis_ws/install/game_session/lib'
[4.321s] Level 1:colcon.colcon_core.environment:checking '/home/matheus/thesis_ws/install/game_session/bin'
[4.321s] Level 1:colcon.colcon_core.environment:checking '/home/matheus/thesis_ws/install/game_session/lib/pkgconfig/game_session.pc'
[4.321s] Level 1:colcon.colcon_core.environment:checking '/home/matheus/thesis_ws/install/game_session/lib/python3.10/site-packages'
[4.321s] Level 1:colcon.colcon_core.shell:create_environment_hook('game_session', 'pythonpath')
[4.321s] INFO:colcon.colcon_core.shell:Creating environment hook '/home/matheus/thesis_ws/install/game_session/share/game_session/hook/pythonpath.ps1'
[4.322s] INFO:colcon.colcon_core.shell:Creating environment descriptor '/home/matheus/thesis_ws/install/game_session/share/game_session/hook/pythonpath.dsv'
[4.323s] INFO:colcon.colcon_core.shell:Creating environment hook '/home/matheus/thesis_ws/install/game_session/share/game_session/hook/pythonpath.sh'
[4.323s] Level 1:colcon.colcon_core.environment:checking '/home/matheus/thesis_ws/install/game_session/bin'
[4.323s] Level 1:colcon.colcon_core.environment:create_environment_scripts_only(game_session)
[4.324s] INFO:colcon.colcon_core.shell:Creating package script '/home/matheus/thesis_ws/install/game_session/share/game_session/package.ps1'
[4.325s] INFO:colcon.colcon_core.shell:Creating package descriptor '/home/matheus/thesis_ws/install/game_session/share/game_session/package.dsv'
[4.325s] INFO:colcon.colcon_core.shell:Creating package script '/home/matheus/thesis_ws/install/game_session/share/game_session/package.sh'
[4.326s] INFO:colcon.colcon_core.shell:Creating package script '/home/matheus/thesis_ws/install/game_session/share/game_session/package.bash'
[4.326s] INFO:colcon.colcon_core.shell:Creating package script '/home/matheus/thesis_ws/install/game_session/share/game_session/package.zsh'
[4.326s] Level 1:colcon.colcon_core.environment:create_file_with_runtime_dependencies(/home/matheus/thesis_ws/install/game_session/share/colcon-core/packages/game_session)
[4.328s] Level 1:colcon.colcon_core.environment:checking '/home/matheus/thesis_ws/install/hal_signal_processing' for CMake module files
[4.328s] DEBUG:colcon.colcon_core.event_handler.log_command:Invoked command in '/home/matheus/thesis_ws/src/hal_signal_processing' returned '0': PYTHONPATH=/home/matheus/thesis_ws/build/hal_signal_processing/prefix_override:/usr/lib/python3/dist-packages/colcon_core/task/python/colcon_distutils_commands:/home/matheus/thesis_ws/install/hal_signal_processing/lib/python3.10/site-packages:${PYTHONPATH} /usr/bin/python3 -W ignore:setup.py install is deprecated -W ignore:easy_install command is deprecated setup.py egg_info --egg-base ../../build/hal_signal_processing build --build-base /home/matheus/thesis_ws/build/hal_signal_processing/build install --record /home/matheus/thesis_ws/build/hal_signal_processing/install.log --install-scripts $base/lib/hal_signal_processing --single-version-externally-managed install_data
[4.328s] Level 1:colcon.colcon_core.environment:checking '/home/matheus/thesis_ws/install/hal_signal_processing' for CMake config files
[4.329s] Level 1:colcon.colcon_core.environment:checking '/home/matheus/thesis_ws/install/hal_signal_processing/lib'
[4.329s] Level 1:colcon.colcon_core.environment:checking '/home/matheus/thesis_ws/install/hal_signal_processing/bin'
[4.329s] Level 1:colcon.colcon_core.environment:checking '/home/matheus/thesis_ws/install/hal_signal_processing/lib/pkgconfig/hal_signal_processing.pc'
[4.330s] Level 1:colcon.colcon_core.environment:checking '/home/matheus/thesis_ws/install/hal_signal_processing/lib/python3.10/site-packages'
[4.330s] Level 1:colcon.colcon_core.shell:create_environment_hook('hal_signal_processing', 'pythonpath')
[4.330s] INFO:colcon.colcon_core.shell:Creating environment hook '/home/matheus/thesis_ws/install/hal_signal_processing/share/hal_signal_processing/hook/pythonpath.ps1'
[4.330s] INFO:colcon.colcon_core.shell:Creating environment descriptor '/home/matheus/thesis_ws/install/hal_signal_processing/share/hal_signal_processing/hook/pythonpath.dsv'
[4.331s] INFO:colcon.colcon_core.shell:Creating environment hook '/home/matheus/thesis_ws/install/hal_signal_processing/share/hal_signal_processing/hook/pythonpath.sh'
[4.332s] Level 1:colcon.colcon_core.environment:checking '/home/matheus/thesis_ws/install/hal_signal_processing/bin'
[4.332s] Level 1:colcon.colcon_core.environment:create_environment_scripts_only(hal_signal_processing)
[4.332s] INFO:colcon.colcon_core.shell:Creating package script '/home/matheus/thesis_ws/install/hal_signal_processing/share/hal_signal_processing/package.ps1'
[4.333s] INFO:colcon.colcon_core.shell:Creating package descriptor '/home/matheus/thesis_ws/install/hal_signal_processing/share/hal_signal_processing/package.dsv'
[4.333s] INFO:colcon.colcon_core.shell:Creating package script '/home/matheus/thesis_ws/install/hal_signal_processing/share/hal_signal_processing/package.sh'
[4.334s] INFO:colcon.colcon_core.shell:Creating package script '/home/matheus/thesis_ws/install/hal_signal_processing/share/hal_signal_processing/package.bash'
[4.334s] INFO:colcon.colcon_core.shell:Creating package script '/home/matheus/thesis_ws/install/hal_signal_processing/share/hal_signal_processing/package.zsh'
[4.334s] Level 1:colcon.colcon_core.environment:create_file_with_runtime_dependencies(/home/matheus/thesis_ws/install/hal_signal_processing/share/colcon-core/packages/hal_signal_processing)
[4.336s] Level 1:colcon.colcon_core.environment:checking '/home/matheus/thesis_ws/install/controller_guidao' for CMake module files
[4.337s] DEBUG:colcon.colcon_core.event_handler.log_command:Invoked command in '/home/matheus/thesis_ws/src/controller_guidao' returned '0': PYTHONPATH=/home/matheus/thesis_ws/build/controller_guidao/prefix_override:/usr/lib/python3/dist-packages/colcon_core/task/python/colcon_distutils_commands:/home/matheus/thesis_ws/install/controller_guidao/lib/python3.10/site-packages:${PYTHONPATH} /usr/bin/python3 -W ignore:setup.py install is deprecated -W ignore:easy_install command is deprecated setup.py egg_info --egg-base ../../build/controller_guidao build --build-base /home/matheus/thesis_ws/build/controller_guidao/build install --record /home/matheus/thesis_ws/build/controller_guidao/install.log --install-scripts $base/lib/controller_guidao --single-version-externally-managed install_data
[4.337s] Level 1:colcon.colcon_core.environment:checking '/home/matheus/thesis_ws/install/controller_guidao' for CMake config files
[4.338s] Level 1:colcon.colcon_core.environment:checking '/home/matheus/thesis_ws/install/controller_guidao/lib'
[4.338s] Level 1:colcon.colcon_core.environment:checking '/home/matheus/thesis_ws/install/controller_guidao/bin'
[4.338s] Level 1:colcon.colcon_core.environment:checking '/home/matheus/thesis_ws/install/controller_guidao/lib/pkgconfig/controller_guidao.pc'
[4.338s] Level 1:colcon.colcon_core.environment:checking '/home/matheus/thesis_ws/install/controller_guidao/lib/python3.10/site-packages'
[4.338s] Level 1:colcon.colcon_core.shell:create_environment_hook('controller_guidao', 'pythonpath')
[4.338s] INFO:colcon.colcon_core.shell:Creating environment hook '/home/matheus/thesis_ws/install/controller_guidao/share/controller_guidao/hook/pythonpath.ps1'
[4.339s] INFO:colcon.colcon_core.shell:Creating environment descriptor '/home/matheus/thesis_ws/install/controller_guidao/share/controller_guidao/hook/pythonpath.dsv'
[4.344s] INFO:colcon.colcon_core.shell:Creating environment hook '/home/matheus/thesis_ws/install/controller_guidao/share/controller_guidao/hook/pythonpath.sh'
[4.344s] Level 1:colcon.colcon_core.environment:checking '/home/matheus/thesis_ws/install/controller_guidao/bin'
[4.344s] Level 1:colcon.colcon_core.environment:create_environment_scripts_only(controller_guidao)
[4.345s] INFO:colcon.colcon_core.shell:Creating package script '/home/matheus/thesis_ws/install/controller_guidao/share/controller_guidao/package.ps1'
[4.346s] INFO:colcon.colcon_core.shell:Creating package descriptor '/home/matheus/thesis_ws/install/controller_guidao/share/controller_guidao/package.dsv'
[4.346s] INFO:colcon.colcon_core.shell:Creating package script '/home/matheus/thesis_ws/install/controller_guidao/share/controller_guidao/package.sh'
[4.346s] INFO:colcon.colcon_core.shell:Creating package script '/home/matheus/thesis_ws/install/controller_guidao/share/controller_guidao/package.bash'
[4.347s] INFO:colcon.colcon_core.shell:Creating package script '/home/matheus/thesis_ws/install/controller_guidao/share/controller_guidao/package.zsh'
[4.347s] Level 1:colcon.colcon_core.environment:create_file_with_runtime_dependencies(/home/matheus/thesis_ws/install/controller_guidao/share/colcon-core/packages/controller_guidao)
[4.348s] DEBUG:colcon.colcon_parallel_executor.executor.parallel:closing loop
[4.348s] DEBUG:colcon.colcon_parallel_executor.executor.parallel:loop closed
[4.348s] DEBUG:colcon.colcon_parallel_executor.executor.parallel:run_until_complete finished with '0'
[4.348s] DEBUG:colcon.colcon_core.event_reactor:joining thread
[4.356s] INFO:colcon.colcon_core.plugin_system:Skipping extension 'colcon_notification.desktop_notification.terminal_notifier': Not used on non-Darwin systems
[4.356s] INFO:colcon.colcon_core.plugin_system:Skipping extension 'colcon_notification.desktop_notification.win32': Not used on non-Windows systems
[4.356s] INFO:colcon.colcon_notification.desktop_notification:Sending desktop notification using 'notify2'
[4.377s] DEBUG:colcon.colcon_core.event_reactor:joined thread
[4.377s] INFO:colcon.colcon_core.shell:Creating prefix script '/home/matheus/thesis_ws/install/local_setup.ps1'
[4.379s] INFO:colcon.colcon_core.shell:Creating prefix util module '/home/matheus/thesis_ws/install/_local_setup_util_ps1.py'
[4.382s] INFO:colcon.colcon_core.shell:Creating prefix chain script '/home/matheus/thesis_ws/install/setup.ps1'
[4.385s] INFO:colcon.colcon_core.shell:Creating prefix script '/home/matheus/thesis_ws/install/local_setup.sh'
[4.386s] INFO:colcon.colcon_core.shell:Creating prefix util module '/home/matheus/thesis_ws/install/_local_setup_util_sh.py'
[4.387s] INFO:colcon.colcon_core.shell:Creating prefix chain script '/home/matheus/thesis_ws/install/setup.sh'
[4.389s] INFO:colcon.colcon_core.shell:Creating prefix script '/home/matheus/thesis_ws/install/local_setup.bash'
[4.389s] INFO:colcon.colcon_core.shell:Creating prefix chain script '/home/matheus/thesis_ws/install/setup.bash'
[4.391s] INFO:colcon.colcon_core.shell:Creating prefix script '/home/matheus/thesis_ws/install/local_setup.zsh'
[4.392s] INFO:colcon.colcon_core.shell:Creating prefix chain script '/home/matheus/thesis_ws/install/setup.zsh'
