[0.000000] (-) TimerEvent: {}
[0.000679] (controller_guidao) JobQueued: {'identifier': 'controller_guidao', 'dependencies': OrderedDict()}
[0.000781] (data_logger) JobQueued: {'identifier': 'data_logger', 'dependencies': OrderedDict()}
[0.000876] (encoder_device) JobQueued: {'identifier': 'encoder_device', 'dependencies': OrderedDict()}
[0.000915] (encoder_guidao) JobQueued: {'identifier': 'encoder_guidao', 'dependencies': OrderedDict()}
[0.000936] (game_input_mapping) JobQueued: {'identifier': 'game_input_mapping', 'dependencies': OrderedDict()}
[0.000955] (game_session) JobQueued: {'identifier': 'game_session', 'dependencies': OrderedDict()}
[0.000973] (game_unity_bridge) JobQueued: {'identifier': 'game_unity_bridge', 'dependencies': OrderedDict()}
[0.000991] (hal_device_manager) JobQueued: {'identifier': 'hal_device_manager', 'dependencies': OrderedDict()}
[0.001008] (hal_interfaces) JobQueued: {'identifier': 'hal_interfaces', 'dependencies': OrderedDict()}
[0.001025] (hal_signal_processing) JobQueued: {'identifier': 'hal_signal_processing', 'dependencies': OrderedDict()}
[0.001042] (thesis_interfaces) JobQueued: {'identifier': 'thesis_interfaces', 'dependencies': OrderedDict()}
[0.001060] (controller_guidao) JobStarted: {'identifier': 'controller_guidao'}
[0.053465] (data_logger) JobStarted: {'identifier': 'data_logger'}
[0.062176] (encoder_device) JobStarted: {'identifier': 'encoder_device'}
[0.073614] (encoder_guidao) JobStarted: {'identifier': 'encoder_guidao'}
[0.081541] (game_input_mapping) JobStarted: {'identifier': 'game_input_mapping'}
[0.095138] (game_session) JobStarted: {'identifier': 'game_session'}
[0.099965] (-) TimerEvent: {}
[0.108447] (game_unity_bridge) JobStarted: {'identifier': 'game_unity_bridge'}
[0.116250] (hal_device_manager) JobStarted: {'identifier': 'hal_device_manager'}
[0.128149] (hal_interfaces) JobStarted: {'identifier': 'hal_interfaces'}
[0.132779] (hal_signal_processing) JobStarted: {'identifier': 'hal_signal_processing'}
[0.136833] (thesis_interfaces) JobStarted: {'identifier': 'thesis_interfaces'}
[0.200178] (-) TimerEvent: {}
[0.300494] (-) TimerEvent: {}
[0.400946] (-) TimerEvent: {}
[0.501322] (-) TimerEvent: {}
[0.601596] (-) TimerEvent: {}
[0.702016] (-) TimerEvent: {}
[0.802349] (-) TimerEvent: {}
[0.902600] (-) TimerEvent: {}
[1.002909] (-) TimerEvent: {}
[1.103207] (-) TimerEvent: {}
[1.203686] (-) TimerEvent: {}
[1.303974] (-) TimerEvent: {}
[1.404298] (-) TimerEvent: {}
[1.504671] (-) TimerEvent: {}
[1.604990] (-) TimerEvent: {}
[1.651172] (hal_interfaces) JobProgress: {'identifier': 'hal_interfaces', 'progress': 'cmake'}
[1.652112] (hal_interfaces) JobProgress: {'identifier': 'hal_interfaces', 'progress': 'build'}
[1.652152] (hal_interfaces) Command: {'cmd': ['/usr/bin/cmake', '--build', '/home/matheus/thesis_ws/build/hal_interfaces', '--', '-j12', '-l12'], 'cwd': '/home/matheus/thesis_ws/build/hal_interfaces', 'env': OrderedDict([('LESSOPEN', '| /usr/bin/lesspipe %s'), ('USER', 'matheus'), ('LC_TIME', 'pt_BR.UTF-8'), ('XDG_SESSION_TYPE', 'x11'), ('SHLVL', '1'), ('LD_LIBRARY_PATH', '/home/matheus/thesis_ws/install/hal_interfaces/lib:/home/matheus/Desktop/TestesROS2/microros_ws/install/micro_ros_agent/lib:/home/matheus/Desktop/TestesROS2/microros_ws/install/micro_ros_msgs/lib:/opt/ros/humble/opt/rviz_ogre_vendor/lib:/opt/ros/humble/lib/x86_64-linux-gnu:/opt/ros/humble/lib'), ('HOME', '/home/matheus'), ('OLDPWD', '/home/matheus'), ('DESKTOP_SESSION', 'ubuntu-xorg'), ('ROS_PYTHON_VERSION', '3'), ('GNOME_SHELL_SESSION_MODE', 'ubuntu'), ('GTK_MODULES', 'gail:atk-bridge'), ('LC_MONETARY', 'pt_BR.UTF-8'), ('LC_CTYPE', 'pt_BR.UTF-8'), ('SYSTEMD_EXEC_PID', '1746'), ('DBUS_SESSION_BUS_ADDRESS', 'unix:path=/run/user/1000/bus'), ('COLORTERM', 'truecolor'), ('COLCON_PREFIX_PATH', '/home/matheus/thesis_ws/install:/home/matheus/Desktop/TestesROS2/ros_unity_ws/install:/home/matheus/Desktop/TestesROS2/microros_ws/install'), ('ROS_DISTRO', 'humble'), ('GTK_IM_MODULE', 'ibus'), ('LOGNAME', 'matheus'), ('_', '/usr/bin/colcon'), ('ROS_VERSION', '2'), ('XDG_SESSION_CLASS', 'user'), ('USERNAME', 'matheus'), ('TERM', 'xterm-256color'), ('GNOME_DESKTOP_SESSION_ID', 'this-is-deprecated'), ('ROS_LOCALHOST_ONLY', '0'), ('WINDOWPATH', '2'), ('PATH', '/opt/ros/humble/bin:/home/matheus/.local/bin:/usr/local/sbin:/usr/local/bin:/usr/sbin:/usr/bin:/sbin:/bin:/usr/games:/usr/local/games:/snap/bin:/snap/bin:/home/matheus/.platformio/penv/bin'), ('SESSION_MANAGER', 'local/matheus-300E5M-300E5L:@/tmp/.ICE-unix/1722,unix/matheus-300E5M-300E5L:/tmp/.ICE-unix/1722'), ('XDG_MENU_PREFIX', 'gnome-'), ('LC_ADDRESS', 'pt_BR.UTF-8'), ('GNOME_TERMINAL_SCREEN', '/org/gnome/Terminal/screen/f70c918e_603a_40e9_ad59_37335646557a'), ('XDG_RUNTIME_DIR', '/run/user/1000'), ('DISPLAY', ':0'), ('LANG', 'en_US.UTF-8'), ('XDG_CURRENT_DESKTOP', 'ubuntu:GNOME'), ('LC_TELEPHONE', 'pt_BR.UTF-8'), ('XMODIFIERS', '@im=ibus'), ('XDG_SESSION_DESKTOP', 'ubuntu-xorg'), ('XAUTHORITY', '/run/user/1000/gdm/Xauthority'), ('LS_COLORS', 'rs=0:di=01;34:ln=01;36:mh=00:pi=40;33:so=01;35:do=01;35:bd=40;33;01:cd=40;33;01:or=40;31;01:mi=00:su=37;41:sg=30;43:ca=30;41:tw=30;42:ow=34;42:st=37;44:ex=01;32:*.tar=01;31:*.tgz=01;31:*.arc=01;31:*.arj=01;31:*.taz=01;31:*.lha=01;31:*.lz4=01;31:*.lzh=01;31:*.lzma=01;31:*.tlz=01;31:*.txz=01;31:*.tzo=01;31:*.t7z=01;31:*.zip=01;31:*.z=01;31:*.dz=01;31:*.gz=01;31:*.lrz=01;31:*.lz=01;31:*.lzo=01;31:*.xz=01;31:*.zst=01;31:*.tzst=01;31:*.bz2=01;31:*.bz=01;31:*.tbz=01;31:*.tbz2=01;31:*.tz=01;31:*.deb=01;31:*.rpm=01;31:*.jar=01;31:*.war=01;31:*.ear=01;31:*.sar=01;31:*.rar=01;31:*.alz=01;31:*.ace=01;31:*.zoo=01;31:*.cpio=01;31:*.7z=01;31:*.rz=01;31:*.cab=01;31:*.wim=01;31:*.swm=01;31:*.dwm=01;31:*.esd=01;31:*.jpg=01;35:*.jpeg=01;35:*.mjpg=01;35:*.mjpeg=01;35:*.gif=01;35:*.bmp=01;35:*.pbm=01;35:*.pgm=01;35:*.ppm=01;35:*.tga=01;35:*.xbm=01;35:*.xpm=01;35:*.tif=01;35:*.tiff=01;35:*.png=01;35:*.svg=01;35:*.svgz=01;35:*.mng=01;35:*.pcx=01;35:*.mov=01;35:*.mpg=01;35:*.mpeg=01;35:*.m2v=01;35:*.mkv=01;35:*.webm=01;35:*.webp=01;35:*.ogm=01;35:*.mp4=01;35:*.m4v=01;35:*.mp4v=01;35:*.vob=01;35:*.qt=01;35:*.nuv=01;35:*.wmv=01;35:*.asf=01;35:*.rm=01;35:*.rmvb=01;35:*.flc=01;35:*.avi=01;35:*.fli=01;35:*.flv=01;35:*.gl=01;35:*.dl=01;35:*.xcf=01;35:*.xwd=01;35:*.yuv=01;35:*.cgm=01;35:*.emf=01;35:*.ogv=01;35:*.ogx=01;35:*.aac=00;36:*.au=00;36:*.flac=00;36:*.m4a=00;36:*.mid=00;36:*.midi=00;36:*.mka=00;36:*.mp3=00;36:*.mpc=00;36:*.ogg=00;36:*.ra=00;36:*.wav=00;36:*.oga=00;36:*.opus=00;36:*.spx=00;36:*.xspf=00;36:'), ('GNOME_TERMINAL_SERVICE', ':1.217'), ('SSH_AGENT_LAUNCHER', 'gnome-keyring'), ('SSH_AUTH_SOCK', '/run/user/1000/keyring/ssh'), ('AMENT_PREFIX_PATH', '/home/matheus/thesis_ws/install/thesis_interfaces:/home/matheus/thesis_ws/install/hal_signal_processing:/home/matheus/thesis_ws/install/hal_interfaces:/home/matheus/thesis_ws/install/hal_device_manager:/home/matheus/thesis_ws/install/game_unity_bridge:/home/matheus/thesis_ws/install/game_session:/home/matheus/thesis_ws/install/game_input_mapping:/home/matheus/thesis_ws/install/encoder_guidao:/home/matheus/thesis_ws/install/encoder_device:/home/matheus/thesis_ws/install/data_logger:/home/matheus/thesis_ws/install/controller_guidao:/home/matheus/Desktop/TestesROS2/ros_unity_ws/install/ros_tcp_endpoint:/home/matheus/Desktop/TestesROS2/microros_ws/install/micro_ros_setup:/home/matheus/Desktop/TestesROS2/microros_ws/install/micro_ros_agent:/home/matheus/Desktop/TestesROS2/microros_ws/install/micro_ros_msgs:/opt/ros/humble'), ('SHELL', '/bin/bash'), ('LC_NAME', 'pt_BR.UTF-8'), ('QT_ACCESSIBILITY', '1'), ('GDMSESSION', 'ubuntu-xorg'), ('LESSCLOSE', '/usr/bin/lesspipe %s %s'), ('LC_MEASUREMENT', 'pt_BR.UTF-8'), ('GPG_AGENT_INFO', '/run/user/1000/gnupg/S.gpg-agent:0:1'), ('LC_IDENTIFICATION', 'pt_BR.UTF-8'), ('QT_IM_MODULE', 'ibus'), ('PWD', '/home/matheus/thesis_ws/build/hal_interfaces'), ('LC_ALL', 'en_US.UTF-8'), ('XDG_CONFIG_DIRS', '/etc/xdg/xdg-ubuntu-xorg:/etc/xdg'), ('XDG_DATA_DIRS', '/usr/share/ubuntu-xorg:/usr/share/gnome:/usr/local/share/:/usr/share/:/var/lib/snapd/desktop'), ('PYTHONPATH', '/home/matheus/thesis_ws/install/hal_signal_processing/lib/python3.10/site-packages:/home/matheus/thesis_ws/install/hal_interfaces/local/lib/python3.10/dist-packages:/home/matheus/thesis_ws/install/hal_device_manager/lib/python3.10/site-packages:/home/matheus/thesis_ws/install/game_unity_bridge/lib/python3.10/site-packages:/home/matheus/thesis_ws/install/game_session/lib/python3.10/site-packages:/home/matheus/thesis_ws/install/game_input_mapping/lib/python3.10/site-packages:/home/matheus/thesis_ws/install/encoder_guidao/lib/python3.10/site-packages:/home/matheus/thesis_ws/install/encoder_device/lib/python3.10/site-packages:/home/matheus/thesis_ws/install/data_logger/lib/python3.10/site-packages:/home/matheus/thesis_ws/install/controller_guidao/lib/python3.10/site-packages:/home/matheus/Desktop/TestesROS2/ros_unity_ws/install/ros_tcp_endpoint/lib/python3.10/site-packages:/home/matheus/Desktop/TestesROS2/microros_ws/install/micro_ros_msgs/local/lib/python3.10/dist-packages:/opt/ros/humble/lib/python3.10/site-packages:/opt/ros/humble/local/lib/python3.10/dist-packages'), ('LC_NUMERIC', 'pt_BR.UTF-8'), ('LC_PAPER', 'pt_BR.UTF-8'), ('COLCON', '1'), ('VTE_VERSION', '6800'), ('CMAKE_PREFIX_PATH', '/home/matheus/thesis_ws/install/thesis_interfaces:/home/matheus/thesis_ws/install/hal_interfaces:/home/matheus/Desktop/TestesROS2/microros_ws/install/micro_ros_setup:/home/matheus/Desktop/TestesROS2/microros_ws/install/micro_ros_agent:/home/matheus/Desktop/TestesROS2/microros_ws/install/micro_ros_msgs:/home/matheus/thesis_ws/install/hal_signal_processing:/home/matheus/thesis_ws/install/hal_device_manager:/home/matheus/thesis_ws/install/game_unity_bridge:/home/matheus/thesis_ws/install/game_session:/home/matheus/thesis_ws/install/game_input_mapping:/home/matheus/thesis_ws/install/encoder_guidao:/home/matheus/thesis_ws/install/encoder_device:/home/matheus/thesis_ws/install/data_logger:/home/matheus/thesis_ws/install/controller_guidao:/home/matheus/Desktop/TestesROS2/ros_unity_ws/install/ros_tcp_endpoint:/opt/ros/humble')]), 'shell': False}
[1.705091] (-) TimerEvent: {}
[1.805571] (-) TimerEvent: {}
[1.905866] (-) TimerEvent: {}
[1.908954] (hal_interfaces) StdoutLine: {'line': b'[  3%] Built target hal_interfaces__cpp\n'}
[1.909243] (hal_interfaces) StdoutLine: {'line': b'[ 12%] Built target hal_interfaces__rosidl_generator_c\n'}
[1.909330] (hal_interfaces) StdoutLine: {'line': b'[ 15%] Built target hal_interfaces__rs\n'}
[1.909407] (hal_interfaces) StdoutLine: {'line': b'[ 15%] Built target ament_cmake_python_copy_hal_interfaces\n'}
[1.909481] (hal_interfaces) StdoutLine: {'line': b'[ 25%] Built target hal_interfaces__rosidl_typesupport_introspection_c\n'}
[1.909571] (hal_interfaces) StdoutLine: {'line': b'[ 34%] Built target hal_interfaces__rosidl_typesupport_introspection_cpp\n'}
[1.909671] (hal_interfaces) StdoutLine: {'line': b'[ 53%] Built target hal_interfaces__rosidl_typesupport_cpp\n'}
[1.909742] (hal_interfaces) StdoutLine: {'line': b'[ 53%] Built target hal_interfaces__rosidl_typesupport_c\n'}
[1.909809] (hal_interfaces) StdoutLine: {'line': b'[ 62%] Built target hal_interfaces__rosidl_typesupport_fastrtps_cpp\n'}
[1.909876] (hal_interfaces) StdoutLine: {'line': b'[ 71%] Built target hal_interfaces__rosidl_typesupport_fastrtps_c\n'}
[1.909943] (hal_interfaces) StdoutLine: {'line': b'[ 71%] Built target hal_interfaces\n'}
[1.910010] (hal_interfaces) StdoutLine: {'line': b'[ 75%] Built target hal_interfaces__py\n'}
[1.910077] (hal_interfaces) StdoutLine: {'line': b'[ 81%] Built target hal_interfaces__rosidl_generator_py\n'}
[1.910144] (hal_interfaces) StdoutLine: {'line': b'[100%] Built target hal_interfaces__rosidl_typesupport_c__pyext\n'}
[1.910211] (hal_interfaces) StdoutLine: {'line': b'[100%] Built target hal_interfaces__rosidl_typesupport_introspection_c__pyext\n'}
[1.910278] (hal_interfaces) StdoutLine: {'line': b'[100%] Built target hal_interfaces__rosidl_typesupport_fastrtps_c__pyext\n'}
[1.910346] (hal_interfaces) StdoutLine: {'line': b'running egg_info\n'}
[1.910412] (hal_interfaces) StdoutLine: {'line': b'writing hal_interfaces.egg-info/PKG-INFO\n'}
[1.910477] (hal_interfaces) StdoutLine: {'line': b'writing dependency_links to hal_interfaces.egg-info/dependency_links.txt\n'}
[1.910697] (hal_interfaces) StdoutLine: {'line': b'writing top-level names to hal_interfaces.egg-info/top_level.txt\n'}
[1.910775] (hal_interfaces) StdoutLine: {'line': b"reading manifest file 'hal_interfaces.egg-info/SOURCES.txt'\n"}
[1.910843] (hal_interfaces) StdoutLine: {'line': b"writing manifest file 'hal_interfaces.egg-info/SOURCES.txt'\n"}
[1.910908] (hal_interfaces) StdoutLine: {'line': b'[100%] Built target ament_cmake_python_build_hal_interfaces_egg\n'}
[1.910977] (thesis_interfaces) JobProgress: {'identifier': 'thesis_interfaces', 'progress': 'cmake'}
[1.911321] (thesis_interfaces) JobProgress: {'identifier': 'thesis_interfaces', 'progress': 'build'}
[1.911650] (thesis_interfaces) Command: {'cmd': ['/usr/bin/cmake', '--build', '/home/matheus/thesis_ws/build/thesis_interfaces', '--', '-j12', '-l12'], 'cwd': '/home/matheus/thesis_ws/build/thesis_interfaces', 'env': OrderedDict([('LESSOPEN', '| /usr/bin/lesspipe %s'), ('USER', 'matheus'), ('LC_TIME', 'pt_BR.UTF-8'), ('XDG_SESSION_TYPE', 'x11'), ('SHLVL', '1'), ('LD_LIBRARY_PATH', '/home/matheus/thesis_ws/install/hal_interfaces/lib:/home/matheus/Desktop/TestesROS2/microros_ws/install/micro_ros_agent/lib:/home/matheus/Desktop/TestesROS2/microros_ws/install/micro_ros_msgs/lib:/opt/ros/humble/opt/rviz_ogre_vendor/lib:/opt/ros/humble/lib/x86_64-linux-gnu:/opt/ros/humble/lib'), ('HOME', '/home/matheus'), ('OLDPWD', '/home/matheus'), ('DESKTOP_SESSION', 'ubuntu-xorg'), ('ROS_PYTHON_VERSION', '3'), ('GNOME_SHELL_SESSION_MODE', 'ubuntu'), ('GTK_MODULES', 'gail:atk-bridge'), ('LC_MONETARY', 'pt_BR.UTF-8'), ('LC_CTYPE', 'pt_BR.UTF-8'), ('SYSTEMD_EXEC_PID', '1746'), ('DBUS_SESSION_BUS_ADDRESS', 'unix:path=/run/user/1000/bus'), ('COLORTERM', 'truecolor'), ('COLCON_PREFIX_PATH', '/home/matheus/thesis_ws/install:/home/matheus/Desktop/TestesROS2/ros_unity_ws/install:/home/matheus/Desktop/TestesROS2/microros_ws/install'), ('ROS_DISTRO', 'humble'), ('GTK_IM_MODULE', 'ibus'), ('LOGNAME', 'matheus'), ('_', '/usr/bin/colcon'), ('ROS_VERSION', '2'), ('XDG_SESSION_CLASS', 'user'), ('USERNAME', 'matheus'), ('TERM', 'xterm-256color'), ('GNOME_DESKTOP_SESSION_ID', 'this-is-deprecated'), ('ROS_LOCALHOST_ONLY', '0'), ('WINDOWPATH', '2'), ('PATH', '/opt/ros/humble/bin:/home/matheus/.local/bin:/usr/local/sbin:/usr/local/bin:/usr/sbin:/usr/bin:/sbin:/bin:/usr/games:/usr/local/games:/snap/bin:/snap/bin:/home/matheus/.platformio/penv/bin'), ('SESSION_MANAGER', 'local/matheus-300E5M-300E5L:@/tmp/.ICE-unix/1722,unix/matheus-300E5M-300E5L:/tmp/.ICE-unix/1722'), ('XDG_MENU_PREFIX', 'gnome-'), ('LC_ADDRESS', 'pt_BR.UTF-8'), ('GNOME_TERMINAL_SCREEN', '/org/gnome/Terminal/screen/f70c918e_603a_40e9_ad59_37335646557a'), ('XDG_RUNTIME_DIR', '/run/user/1000'), ('DISPLAY', ':0'), ('LANG', 'en_US.UTF-8'), ('XDG_CURRENT_DESKTOP', 'ubuntu:GNOME'), ('LC_TELEPHONE', 'pt_BR.UTF-8'), ('XMODIFIERS', '@im=ibus'), ('XDG_SESSION_DESKTOP', 'ubuntu-xorg'), ('XAUTHORITY', '/run/user/1000/gdm/Xauthority'), ('LS_COLORS', 'rs=0:di=01;34:ln=01;36:mh=00:pi=40;33:so=01;35:do=01;35:bd=40;33;01:cd=40;33;01:or=40;31;01:mi=00:su=37;41:sg=30;43:ca=30;41:tw=30;42:ow=34;42:st=37;44:ex=01;32:*.tar=01;31:*.tgz=01;31:*.arc=01;31:*.arj=01;31:*.taz=01;31:*.lha=01;31:*.lz4=01;31:*.lzh=01;31:*.lzma=01;31:*.tlz=01;31:*.txz=01;31:*.tzo=01;31:*.t7z=01;31:*.zip=01;31:*.z=01;31:*.dz=01;31:*.gz=01;31:*.lrz=01;31:*.lz=01;31:*.lzo=01;31:*.xz=01;31:*.zst=01;31:*.tzst=01;31:*.bz2=01;31:*.bz=01;31:*.tbz=01;31:*.tbz2=01;31:*.tz=01;31:*.deb=01;31:*.rpm=01;31:*.jar=01;31:*.war=01;31:*.ear=01;31:*.sar=01;31:*.rar=01;31:*.alz=01;31:*.ace=01;31:*.zoo=01;31:*.cpio=01;31:*.7z=01;31:*.rz=01;31:*.cab=01;31:*.wim=01;31:*.swm=01;31:*.dwm=01;31:*.esd=01;31:*.jpg=01;35:*.jpeg=01;35:*.mjpg=01;35:*.mjpeg=01;35:*.gif=01;35:*.bmp=01;35:*.pbm=01;35:*.pgm=01;35:*.ppm=01;35:*.tga=01;35:*.xbm=01;35:*.xpm=01;35:*.tif=01;35:*.tiff=01;35:*.png=01;35:*.svg=01;35:*.svgz=01;35:*.mng=01;35:*.pcx=01;35:*.mov=01;35:*.mpg=01;35:*.mpeg=01;35:*.m2v=01;35:*.mkv=01;35:*.webm=01;35:*.webp=01;35:*.ogm=01;35:*.mp4=01;35:*.m4v=01;35:*.mp4v=01;35:*.vob=01;35:*.qt=01;35:*.nuv=01;35:*.wmv=01;35:*.asf=01;35:*.rm=01;35:*.rmvb=01;35:*.flc=01;35:*.avi=01;35:*.fli=01;35:*.flv=01;35:*.gl=01;35:*.dl=01;35:*.xcf=01;35:*.xwd=01;35:*.yuv=01;35:*.cgm=01;35:*.emf=01;35:*.ogv=01;35:*.ogx=01;35:*.aac=00;36:*.au=00;36:*.flac=00;36:*.m4a=00;36:*.mid=00;36:*.midi=00;36:*.mka=00;36:*.mp3=00;36:*.mpc=00;36:*.ogg=00;36:*.ra=00;36:*.wav=00;36:*.oga=00;36:*.opus=00;36:*.spx=00;36:*.xspf=00;36:'), ('GNOME_TERMINAL_SERVICE', ':1.217'), ('SSH_AGENT_LAUNCHER', 'gnome-keyring'), ('SSH_AUTH_SOCK', '/run/user/1000/keyring/ssh'), ('AMENT_PREFIX_PATH', '/home/matheus/thesis_ws/install/thesis_interfaces:/home/matheus/thesis_ws/install/hal_signal_processing:/home/matheus/thesis_ws/install/hal_interfaces:/home/matheus/thesis_ws/install/hal_device_manager:/home/matheus/thesis_ws/install/game_unity_bridge:/home/matheus/thesis_ws/install/game_session:/home/matheus/thesis_ws/install/game_input_mapping:/home/matheus/thesis_ws/install/encoder_guidao:/home/matheus/thesis_ws/install/encoder_device:/home/matheus/thesis_ws/install/data_logger:/home/matheus/thesis_ws/install/controller_guidao:/home/matheus/Desktop/TestesROS2/ros_unity_ws/install/ros_tcp_endpoint:/home/matheus/Desktop/TestesROS2/microros_ws/install/micro_ros_setup:/home/matheus/Desktop/TestesROS2/microros_ws/install/micro_ros_agent:/home/matheus/Desktop/TestesROS2/microros_ws/install/micro_ros_msgs:/opt/ros/humble'), ('SHELL', '/bin/bash'), ('LC_NAME', 'pt_BR.UTF-8'), ('QT_ACCESSIBILITY', '1'), ('GDMSESSION', 'ubuntu-xorg'), ('LESSCLOSE', '/usr/bin/lesspipe %s %s'), ('LC_MEASUREMENT', 'pt_BR.UTF-8'), ('GPG_AGENT_INFO', '/run/user/1000/gnupg/S.gpg-agent:0:1'), ('LC_IDENTIFICATION', 'pt_BR.UTF-8'), ('QT_IM_MODULE', 'ibus'), ('PWD', '/home/matheus/thesis_ws/build/thesis_interfaces'), ('LC_ALL', 'en_US.UTF-8'), ('XDG_CONFIG_DIRS', '/etc/xdg/xdg-ubuntu-xorg:/etc/xdg'), ('XDG_DATA_DIRS', '/usr/share/ubuntu-xorg:/usr/share/gnome:/usr/local/share/:/usr/share/:/var/lib/snapd/desktop'), ('PYTHONPATH', '/home/matheus/thesis_ws/install/hal_signal_processing/lib/python3.10/site-packages:/home/matheus/thesis_ws/install/hal_interfaces/local/lib/python3.10/dist-packages:/home/matheus/thesis_ws/install/hal_device_manager/lib/python3.10/site-packages:/home/matheus/thesis_ws/install/game_unity_bridge/lib/python3.10/site-packages:/home/matheus/thesis_ws/install/game_session/lib/python3.10/site-packages:/home/matheus/thesis_ws/install/game_input_mapping/lib/python3.10/site-packages:/home/matheus/thesis_ws/install/encoder_guidao/lib/python3.10/site-packages:/home/matheus/thesis_ws/install/encoder_device/lib/python3.10/site-packages:/home/matheus/thesis_ws/install/data_logger/lib/python3.10/site-packages:/home/matheus/thesis_ws/install/controller_guidao/lib/python3.10/site-packages:/home/matheus/Desktop/TestesROS2/ros_unity_ws/install/ros_tcp_endpoint/lib/python3.10/site-packages:/home/matheus/Desktop/TestesROS2/microros_ws/install/micro_ros_msgs/local/lib/python3.10/dist-packages:/opt/ros/humble/lib/python3.10/site-packages:/opt/ros/humble/local/lib/python3.10/dist-packages'), ('LC_NUMERIC', 'pt_BR.UTF-8'), ('LC_PAPER', 'pt_BR.UTF-8'), ('COLCON', '1'), ('VTE_VERSION', '6800'), ('CMAKE_PREFIX_PATH', '/home/matheus/thesis_ws/install/thesis_interfaces:/home/matheus/thesis_ws/install/hal_interfaces:/home/matheus/Desktop/TestesROS2/microros_ws/install/micro_ros_setup:/home/matheus/Desktop/TestesROS2/microros_ws/install/micro_ros_agent:/home/matheus/Desktop/TestesROS2/microros_ws/install/micro_ros_msgs:/home/matheus/thesis_ws/install/hal_signal_processing:/home/matheus/thesis_ws/install/hal_device_manager:/home/matheus/thesis_ws/install/game_unity_bridge:/home/matheus/thesis_ws/install/game_session:/home/matheus/thesis_ws/install/game_input_mapping:/home/matheus/thesis_ws/install/encoder_guidao:/home/matheus/thesis_ws/install/encoder_device:/home/matheus/thesis_ws/install/data_logger:/home/matheus/thesis_ws/install/controller_guidao:/home/matheus/Desktop/TestesROS2/ros_unity_ws/install/ros_tcp_endpoint:/opt/ros/humble')]), 'shell': False}
[1.939332] (hal_interfaces) CommandEnded: {'returncode': 0}
[1.939960] (hal_interfaces) JobProgress: {'identifier': 'hal_interfaces', 'progress': 'install'}
[1.951983] (hal_interfaces) Command: {'cmd': ['/usr/bin/cmake', '--install', '/home/matheus/thesis_ws/build/hal_interfaces'], 'cwd': '/home/matheus/thesis_ws/build/hal_interfaces', 'env': OrderedDict([('LESSOPEN', '| /usr/bin/lesspipe %s'), ('USER', 'matheus'), ('LC_TIME', 'pt_BR.UTF-8'), ('XDG_SESSION_TYPE', 'x11'), ('SHLVL', '1'), ('LD_LIBRARY_PATH', '/home/matheus/thesis_ws/install/hal_interfaces/lib:/home/matheus/Desktop/TestesROS2/microros_ws/install/micro_ros_agent/lib:/home/matheus/Desktop/TestesROS2/microros_ws/install/micro_ros_msgs/lib:/opt/ros/humble/opt/rviz_ogre_vendor/lib:/opt/ros/humble/lib/x86_64-linux-gnu:/opt/ros/humble/lib'), ('HOME', '/home/matheus'), ('OLDPWD', '/home/matheus'), ('DESKTOP_SESSION', 'ubuntu-xorg'), ('ROS_PYTHON_VERSION', '3'), ('GNOME_SHELL_SESSION_MODE', 'ubuntu'), ('GTK_MODULES', 'gail:atk-bridge'), ('LC_MONETARY', 'pt_BR.UTF-8'), ('LC_CTYPE', 'pt_BR.UTF-8'), ('SYSTEMD_EXEC_PID', '1746'), ('DBUS_SESSION_BUS_ADDRESS', 'unix:path=/run/user/1000/bus'), ('COLORTERM', 'truecolor'), ('COLCON_PREFIX_PATH', '/home/matheus/thesis_ws/install:/home/matheus/Desktop/TestesROS2/ros_unity_ws/install:/home/matheus/Desktop/TestesROS2/microros_ws/install'), ('ROS_DISTRO', 'humble'), ('GTK_IM_MODULE', 'ibus'), ('LOGNAME', 'matheus'), ('_', '/usr/bin/colcon'), ('ROS_VERSION', '2'), ('XDG_SESSION_CLASS', 'user'), ('USERNAME', 'matheus'), ('TERM', 'xterm-256color'), ('GNOME_DESKTOP_SESSION_ID', 'this-is-deprecated'), ('ROS_LOCALHOST_ONLY', '0'), ('WINDOWPATH', '2'), ('PATH', '/opt/ros/humble/bin:/home/matheus/.local/bin:/usr/local/sbin:/usr/local/bin:/usr/sbin:/usr/bin:/sbin:/bin:/usr/games:/usr/local/games:/snap/bin:/snap/bin:/home/matheus/.platformio/penv/bin'), ('SESSION_MANAGER', 'local/matheus-300E5M-300E5L:@/tmp/.ICE-unix/1722,unix/matheus-300E5M-300E5L:/tmp/.ICE-unix/1722'), ('XDG_MENU_PREFIX', 'gnome-'), ('LC_ADDRESS', 'pt_BR.UTF-8'), ('GNOME_TERMINAL_SCREEN', '/org/gnome/Terminal/screen/f70c918e_603a_40e9_ad59_37335646557a'), ('XDG_RUNTIME_DIR', '/run/user/1000'), ('DISPLAY', ':0'), ('LANG', 'en_US.UTF-8'), ('XDG_CURRENT_DESKTOP', 'ubuntu:GNOME'), ('LC_TELEPHONE', 'pt_BR.UTF-8'), ('XMODIFIERS', '@im=ibus'), ('XDG_SESSION_DESKTOP', 'ubuntu-xorg'), ('XAUTHORITY', '/run/user/1000/gdm/Xauthority'), ('LS_COLORS', 'rs=0:di=01;34:ln=01;36:mh=00:pi=40;33:so=01;35:do=01;35:bd=40;33;01:cd=40;33;01:or=40;31;01:mi=00:su=37;41:sg=30;43:ca=30;41:tw=30;42:ow=34;42:st=37;44:ex=01;32:*.tar=01;31:*.tgz=01;31:*.arc=01;31:*.arj=01;31:*.taz=01;31:*.lha=01;31:*.lz4=01;31:*.lzh=01;31:*.lzma=01;31:*.tlz=01;31:*.txz=01;31:*.tzo=01;31:*.t7z=01;31:*.zip=01;31:*.z=01;31:*.dz=01;31:*.gz=01;31:*.lrz=01;31:*.lz=01;31:*.lzo=01;31:*.xz=01;31:*.zst=01;31:*.tzst=01;31:*.bz2=01;31:*.bz=01;31:*.tbz=01;31:*.tbz2=01;31:*.tz=01;31:*.deb=01;31:*.rpm=01;31:*.jar=01;31:*.war=01;31:*.ear=01;31:*.sar=01;31:*.rar=01;31:*.alz=01;31:*.ace=01;31:*.zoo=01;31:*.cpio=01;31:*.7z=01;31:*.rz=01;31:*.cab=01;31:*.wim=01;31:*.swm=01;31:*.dwm=01;31:*.esd=01;31:*.jpg=01;35:*.jpeg=01;35:*.mjpg=01;35:*.mjpeg=01;35:*.gif=01;35:*.bmp=01;35:*.pbm=01;35:*.pgm=01;35:*.ppm=01;35:*.tga=01;35:*.xbm=01;35:*.xpm=01;35:*.tif=01;35:*.tiff=01;35:*.png=01;35:*.svg=01;35:*.svgz=01;35:*.mng=01;35:*.pcx=01;35:*.mov=01;35:*.mpg=01;35:*.mpeg=01;35:*.m2v=01;35:*.mkv=01;35:*.webm=01;35:*.webp=01;35:*.ogm=01;35:*.mp4=01;35:*.m4v=01;35:*.mp4v=01;35:*.vob=01;35:*.qt=01;35:*.nuv=01;35:*.wmv=01;35:*.asf=01;35:*.rm=01;35:*.rmvb=01;35:*.flc=01;35:*.avi=01;35:*.fli=01;35:*.flv=01;35:*.gl=01;35:*.dl=01;35:*.xcf=01;35:*.xwd=01;35:*.yuv=01;35:*.cgm=01;35:*.emf=01;35:*.ogv=01;35:*.ogx=01;35:*.aac=00;36:*.au=00;36:*.flac=00;36:*.m4a=00;36:*.mid=00;36:*.midi=00;36:*.mka=00;36:*.mp3=00;36:*.mpc=00;36:*.ogg=00;36:*.ra=00;36:*.wav=00;36:*.oga=00;36:*.opus=00;36:*.spx=00;36:*.xspf=00;36:'), ('GNOME_TERMINAL_SERVICE', ':1.217'), ('SSH_AGENT_LAUNCHER', 'gnome-keyring'), ('SSH_AUTH_SOCK', '/run/user/1000/keyring/ssh'), ('AMENT_PREFIX_PATH', '/home/matheus/thesis_ws/install/thesis_interfaces:/home/matheus/thesis_ws/install/hal_signal_processing:/home/matheus/thesis_ws/install/hal_interfaces:/home/matheus/thesis_ws/install/hal_device_manager:/home/matheus/thesis_ws/install/game_unity_bridge:/home/matheus/thesis_ws/install/game_session:/home/matheus/thesis_ws/install/game_input_mapping:/home/matheus/thesis_ws/install/encoder_guidao:/home/matheus/thesis_ws/install/encoder_device:/home/matheus/thesis_ws/install/data_logger:/home/matheus/thesis_ws/install/controller_guidao:/home/matheus/Desktop/TestesROS2/ros_unity_ws/install/ros_tcp_endpoint:/home/matheus/Desktop/TestesROS2/microros_ws/install/micro_ros_setup:/home/matheus/Desktop/TestesROS2/microros_ws/install/micro_ros_agent:/home/matheus/Desktop/TestesROS2/microros_ws/install/micro_ros_msgs:/opt/ros/humble'), ('SHELL', '/bin/bash'), ('LC_NAME', 'pt_BR.UTF-8'), ('QT_ACCESSIBILITY', '1'), ('GDMSESSION', 'ubuntu-xorg'), ('LESSCLOSE', '/usr/bin/lesspipe %s %s'), ('LC_MEASUREMENT', 'pt_BR.UTF-8'), ('GPG_AGENT_INFO', '/run/user/1000/gnupg/S.gpg-agent:0:1'), ('LC_IDENTIFICATION', 'pt_BR.UTF-8'), ('QT_IM_MODULE', 'ibus'), ('PWD', '/home/matheus/thesis_ws/build/hal_interfaces'), ('LC_ALL', 'en_US.UTF-8'), ('XDG_CONFIG_DIRS', '/etc/xdg/xdg-ubuntu-xorg:/etc/xdg'), ('XDG_DATA_DIRS', '/usr/share/ubuntu-xorg:/usr/share/gnome:/usr/local/share/:/usr/share/:/var/lib/snapd/desktop'), ('PYTHONPATH', '/home/matheus/thesis_ws/install/hal_signal_processing/lib/python3.10/site-packages:/home/matheus/thesis_ws/install/hal_interfaces/local/lib/python3.10/dist-packages:/home/matheus/thesis_ws/install/hal_device_manager/lib/python3.10/site-packages:/home/matheus/thesis_ws/install/game_unity_bridge/lib/python3.10/site-packages:/home/matheus/thesis_ws/install/game_session/lib/python3.10/site-packages:/home/matheus/thesis_ws/install/game_input_mapping/lib/python3.10/site-packages:/home/matheus/thesis_ws/install/encoder_guidao/lib/python3.10/site-packages:/home/matheus/thesis_ws/install/encoder_device/lib/python3.10/site-packages:/home/matheus/thesis_ws/install/data_logger/lib/python3.10/site-packages:/home/matheus/thesis_ws/install/controller_guidao/lib/python3.10/site-packages:/home/matheus/Desktop/TestesROS2/ros_unity_ws/install/ros_tcp_endpoint/lib/python3.10/site-packages:/home/matheus/Desktop/TestesROS2/microros_ws/install/micro_ros_msgs/local/lib/python3.10/dist-packages:/opt/ros/humble/lib/python3.10/site-packages:/opt/ros/humble/local/lib/python3.10/dist-packages'), ('LC_NUMERIC', 'pt_BR.UTF-8'), ('LC_PAPER', 'pt_BR.UTF-8'), ('COLCON', '1'), ('VTE_VERSION', '6800'), ('CMAKE_PREFIX_PATH', '/home/matheus/thesis_ws/install/thesis_interfaces:/home/matheus/thesis_ws/install/hal_interfaces:/home/matheus/Desktop/TestesROS2/microros_ws/install/micro_ros_setup:/home/matheus/Desktop/TestesROS2/microros_ws/install/micro_ros_agent:/home/matheus/Desktop/TestesROS2/microros_ws/install/micro_ros_msgs:/home/matheus/thesis_ws/install/hal_signal_processing:/home/matheus/thesis_ws/install/hal_device_manager:/home/matheus/thesis_ws/install/game_unity_bridge:/home/matheus/thesis_ws/install/game_session:/home/matheus/thesis_ws/install/game_input_mapping:/home/matheus/thesis_ws/install/encoder_guidao:/home/matheus/thesis_ws/install/encoder_device:/home/matheus/thesis_ws/install/data_logger:/home/matheus/thesis_ws/install/controller_guidao:/home/matheus/Desktop/TestesROS2/ros_unity_ws/install/ros_tcp_endpoint:/opt/ros/humble')]), 'shell': False}
[1.960207] (hal_interfaces) StdoutLine: {'line': b'-- Install configuration: ""\n'}
[1.960443] (hal_interfaces) StdoutLine: {'line': b'-- Up-to-date: /home/matheus/thesis_ws/install/hal_interfaces/share/ament_index/resource_index/rosidl_interfaces/hal_interfaces\n'}
[1.960746] (hal_interfaces) StdoutLine: {'line': b'-- Up-to-date: /home/matheus/thesis_ws/install/hal_interfaces/include/hal_interfaces/hal_interfaces\n'}
[1.961017] (hal_interfaces) StdoutLine: {'line': b'-- Up-to-date: /home/matheus/thesis_ws/install/hal_interfaces/include/hal_interfaces/hal_interfaces/msg\n'}
[1.961078] (hal_interfaces) StdoutLine: {'line': b'-- Up-to-date: /home/matheus/thesis_ws/install/hal_interfaces/include/hal_interfaces/hal_interfaces/msg/rosidl_generator_c__visibility_control.h\n'}
[1.961161] (hal_interfaces) StdoutLine: {'line': b'-- Up-to-date: /home/matheus/thesis_ws/install/hal_interfaces/include/hal_interfaces/hal_interfaces/srv\n'}
[1.961224] (hal_interfaces) StdoutLine: {'line': b'-- Up-to-date: /home/matheus/thesis_ws/install/hal_interfaces/include/hal_interfaces/hal_interfaces/srv/set_string.h\n'}
[1.961282] (hal_interfaces) StdoutLine: {'line': b'-- Up-to-date: /home/matheus/thesis_ws/install/hal_interfaces/include/hal_interfaces/hal_interfaces/srv/detail\n'}
[1.961336] (hal_interfaces) StdoutLine: {'line': b'-- Up-to-date: /home/matheus/thesis_ws/install/hal_interfaces/include/hal_interfaces/hal_interfaces/srv/detail/set_string__struct.h\n'}
[1.961391] (hal_interfaces) StdoutLine: {'line': b'-- Up-to-date: /home/matheus/thesis_ws/install/hal_interfaces/include/hal_interfaces/hal_interfaces/srv/detail/set_string__functions.h\n'}
[1.961446] (hal_interfaces) StdoutLine: {'line': b'-- Up-to-date: /home/matheus/thesis_ws/install/hal_interfaces/include/hal_interfaces/hal_interfaces/srv/detail/set_string__type_support.h\n'}
[1.961509] (hal_interfaces) StdoutLine: {'line': b'-- Up-to-date: /home/matheus/thesis_ws/install/hal_interfaces/include/hal_interfaces/hal_interfaces/srv/detail/set_string__functions.c\n'}
[1.961676] (hal_interfaces) StdoutLine: {'line': b'-- Up-to-date: /home/matheus/thesis_ws/install/hal_interfaces/share/hal_interfaces/environment/library_path.sh\n'}
[1.961746] (hal_interfaces) StdoutLine: {'line': b'-- Up-to-date: /home/matheus/thesis_ws/install/hal_interfaces/share/hal_interfaces/environment/library_path.dsv\n'}
[1.961808] (hal_interfaces) StdoutLine: {'line': b'-- Up-to-date: /home/matheus/thesis_ws/install/hal_interfaces/lib/libhal_interfaces__rosidl_generator_c.so\n'}
[1.961861] (hal_interfaces) StdoutLine: {'line': b'-- Up-to-date: /home/matheus/thesis_ws/install/hal_interfaces/include/hal_interfaces/hal_interfaces\n'}
[1.961916] (hal_interfaces) StdoutLine: {'line': b'-- Up-to-date: /home/matheus/thesis_ws/install/hal_interfaces/include/hal_interfaces/hal_interfaces/msg\n'}
[1.961970] (thesis_interfaces) CommandEnded: {'returncode': 0}
[1.962502] (hal_interfaces) StdoutLine: {'line': b'-- Up-to-date: /home/matheus/thesis_ws/install/hal_interfaces/include/hal_interfaces/hal_interfaces/msg/rosidl_typesupport_fastrtps_c__visibility_control.h\n'}
[1.962602] (hal_interfaces) StdoutLine: {'line': b'-- Up-to-date: /home/matheus/thesis_ws/install/hal_interfaces/include/hal_interfaces/hal_interfaces/srv\n'}
[1.962657] (hal_interfaces) StdoutLine: {'line': b'-- Up-to-date: /home/matheus/thesis_ws/install/hal_interfaces/include/hal_interfaces/hal_interfaces/srv/detail\n'}
[1.962709] (hal_interfaces) StdoutLine: {'line': b'-- Up-to-date: /home/matheus/thesis_ws/install/hal_interfaces/include/hal_interfaces/hal_interfaces/srv/detail/set_string__rosidl_typesupport_fastrtps_c.h\n'}
[1.962761] (hal_interfaces) StdoutLine: {'line': b'-- Up-to-date: /home/matheus/thesis_ws/install/hal_interfaces/lib/libhal_interfaces__rosidl_typesupport_fastrtps_c.so\n'}
[1.962814] (hal_interfaces) StdoutLine: {'line': b'-- Up-to-date: /home/matheus/thesis_ws/install/hal_interfaces/include/hal_interfaces/hal_interfaces\n'}
[1.962865] (hal_interfaces) StdoutLine: {'line': b'-- Up-to-date: /home/matheus/thesis_ws/install/hal_interfaces/include/hal_interfaces/hal_interfaces/msg\n'}
[1.962911] (hal_interfaces) StdoutLine: {'line': b'-- Up-to-date: /home/matheus/thesis_ws/install/hal_interfaces/include/hal_interfaces/hal_interfaces/msg/rosidl_typesupport_introspection_c__visibility_control.h\n'}
[1.962976] (hal_interfaces) StdoutLine: {'line': b'-- Up-to-date: /home/matheus/thesis_ws/install/hal_interfaces/include/hal_interfaces/hal_interfaces/srv\n'}
[1.963027] (hal_interfaces) StdoutLine: {'line': b'-- Up-to-date: /home/matheus/thesis_ws/install/hal_interfaces/include/hal_interfaces/hal_interfaces/srv/detail\n'}
[1.963078] (hal_interfaces) StdoutLine: {'line': b'-- Up-to-date: /home/matheus/thesis_ws/install/hal_interfaces/include/hal_interfaces/hal_interfaces/srv/detail/set_string__type_support.c\n'}
[1.963133] (hal_interfaces) StdoutLine: {'line': b'-- Up-to-date: /home/matheus/thesis_ws/install/hal_interfaces/include/hal_interfaces/hal_interfaces/srv/detail/set_string__rosidl_typesupport_introspection_c.h\n'}
[1.963195] (hal_interfaces) StdoutLine: {'line': b'-- Up-to-date: /home/matheus/thesis_ws/install/hal_interfaces/lib/libhal_interfaces__rosidl_typesupport_introspection_c.so\n'}
[1.963247] (hal_interfaces) StdoutLine: {'line': b'-- Up-to-date: /home/matheus/thesis_ws/install/hal_interfaces/lib/libhal_interfaces__rosidl_typesupport_c.so\n'}
[1.963298] (hal_interfaces) StdoutLine: {'line': b'-- Up-to-date: /home/matheus/thesis_ws/install/hal_interfaces/include/hal_interfaces/hal_interfaces\n'}
[1.963344] (hal_interfaces) StdoutLine: {'line': b'-- Up-to-date: /home/matheus/thesis_ws/install/hal_interfaces/include/hal_interfaces/hal_interfaces/msg\n'}
[1.963392] (hal_interfaces) StdoutLine: {'line': b'-- Up-to-date: /home/matheus/thesis_ws/install/hal_interfaces/include/hal_interfaces/hal_interfaces/msg/rosidl_generator_cpp__visibility_control.hpp\n'}
[1.963439] (hal_interfaces) StdoutLine: {'line': b'-- Up-to-date: /home/matheus/thesis_ws/install/hal_interfaces/include/hal_interfaces/hal_interfaces/srv\n'}
[1.963484] (hal_interfaces) StdoutLine: {'line': b'-- Up-to-date: /home/matheus/thesis_ws/install/hal_interfaces/include/hal_interfaces/hal_interfaces/srv/set_string.hpp\n'}
[1.963543] (hal_interfaces) StdoutLine: {'line': b'-- Up-to-date: /home/matheus/thesis_ws/install/hal_interfaces/include/hal_interfaces/hal_interfaces/srv/detail\n'}
[1.963587] (hal_interfaces) StdoutLine: {'line': b'-- Up-to-date: /home/matheus/thesis_ws/install/hal_interfaces/include/hal_interfaces/hal_interfaces/srv/detail/set_string__builder.hpp\n'}
[1.963632] (hal_interfaces) StdoutLine: {'line': b'-- Up-to-date: /home/matheus/thesis_ws/install/hal_interfaces/include/hal_interfaces/hal_interfaces/srv/detail/set_string__struct.hpp\n'}
[1.963678] (hal_interfaces) StdoutLine: {'line': b'-- Up-to-date: /home/matheus/thesis_ws/install/hal_interfaces/include/hal_interfaces/hal_interfaces/srv/detail/set_string__type_support.hpp\n'}
[1.963725] (hal_interfaces) StdoutLine: {'line': b'-- Up-to-date: /home/matheus/thesis_ws/install/hal_interfaces/include/hal_interfaces/hal_interfaces/srv/detail/set_string__traits.hpp\n'}
[1.963775] (hal_interfaces) StdoutLine: {'line': b'-- Up-to-date: /home/matheus/thesis_ws/install/hal_interfaces/include/hal_interfaces/hal_interfaces\n'}
[1.963816] (hal_interfaces) StdoutLine: {'line': b'-- Up-to-date: /home/matheus/thesis_ws/install/hal_interfaces/include/hal_interfaces/hal_interfaces/msg\n'}
[1.963861] (hal_interfaces) StdoutLine: {'line': b'-- Up-to-date: /home/matheus/thesis_ws/install/hal_interfaces/include/hal_interfaces/hal_interfaces/msg/rosidl_typesupport_fastrtps_cpp__visibility_control.h\n'}
[1.963904] (hal_interfaces) StdoutLine: {'line': b'-- Up-to-date: /home/matheus/thesis_ws/install/hal_interfaces/include/hal_interfaces/hal_interfaces/srv\n'}
[1.963948] (hal_interfaces) StdoutLine: {'line': b'-- Up-to-date: /home/matheus/thesis_ws/install/hal_interfaces/include/hal_interfaces/hal_interfaces/srv/detail\n'}
[1.963996] (hal_interfaces) StdoutLine: {'line': b'-- Up-to-date: /home/matheus/thesis_ws/install/hal_interfaces/include/hal_interfaces/hal_interfaces/srv/detail/dds_fastrtps\n'}
[1.964040] (hal_interfaces) StdoutLine: {'line': b'-- Up-to-date: /home/matheus/thesis_ws/install/hal_interfaces/include/hal_interfaces/hal_interfaces/srv/detail/set_string__rosidl_typesupport_fastrtps_cpp.hpp\n'}
[1.964083] (hal_interfaces) StdoutLine: {'line': b'-- Up-to-date: /home/matheus/thesis_ws/install/hal_interfaces/lib/libhal_interfaces__rosidl_typesupport_fastrtps_cpp.so\n'}
[1.964123] (hal_interfaces) StdoutLine: {'line': b'-- Up-to-date: /home/matheus/thesis_ws/install/hal_interfaces/include/hal_interfaces/hal_interfaces\n'}
[1.964169] (hal_interfaces) StdoutLine: {'line': b'-- Up-to-date: /home/matheus/thesis_ws/install/hal_interfaces/include/hal_interfaces/hal_interfaces/srv\n'}
[1.964218] (hal_interfaces) StdoutLine: {'line': b'-- Up-to-date: /home/matheus/thesis_ws/install/hal_interfaces/include/hal_interfaces/hal_interfaces/srv/detail\n'}
[1.964259] (hal_interfaces) StdoutLine: {'line': b'-- Up-to-date: /home/matheus/thesis_ws/install/hal_interfaces/include/hal_interfaces/hal_interfaces/srv/detail/set_string__rosidl_typesupport_introspection_cpp.hpp\n'}
[1.964303] (hal_interfaces) StdoutLine: {'line': b'-- Up-to-date: /home/matheus/thesis_ws/install/hal_interfaces/include/hal_interfaces/hal_interfaces/srv/detail/set_string__type_support.cpp\n'}
[1.964350] (hal_interfaces) StdoutLine: {'line': b'-- Up-to-date: /home/matheus/thesis_ws/install/hal_interfaces/lib/libhal_interfaces__rosidl_typesupport_introspection_cpp.so\n'}
[1.964397] (hal_interfaces) StdoutLine: {'line': b'-- Up-to-date: /home/matheus/thesis_ws/install/hal_interfaces/lib/libhal_interfaces__rosidl_typesupport_cpp.so\n'}
[1.965444] (thesis_interfaces) JobProgress: {'identifier': 'thesis_interfaces', 'progress': 'install'}
[1.965593] (hal_interfaces) StdoutLine: {'line': b'-- Up-to-date: /home/matheus/thesis_ws/install/hal_interfaces/share/hal_interfaces/environment/pythonpath.sh\n'}
[1.965743] (hal_interfaces) StdoutLine: {'line': b'-- Up-to-date: /home/matheus/thesis_ws/install/hal_interfaces/share/hal_interfaces/environment/pythonpath.dsv\n'}
[1.965831] (hal_interfaces) StdoutLine: {'line': b'-- Up-to-date: /home/matheus/thesis_ws/install/hal_interfaces/local/lib/python3.10/dist-packages/hal_interfaces-0.0.0-py3.10.egg-info\n'}
[1.965889] (hal_interfaces) StdoutLine: {'line': b'-- Installing: /home/matheus/thesis_ws/install/hal_interfaces/local/lib/python3.10/dist-packages/hal_interfaces-0.0.0-py3.10.egg-info/dependency_links.txt\n'}
[1.965943] (hal_interfaces) StdoutLine: {'line': b'-- Installing: /home/matheus/thesis_ws/install/hal_interfaces/local/lib/python3.10/dist-packages/hal_interfaces-0.0.0-py3.10.egg-info/top_level.txt\n'}
[1.965995] (hal_interfaces) StdoutLine: {'line': b'-- Installing: /home/matheus/thesis_ws/install/hal_interfaces/local/lib/python3.10/dist-packages/hal_interfaces-0.0.0-py3.10.egg-info/SOURCES.txt\n'}
[1.966048] (hal_interfaces) StdoutLine: {'line': b'-- Installing: /home/matheus/thesis_ws/install/hal_interfaces/local/lib/python3.10/dist-packages/hal_interfaces-0.0.0-py3.10.egg-info/PKG-INFO\n'}
[1.966102] (hal_interfaces) StdoutLine: {'line': b'-- Up-to-date: /home/matheus/thesis_ws/install/hal_interfaces/local/lib/python3.10/dist-packages/hal_interfaces\n'}
[1.966161] (hal_interfaces) StdoutLine: {'line': b'-- Up-to-date: /home/matheus/thesis_ws/install/hal_interfaces/local/lib/python3.10/dist-packages/hal_interfaces/_hal_interfaces_s.ep.rosidl_typesupport_introspection_c.c\n'}
[1.966220] (hal_interfaces) StdoutLine: {'line': b'-- Up-to-date: /home/matheus/thesis_ws/install/hal_interfaces/local/lib/python3.10/dist-packages/hal_interfaces/srv\n'}
[1.966629] (hal_interfaces) StdoutLine: {'line': b'-- Up-to-date: /home/matheus/thesis_ws/install/hal_interfaces/local/lib/python3.10/dist-packages/hal_interfaces/srv/_set_string_s.c\n'}
[1.967277] (hal_interfaces) StdoutLine: {'line': b'-- Up-to-date: /home/matheus/thesis_ws/install/hal_interfaces/local/lib/python3.10/dist-packages/hal_interfaces/srv/_set_string.py\n'}
[1.967350] (hal_interfaces) StdoutLine: {'line': b'-- Up-to-date: /home/matheus/thesis_ws/install/hal_interfaces/local/lib/python3.10/dist-packages/hal_interfaces/srv/__init__.py\n'}
[1.967403] (hal_interfaces) StdoutLine: {'line': b'-- Up-to-date: /home/matheus/thesis_ws/install/hal_interfaces/local/lib/python3.10/dist-packages/hal_interfaces/libhal_interfaces__rosidl_generator_py.so\n'}
[1.967454] (hal_interfaces) StdoutLine: {'line': b'-- Up-to-date: /home/matheus/thesis_ws/install/hal_interfaces/local/lib/python3.10/dist-packages/hal_interfaces/_hal_interfaces_s.ep.rosidl_typesupport_c.c\n'}
[1.967516] (hal_interfaces) StdoutLine: {'line': b'-- Up-to-date: /home/matheus/thesis_ws/install/hal_interfaces/local/lib/python3.10/dist-packages/hal_interfaces/_hal_interfaces_s.ep.rosidl_typesupport_fastrtps_c.c\n'}
[1.967588] (hal_interfaces) StdoutLine: {'line': b'-- Up-to-date: /home/matheus/thesis_ws/install/hal_interfaces/local/lib/python3.10/dist-packages/hal_interfaces/hal_interfaces_s__rosidl_typesupport_fastrtps_c.cpython-310-x86_64-linux-gnu.so\n'}
[1.967641] (hal_interfaces) StdoutLine: {'line': b'-- Up-to-date: /home/matheus/thesis_ws/install/hal_interfaces/local/lib/python3.10/dist-packages/hal_interfaces/__init__.py\n'}
[1.967694] (hal_interfaces) StdoutLine: {'line': b'-- Up-to-date: /home/matheus/thesis_ws/install/hal_interfaces/local/lib/python3.10/dist-packages/hal_interfaces/hal_interfaces_s__rosidl_typesupport_introspection_c.cpython-310-x86_64-linux-gnu.so\n'}
[1.967746] (hal_interfaces) StdoutLine: {'line': b'-- Up-to-date: /home/matheus/thesis_ws/install/hal_interfaces/local/lib/python3.10/dist-packages/hal_interfaces/hal_interfaces_s__rosidl_typesupport_c.cpython-310-x86_64-linux-gnu.so\n'}
[1.967803] (thesis_interfaces) Command: {'cmd': ['/usr/bin/cmake', '--install', '/home/matheus/thesis_ws/build/thesis_interfaces'], 'cwd': '/home/matheus/thesis_ws/build/thesis_interfaces', 'env': OrderedDict([('LESSOPEN', '| /usr/bin/lesspipe %s'), ('USER', 'matheus'), ('LC_TIME', 'pt_BR.UTF-8'), ('XDG_SESSION_TYPE', 'x11'), ('SHLVL', '1'), ('LD_LIBRARY_PATH', '/home/matheus/thesis_ws/install/hal_interfaces/lib:/home/matheus/Desktop/TestesROS2/microros_ws/install/micro_ros_agent/lib:/home/matheus/Desktop/TestesROS2/microros_ws/install/micro_ros_msgs/lib:/opt/ros/humble/opt/rviz_ogre_vendor/lib:/opt/ros/humble/lib/x86_64-linux-gnu:/opt/ros/humble/lib'), ('HOME', '/home/matheus'), ('OLDPWD', '/home/matheus'), ('DESKTOP_SESSION', 'ubuntu-xorg'), ('ROS_PYTHON_VERSION', '3'), ('GNOME_SHELL_SESSION_MODE', 'ubuntu'), ('GTK_MODULES', 'gail:atk-bridge'), ('LC_MONETARY', 'pt_BR.UTF-8'), ('LC_CTYPE', 'pt_BR.UTF-8'), ('SYSTEMD_EXEC_PID', '1746'), ('DBUS_SESSION_BUS_ADDRESS', 'unix:path=/run/user/1000/bus'), ('COLORTERM', 'truecolor'), ('COLCON_PREFIX_PATH', '/home/matheus/thesis_ws/install:/home/matheus/Desktop/TestesROS2/ros_unity_ws/install:/home/matheus/Desktop/TestesROS2/microros_ws/install'), ('ROS_DISTRO', 'humble'), ('GTK_IM_MODULE', 'ibus'), ('LOGNAME', 'matheus'), ('_', '/usr/bin/colcon'), ('ROS_VERSION', '2'), ('XDG_SESSION_CLASS', 'user'), ('USERNAME', 'matheus'), ('TERM', 'xterm-256color'), ('GNOME_DESKTOP_SESSION_ID', 'this-is-deprecated'), ('ROS_LOCALHOST_ONLY', '0'), ('WINDOWPATH', '2'), ('PATH', '/opt/ros/humble/bin:/home/matheus/.local/bin:/usr/local/sbin:/usr/local/bin:/usr/sbin:/usr/bin:/sbin:/bin:/usr/games:/usr/local/games:/snap/bin:/snap/bin:/home/matheus/.platformio/penv/bin'), ('SESSION_MANAGER', 'local/matheus-300E5M-300E5L:@/tmp/.ICE-unix/1722,unix/matheus-300E5M-300E5L:/tmp/.ICE-unix/1722'), ('XDG_MENU_PREFIX', 'gnome-'), ('LC_ADDRESS', 'pt_BR.UTF-8'), ('GNOME_TERMINAL_SCREEN', '/org/gnome/Terminal/screen/f70c918e_603a_40e9_ad59_37335646557a'), ('XDG_RUNTIME_DIR', '/run/user/1000'), ('DISPLAY', ':0'), ('LANG', 'en_US.UTF-8'), ('XDG_CURRENT_DESKTOP', 'ubuntu:GNOME'), ('LC_TELEPHONE', 'pt_BR.UTF-8'), ('XMODIFIERS', '@im=ibus'), ('XDG_SESSION_DESKTOP', 'ubuntu-xorg'), ('XAUTHORITY', '/run/user/1000/gdm/Xauthority'), ('LS_COLORS', 'rs=0:di=01;34:ln=01;36:mh=00:pi=40;33:so=01;35:do=01;35:bd=40;33;01:cd=40;33;01:or=40;31;01:mi=00:su=37;41:sg=30;43:ca=30;41:tw=30;42:ow=34;42:st=37;44:ex=01;32:*.tar=01;31:*.tgz=01;31:*.arc=01;31:*.arj=01;31:*.taz=01;31:*.lha=01;31:*.lz4=01;31:*.lzh=01;31:*.lzma=01;31:*.tlz=01;31:*.txz=01;31:*.tzo=01;31:*.t7z=01;31:*.zip=01;31:*.z=01;31:*.dz=01;31:*.gz=01;31:*.lrz=01;31:*.lz=01;31:*.lzo=01;31:*.xz=01;31:*.zst=01;31:*.tzst=01;31:*.bz2=01;31:*.bz=01;31:*.tbz=01;31:*.tbz2=01;31:*.tz=01;31:*.deb=01;31:*.rpm=01;31:*.jar=01;31:*.war=01;31:*.ear=01;31:*.sar=01;31:*.rar=01;31:*.alz=01;31:*.ace=01;31:*.zoo=01;31:*.cpio=01;31:*.7z=01;31:*.rz=01;31:*.cab=01;31:*.wim=01;31:*.swm=01;31:*.dwm=01;31:*.esd=01;31:*.jpg=01;35:*.jpeg=01;35:*.mjpg=01;35:*.mjpeg=01;35:*.gif=01;35:*.bmp=01;35:*.pbm=01;35:*.pgm=01;35:*.ppm=01;35:*.tga=01;35:*.xbm=01;35:*.xpm=01;35:*.tif=01;35:*.tiff=01;35:*.png=01;35:*.svg=01;35:*.svgz=01;35:*.mng=01;35:*.pcx=01;35:*.mov=01;35:*.mpg=01;35:*.mpeg=01;35:*.m2v=01;35:*.mkv=01;35:*.webm=01;35:*.webp=01;35:*.ogm=01;35:*.mp4=01;35:*.m4v=01;35:*.mp4v=01;35:*.vob=01;35:*.qt=01;35:*.nuv=01;35:*.wmv=01;35:*.asf=01;35:*.rm=01;35:*.rmvb=01;35:*.flc=01;35:*.avi=01;35:*.fli=01;35:*.flv=01;35:*.gl=01;35:*.dl=01;35:*.xcf=01;35:*.xwd=01;35:*.yuv=01;35:*.cgm=01;35:*.emf=01;35:*.ogv=01;35:*.ogx=01;35:*.aac=00;36:*.au=00;36:*.flac=00;36:*.m4a=00;36:*.mid=00;36:*.midi=00;36:*.mka=00;36:*.mp3=00;36:*.mpc=00;36:*.ogg=00;36:*.ra=00;36:*.wav=00;36:*.oga=00;36:*.opus=00;36:*.spx=00;36:*.xspf=00;36:'), ('GNOME_TERMINAL_SERVICE', ':1.217'), ('SSH_AGENT_LAUNCHER', 'gnome-keyring'), ('SSH_AUTH_SOCK', '/run/user/1000/keyring/ssh'), ('AMENT_PREFIX_PATH', '/home/matheus/thesis_ws/install/thesis_interfaces:/home/matheus/thesis_ws/install/hal_signal_processing:/home/matheus/thesis_ws/install/hal_interfaces:/home/matheus/thesis_ws/install/hal_device_manager:/home/matheus/thesis_ws/install/game_unity_bridge:/home/matheus/thesis_ws/install/game_session:/home/matheus/thesis_ws/install/game_input_mapping:/home/matheus/thesis_ws/install/encoder_guidao:/home/matheus/thesis_ws/install/encoder_device:/home/matheus/thesis_ws/install/data_logger:/home/matheus/thesis_ws/install/controller_guidao:/home/matheus/Desktop/TestesROS2/ros_unity_ws/install/ros_tcp_endpoint:/home/matheus/Desktop/TestesROS2/microros_ws/install/micro_ros_setup:/home/matheus/Desktop/TestesROS2/microros_ws/install/micro_ros_agent:/home/matheus/Desktop/TestesROS2/microros_ws/install/micro_ros_msgs:/opt/ros/humble'), ('SHELL', '/bin/bash'), ('LC_NAME', 'pt_BR.UTF-8'), ('QT_ACCESSIBILITY', '1'), ('GDMSESSION', 'ubuntu-xorg'), ('LESSCLOSE', '/usr/bin/lesspipe %s %s'), ('LC_MEASUREMENT', 'pt_BR.UTF-8'), ('GPG_AGENT_INFO', '/run/user/1000/gnupg/S.gpg-agent:0:1'), ('LC_IDENTIFICATION', 'pt_BR.UTF-8'), ('QT_IM_MODULE', 'ibus'), ('PWD', '/home/matheus/thesis_ws/build/thesis_interfaces'), ('LC_ALL', 'en_US.UTF-8'), ('XDG_CONFIG_DIRS', '/etc/xdg/xdg-ubuntu-xorg:/etc/xdg'), ('XDG_DATA_DIRS', '/usr/share/ubuntu-xorg:/usr/share/gnome:/usr/local/share/:/usr/share/:/var/lib/snapd/desktop'), ('PYTHONPATH', '/home/matheus/thesis_ws/install/hal_signal_processing/lib/python3.10/site-packages:/home/matheus/thesis_ws/install/hal_interfaces/local/lib/python3.10/dist-packages:/home/matheus/thesis_ws/install/hal_device_manager/lib/python3.10/site-packages:/home/matheus/thesis_ws/install/game_unity_bridge/lib/python3.10/site-packages:/home/matheus/thesis_ws/install/game_session/lib/python3.10/site-packages:/home/matheus/thesis_ws/install/game_input_mapping/lib/python3.10/site-packages:/home/matheus/thesis_ws/install/encoder_guidao/lib/python3.10/site-packages:/home/matheus/thesis_ws/install/encoder_device/lib/python3.10/site-packages:/home/matheus/thesis_ws/install/data_logger/lib/python3.10/site-packages:/home/matheus/thesis_ws/install/controller_guidao/lib/python3.10/site-packages:/home/matheus/Desktop/TestesROS2/ros_unity_ws/install/ros_tcp_endpoint/lib/python3.10/site-packages:/home/matheus/Desktop/TestesROS2/microros_ws/install/micro_ros_msgs/local/lib/python3.10/dist-packages:/opt/ros/humble/lib/python3.10/site-packages:/opt/ros/humble/local/lib/python3.10/dist-packages'), ('LC_NUMERIC', 'pt_BR.UTF-8'), ('LC_PAPER', 'pt_BR.UTF-8'), ('COLCON', '1'), ('VTE_VERSION', '6800'), ('CMAKE_PREFIX_PATH', '/home/matheus/thesis_ws/install/thesis_interfaces:/home/matheus/thesis_ws/install/hal_interfaces:/home/matheus/Desktop/TestesROS2/microros_ws/install/micro_ros_setup:/home/matheus/Desktop/TestesROS2/microros_ws/install/micro_ros_agent:/home/matheus/Desktop/TestesROS2/microros_ws/install/micro_ros_msgs:/home/matheus/thesis_ws/install/hal_signal_processing:/home/matheus/thesis_ws/install/hal_device_manager:/home/matheus/thesis_ws/install/game_unity_bridge:/home/matheus/thesis_ws/install/game_session:/home/matheus/thesis_ws/install/game_input_mapping:/home/matheus/thesis_ws/install/encoder_guidao:/home/matheus/thesis_ws/install/encoder_device:/home/matheus/thesis_ws/install/data_logger:/home/matheus/thesis_ws/install/controller_guidao:/home/matheus/Desktop/TestesROS2/ros_unity_ws/install/ros_tcp_endpoint:/opt/ros/humble')]), 'shell': False}
[1.974887] (thesis_interfaces) StdoutLine: {'line': b'-- Install configuration: ""\n'}
[1.975186] (thesis_interfaces) StdoutLine: {'line': b'-- Up-to-date: /home/matheus/thesis_ws/install/thesis_interfaces/share/ament_index/resource_index/package_run_dependencies/thesis_interfaces\n'}
[1.975312] (thesis_interfaces) StdoutLine: {'line': b'-- Up-to-date: /home/matheus/thesis_ws/install/thesis_interfaces/share/ament_index/resource_index/parent_prefix_path/thesis_interfaces\n'}
[1.975374] (thesis_interfaces) StdoutLine: {'line': b'-- Up-to-date: /home/matheus/thesis_ws/install/thesis_interfaces/share/thesis_interfaces/environment/ament_prefix_path.sh\n'}
[1.975431] (thesis_interfaces) StdoutLine: {'line': b'-- Up-to-date: /home/matheus/thesis_ws/install/thesis_interfaces/share/thesis_interfaces/environment/ament_prefix_path.dsv\n'}
[1.975510] (thesis_interfaces) StdoutLine: {'line': b'-- Up-to-date: /home/matheus/thesis_ws/install/thesis_interfaces/share/thesis_interfaces/environment/path.sh\n'}
[1.975634] (thesis_interfaces) StdoutLine: {'line': b'-- Up-to-date: /home/matheus/thesis_ws/install/thesis_interfaces/share/thesis_interfaces/environment/path.dsv\n'}
[1.975692] (thesis_interfaces) StdoutLine: {'line': b'-- Up-to-date: /home/matheus/thesis_ws/install/thesis_interfaces/share/thesis_interfaces/local_setup.bash\n'}
[1.975745] (thesis_interfaces) StdoutLine: {'line': b'-- Up-to-date: /home/matheus/thesis_ws/install/thesis_interfaces/share/thesis_interfaces/local_setup.sh\n'}
[1.975798] (thesis_interfaces) StdoutLine: {'line': b'-- Up-to-date: /home/matheus/thesis_ws/install/thesis_interfaces/share/thesis_interfaces/local_setup.zsh\n'}
[1.975853] (thesis_interfaces) StdoutLine: {'line': b'-- Up-to-date: /home/matheus/thesis_ws/install/thesis_interfaces/share/thesis_interfaces/local_setup.dsv\n'}
[1.975904] (thesis_interfaces) StdoutLine: {'line': b'-- Installing: /home/matheus/thesis_ws/install/thesis_interfaces/share/thesis_interfaces/package.dsv\n'}
[1.975953] (thesis_interfaces) StdoutLine: {'line': b'-- Up-to-date: /home/matheus/thesis_ws/install/thesis_interfaces/share/ament_index/resource_index/packages/thesis_interfaces\n'}
[1.976014] (thesis_interfaces) StdoutLine: {'line': b'-- Up-to-date: /home/matheus/thesis_ws/install/thesis_interfaces/share/thesis_interfaces/cmake/thesis_interfacesConfig.cmake\n'}
[1.976069] (thesis_interfaces) StdoutLine: {'line': b'-- Up-to-date: /home/matheus/thesis_ws/install/thesis_interfaces/share/thesis_interfaces/cmake/thesis_interfacesConfig-version.cmake\n'}
[1.976122] (thesis_interfaces) StdoutLine: {'line': b'-- Up-to-date: /home/matheus/thesis_ws/install/thesis_interfaces/share/thesis_interfaces/package.xml\n'}
[1.978106] (thesis_interfaces) CommandEnded: {'returncode': 0}
[1.995230] (hal_interfaces) StdoutLine: {'line': b"Listing '/home/matheus/thesis_ws/install/hal_interfaces/local/lib/python3.10/dist-packages/hal_interfaces'...\n"}
[1.995438] (hal_interfaces) StdoutLine: {'line': b"Listing '/home/matheus/thesis_ws/install/hal_interfaces/local/lib/python3.10/dist-packages/hal_interfaces/srv'...\n"}
[2.002794] (hal_interfaces) StdoutLine: {'line': b'-- Up-to-date: /home/matheus/thesis_ws/install/hal_interfaces/local/lib/python3.10/dist-packages/hal_interfaces/hal_interfaces_s__rosidl_typesupport_fastrtps_c.cpython-310-x86_64-linux-gnu.so\n'}
[2.002981] (hal_interfaces) StdoutLine: {'line': b'-- Up-to-date: /home/matheus/thesis_ws/install/hal_interfaces/local/lib/python3.10/dist-packages/hal_interfaces/hal_interfaces_s__rosidl_typesupport_introspection_c.cpython-310-x86_64-linux-gnu.so\n'}
[2.003058] (hal_interfaces) StdoutLine: {'line': b'-- Up-to-date: /home/matheus/thesis_ws/install/hal_interfaces/local/lib/python3.10/dist-packages/hal_interfaces/hal_interfaces_s__rosidl_typesupport_c.cpython-310-x86_64-linux-gnu.so\n'}
[2.003140] (hal_interfaces) StdoutLine: {'line': b'-- Up-to-date: /home/matheus/thesis_ws/install/hal_interfaces/lib/libhal_interfaces__rosidl_generator_py.so\n'}
[2.003206] (hal_interfaces) StdoutLine: {'line': b'-- Up-to-date: /home/matheus/thesis_ws/install/hal_interfaces/share/ament_index/resource_index/rust_packages/hal_interfaces\n'}
[2.003301] (hal_interfaces) StdoutLine: {'line': b'-- Up-to-date: /home/matheus/thesis_ws/install/hal_interfaces/share/hal_interfaces/rust\n'}
[2.003363] (hal_interfaces) StdoutLine: {'line': b'-- Up-to-date: /home/matheus/thesis_ws/install/hal_interfaces/share/hal_interfaces/rust/Cargo.toml\n'}
[2.003416] (hal_interfaces) StdoutLine: {'line': b'-- Up-to-date: /home/matheus/thesis_ws/install/hal_interfaces/share/hal_interfaces/rust/src\n'}
[2.003510] (hal_interfaces) StdoutLine: {'line': b'-- Up-to-date: /home/matheus/thesis_ws/install/hal_interfaces/share/hal_interfaces/rust/src/lib.rs\n'}
[2.003585] (hal_interfaces) StdoutLine: {'line': b'-- Up-to-date: /home/matheus/thesis_ws/install/hal_interfaces/share/hal_interfaces/rust/src/srv\n'}
[2.003642] (hal_interfaces) StdoutLine: {'line': b'-- Up-to-date: /home/matheus/thesis_ws/install/hal_interfaces/share/hal_interfaces/rust/src/srv/rmw.rs\n'}
[2.003698] (hal_interfaces) StdoutLine: {'line': b'-- Up-to-date: /home/matheus/thesis_ws/install/hal_interfaces/share/hal_interfaces/rust/src/srv.rs\n'}
[2.003751] (hal_interfaces) StdoutLine: {'line': b'-- Up-to-date: /home/matheus/thesis_ws/install/hal_interfaces/share/hal_interfaces/rust/build.rs\n'}
[2.003806] (hal_interfaces) StdoutLine: {'line': b'-- Up-to-date: /home/matheus/thesis_ws/install/hal_interfaces/share/hal_interfaces/srv/SetString.idl\n'}
[2.003862] (hal_interfaces) StdoutLine: {'line': b'-- Up-to-date: /home/matheus/thesis_ws/install/hal_interfaces/share/hal_interfaces/srv/SetString.srv\n'}
[2.003910] (hal_interfaces) StdoutLine: {'line': b'-- Up-to-date: /home/matheus/thesis_ws/install/hal_interfaces/share/hal_interfaces/srv/SetString_Request.msg\n'}
[2.003956] (hal_interfaces) StdoutLine: {'line': b'-- Up-to-date: /home/matheus/thesis_ws/install/hal_interfaces/share/hal_interfaces/srv/SetString_Response.msg\n'}
[2.004007] (hal_interfaces) StdoutLine: {'line': b'-- Up-to-date: /home/matheus/thesis_ws/install/hal_interfaces/share/ament_index/resource_index/package_run_dependencies/hal_interfaces\n'}
[2.004057] (hal_interfaces) StdoutLine: {'line': b'-- Up-to-date: /home/matheus/thesis_ws/install/hal_interfaces/share/ament_index/resource_index/parent_prefix_path/hal_interfaces\n'}
[2.004109] (hal_interfaces) StdoutLine: {'line': b'-- Up-to-date: /home/matheus/thesis_ws/install/hal_interfaces/share/hal_interfaces/environment/ament_prefix_path.sh\n'}
[2.004160] (hal_interfaces) StdoutLine: {'line': b'-- Up-to-date: /home/matheus/thesis_ws/install/hal_interfaces/share/hal_interfaces/environment/ament_prefix_path.dsv\n'}
[2.004213] (hal_interfaces) StdoutLine: {'line': b'-- Up-to-date: /home/matheus/thesis_ws/install/hal_interfaces/share/hal_interfaces/environment/path.sh\n'}
[2.004277] (hal_interfaces) StdoutLine: {'line': b'-- Up-to-date: /home/matheus/thesis_ws/install/hal_interfaces/share/hal_interfaces/environment/path.dsv\n'}
[2.004333] (hal_interfaces) StdoutLine: {'line': b'-- Up-to-date: /home/matheus/thesis_ws/install/hal_interfaces/share/hal_interfaces/local_setup.bash\n'}
[2.004386] (hal_interfaces) StdoutLine: {'line': b'-- Up-to-date: /home/matheus/thesis_ws/install/hal_interfaces/share/hal_interfaces/local_setup.sh\n'}
[2.004441] (hal_interfaces) StdoutLine: {'line': b'-- Up-to-date: /home/matheus/thesis_ws/install/hal_interfaces/share/hal_interfaces/local_setup.zsh\n'}
[2.004508] (hal_interfaces) StdoutLine: {'line': b'-- Up-to-date: /home/matheus/thesis_ws/install/hal_interfaces/share/hal_interfaces/local_setup.dsv\n'}
[2.004676] (hal_interfaces) StdoutLine: {'line': b'-- Installing: /home/matheus/thesis_ws/install/hal_interfaces/share/hal_interfaces/package.dsv\n'}
[2.004758] (hal_interfaces) StdoutLine: {'line': b'-- Up-to-date: /home/matheus/thesis_ws/install/hal_interfaces/share/ament_index/resource_index/packages/hal_interfaces\n'}
[2.004839] (hal_interfaces) StdoutLine: {'line': b'-- Up-to-date: /home/matheus/thesis_ws/install/hal_interfaces/share/hal_interfaces/cmake/export_hal_interfaces__rosidl_generator_cExport.cmake\n'}
[2.004914] (hal_interfaces) StdoutLine: {'line': b'-- Up-to-date: /home/matheus/thesis_ws/install/hal_interfaces/share/hal_interfaces/cmake/export_hal_interfaces__rosidl_generator_cExport-noconfig.cmake\n'}
[2.004981] (hal_interfaces) StdoutLine: {'line': b'-- Up-to-date: /home/matheus/thesis_ws/install/hal_interfaces/share/hal_interfaces/cmake/export_hal_interfaces__rosidl_typesupport_fastrtps_cExport.cmake\n'}
[2.005052] (hal_interfaces) StdoutLine: {'line': b'-- Up-to-date: /home/matheus/thesis_ws/install/hal_interfaces/share/hal_interfaces/cmake/export_hal_interfaces__rosidl_typesupport_fastrtps_cExport-noconfig.cmake\n'}
[2.005124] (hal_interfaces) StdoutLine: {'line': b'-- Up-to-date: /home/matheus/thesis_ws/install/hal_interfaces/share/hal_interfaces/cmake/hal_interfaces__rosidl_typesupport_introspection_cExport.cmake\n'}
[2.005198] (hal_interfaces) StdoutLine: {'line': b'-- Up-to-date: /home/matheus/thesis_ws/install/hal_interfaces/share/hal_interfaces/cmake/hal_interfaces__rosidl_typesupport_introspection_cExport-noconfig.cmake\n'}
[2.005268] (hal_interfaces) StdoutLine: {'line': b'-- Up-to-date: /home/matheus/thesis_ws/install/hal_interfaces/share/hal_interfaces/cmake/hal_interfaces__rosidl_typesupport_cExport.cmake\n'}
[2.005338] (hal_interfaces) StdoutLine: {'line': b'-- Up-to-date: /home/matheus/thesis_ws/install/hal_interfaces/share/hal_interfaces/cmake/hal_interfaces__rosidl_typesupport_cExport-noconfig.cmake\n'}
[2.005412] (hal_interfaces) StdoutLine: {'line': b'-- Up-to-date: /home/matheus/thesis_ws/install/hal_interfaces/share/hal_interfaces/cmake/export_hal_interfaces__rosidl_generator_cppExport.cmake\n'}
[2.005482] (hal_interfaces) StdoutLine: {'line': b'-- Up-to-date: /home/matheus/thesis_ws/install/hal_interfaces/share/hal_interfaces/cmake/export_hal_interfaces__rosidl_typesupport_fastrtps_cppExport.cmake\n'}
[2.005580] (hal_interfaces) StdoutLine: {'line': b'-- Up-to-date: /home/matheus/thesis_ws/install/hal_interfaces/share/hal_interfaces/cmake/export_hal_interfaces__rosidl_typesupport_fastrtps_cppExport-noconfig.cmake\n'}
[2.005660] (hal_interfaces) StdoutLine: {'line': b'-- Up-to-date: /home/matheus/thesis_ws/install/hal_interfaces/share/hal_interfaces/cmake/hal_interfaces__rosidl_typesupport_introspection_cppExport.cmake\n'}
[2.005735] (hal_interfaces) StdoutLine: {'line': b'-- Up-to-date: /home/matheus/thesis_ws/install/hal_interfaces/share/hal_interfaces/cmake/hal_interfaces__rosidl_typesupport_introspection_cppExport-noconfig.cmake\n'}
[2.005821] (hal_interfaces) StdoutLine: {'line': b'-- Up-to-date: /home/matheus/thesis_ws/install/hal_interfaces/share/hal_interfaces/cmake/hal_interfaces__rosidl_typesupport_cppExport.cmake\n'}
[2.005887] (-) TimerEvent: {}
[2.006074] (hal_interfaces) StdoutLine: {'line': b'-- Up-to-date: /home/matheus/thesis_ws/install/hal_interfaces/share/hal_interfaces/cmake/hal_interfaces__rosidl_typesupport_cppExport-noconfig.cmake\n'}
[2.006178] (hal_interfaces) StdoutLine: {'line': b'-- Up-to-date: /home/matheus/thesis_ws/install/hal_interfaces/share/hal_interfaces/cmake/export_hal_interfaces__rosidl_generator_pyExport.cmake\n'}
[2.006251] (hal_interfaces) StdoutLine: {'line': b'-- Up-to-date: /home/matheus/thesis_ws/install/hal_interfaces/share/hal_interfaces/cmake/export_hal_interfaces__rosidl_generator_pyExport-noconfig.cmake\n'}
[2.006333] (hal_interfaces) StdoutLine: {'line': b'-- Up-to-date: /home/matheus/thesis_ws/install/hal_interfaces/share/hal_interfaces/cmake/rosidl_cmake-extras.cmake\n'}
[2.006403] (hal_interfaces) StdoutLine: {'line': b'-- Up-to-date: /home/matheus/thesis_ws/install/hal_interfaces/share/hal_interfaces/cmake/ament_cmake_export_include_directories-extras.cmake\n'}
[2.006470] (hal_interfaces) StdoutLine: {'line': b'-- Up-to-date: /home/matheus/thesis_ws/install/hal_interfaces/share/hal_interfaces/cmake/ament_cmake_export_libraries-extras.cmake\n'}
[2.006564] (hal_interfaces) StdoutLine: {'line': b'-- Up-to-date: /home/matheus/thesis_ws/install/hal_interfaces/share/hal_interfaces/cmake/ament_cmake_export_targets-extras.cmake\n'}
[2.006634] (hal_interfaces) StdoutLine: {'line': b'-- Up-to-date: /home/matheus/thesis_ws/install/hal_interfaces/share/hal_interfaces/cmake/rosidl_cmake_export_typesupport_targets-extras.cmake\n'}
[2.006701] (hal_interfaces) StdoutLine: {'line': b'-- Up-to-date: /home/matheus/thesis_ws/install/hal_interfaces/share/hal_interfaces/cmake/ament_cmake_export_dependencies-extras.cmake\n'}
[2.006768] (hal_interfaces) StdoutLine: {'line': b'-- Up-to-date: /home/matheus/thesis_ws/install/hal_interfaces/share/hal_interfaces/cmake/rosidl_cmake_export_typesupport_libraries-extras.cmake\n'}
[2.006834] (hal_interfaces) StdoutLine: {'line': b'-- Up-to-date: /home/matheus/thesis_ws/install/hal_interfaces/share/hal_interfaces/cmake/rosidl_cmake_aggregate_target-extras.cmake\n'}
[2.006901] (hal_interfaces) StdoutLine: {'line': b'-- Up-to-date: /home/matheus/thesis_ws/install/hal_interfaces/share/hal_interfaces/cmake/hal_interfacesConfig.cmake\n'}
[2.006969] (hal_interfaces) StdoutLine: {'line': b'-- Up-to-date: /home/matheus/thesis_ws/install/hal_interfaces/share/hal_interfaces/cmake/hal_interfacesConfig-version.cmake\n'}
[2.007036] (hal_interfaces) StdoutLine: {'line': b'-- Up-to-date: /home/matheus/thesis_ws/install/hal_interfaces/share/hal_interfaces/package.xml\n'}
[2.039718] (thesis_interfaces) JobEnded: {'identifier': 'thesis_interfaces', 'rc': 0}
[2.042129] (hal_interfaces) CommandEnded: {'returncode': 0}
[2.079959] (hal_interfaces) JobEnded: {'identifier': 'hal_interfaces', 'rc': 0}
[2.105989] (-) TimerEvent: {}
[2.206286] (-) TimerEvent: {}
[2.257492] (game_unity_bridge) Command: {'cmd': ['/usr/bin/python3', '-W', 'ignore:setup.py install is deprecated', '-W', 'ignore:easy_install command is deprecated', 'setup.py', 'egg_info', '--egg-base', '../../build/game_unity_bridge', 'build', '--build-base', '/home/matheus/thesis_ws/build/game_unity_bridge/build', 'install', '--record', '/home/matheus/thesis_ws/build/game_unity_bridge/install.log', '--install-scripts', '$base/lib/game_unity_bridge', '--single-version-externally-managed', 'install_data'], 'cwd': '/home/matheus/thesis_ws/src/game_unity_bridge', 'env': {'LESSOPEN': '| /usr/bin/lesspipe %s', 'USER': 'matheus', 'LC_TIME': 'pt_BR.UTF-8', 'XDG_SESSION_TYPE': 'x11', 'SHLVL': '1', 'LD_LIBRARY_PATH': '/home/matheus/thesis_ws/install/hal_interfaces/lib:/home/matheus/Desktop/TestesROS2/microros_ws/install/micro_ros_agent/lib:/home/matheus/Desktop/TestesROS2/microros_ws/install/micro_ros_msgs/lib:/opt/ros/humble/opt/rviz_ogre_vendor/lib:/opt/ros/humble/lib/x86_64-linux-gnu:/opt/ros/humble/lib', 'HOME': '/home/matheus', 'OLDPWD': '/home/matheus', 'DESKTOP_SESSION': 'ubuntu-xorg', 'ROS_PYTHON_VERSION': '3', 'GNOME_SHELL_SESSION_MODE': 'ubuntu', 'GTK_MODULES': 'gail:atk-bridge', 'LC_MONETARY': 'pt_BR.UTF-8', 'LC_CTYPE': 'pt_BR.UTF-8', 'SYSTEMD_EXEC_PID': '1746', 'DBUS_SESSION_BUS_ADDRESS': 'unix:path=/run/user/1000/bus', 'COLORTERM': 'truecolor', 'COLCON_PREFIX_PATH': '/home/matheus/thesis_ws/install:/home/matheus/Desktop/TestesROS2/ros_unity_ws/install:/home/matheus/Desktop/TestesROS2/microros_ws/install', 'ROS_DISTRO': 'humble', 'GTK_IM_MODULE': 'ibus', 'LOGNAME': 'matheus', '_': '/usr/bin/colcon', 'ROS_VERSION': '2', 'XDG_SESSION_CLASS': 'user', 'USERNAME': 'matheus', 'TERM': 'xterm-256color', 'GNOME_DESKTOP_SESSION_ID': 'this-is-deprecated', 'ROS_LOCALHOST_ONLY': '0', 'WINDOWPATH': '2', 'PATH': '/opt/ros/humble/bin:/home/matheus/.local/bin:/usr/local/sbin:/usr/local/bin:/usr/sbin:/usr/bin:/sbin:/bin:/usr/games:/usr/local/games:/snap/bin:/snap/bin:/home/matheus/.platformio/penv/bin', 'SESSION_MANAGER': 'local/matheus-300E5M-300E5L:@/tmp/.ICE-unix/1722,unix/matheus-300E5M-300E5L:/tmp/.ICE-unix/1722', 'XDG_MENU_PREFIX': 'gnome-', 'LC_ADDRESS': 'pt_BR.UTF-8', 'GNOME_TERMINAL_SCREEN': '/org/gnome/Terminal/screen/f70c918e_603a_40e9_ad59_37335646557a', 'XDG_RUNTIME_DIR': '/run/user/1000', 'DISPLAY': ':0', 'LANG': 'en_US.UTF-8', 'XDG_CURRENT_DESKTOP': 'ubuntu:GNOME', 'LC_TELEPHONE': 'pt_BR.UTF-8', 'XMODIFIERS': '@im=ibus', 'XDG_SESSION_DESKTOP': 'ubuntu-xorg', 'XAUTHORITY': '/run/user/1000/gdm/Xauthority', 'LS_COLORS': 'rs=0:di=01;34:ln=01;36:mh=00:pi=40;33:so=01;35:do=01;35:bd=40;33;01:cd=40;33;01:or=40;31;01:mi=00:su=37;41:sg=30;43:ca=30;41:tw=30;42:ow=34;42:st=37;44:ex=01;32:*.tar=01;31:*.tgz=01;31:*.arc=01;31:*.arj=01;31:*.taz=01;31:*.lha=01;31:*.lz4=01;31:*.lzh=01;31:*.lzma=01;31:*.tlz=01;31:*.txz=01;31:*.tzo=01;31:*.t7z=01;31:*.zip=01;31:*.z=01;31:*.dz=01;31:*.gz=01;31:*.lrz=01;31:*.lz=01;31:*.lzo=01;31:*.xz=01;31:*.zst=01;31:*.tzst=01;31:*.bz2=01;31:*.bz=01;31:*.tbz=01;31:*.tbz2=01;31:*.tz=01;31:*.deb=01;31:*.rpm=01;31:*.jar=01;31:*.war=01;31:*.ear=01;31:*.sar=01;31:*.rar=01;31:*.alz=01;31:*.ace=01;31:*.zoo=01;31:*.cpio=01;31:*.7z=01;31:*.rz=01;31:*.cab=01;31:*.wim=01;31:*.swm=01;31:*.dwm=01;31:*.esd=01;31:*.jpg=01;35:*.jpeg=01;35:*.mjpg=01;35:*.mjpeg=01;35:*.gif=01;35:*.bmp=01;35:*.pbm=01;35:*.pgm=01;35:*.ppm=01;35:*.tga=01;35:*.xbm=01;35:*.xpm=01;35:*.tif=01;35:*.tiff=01;35:*.png=01;35:*.svg=01;35:*.svgz=01;35:*.mng=01;35:*.pcx=01;35:*.mov=01;35:*.mpg=01;35:*.mpeg=01;35:*.m2v=01;35:*.mkv=01;35:*.webm=01;35:*.webp=01;35:*.ogm=01;35:*.mp4=01;35:*.m4v=01;35:*.mp4v=01;35:*.vob=01;35:*.qt=01;35:*.nuv=01;35:*.wmv=01;35:*.asf=01;35:*.rm=01;35:*.rmvb=01;35:*.flc=01;35:*.avi=01;35:*.fli=01;35:*.flv=01;35:*.gl=01;35:*.dl=01;35:*.xcf=01;35:*.xwd=01;35:*.yuv=01;35:*.cgm=01;35:*.emf=01;35:*.ogv=01;35:*.ogx=01;35:*.aac=00;36:*.au=00;36:*.flac=00;36:*.m4a=00;36:*.mid=00;36:*.midi=00;36:*.mka=00;36:*.mp3=00;36:*.mpc=00;36:*.ogg=00;36:*.ra=00;36:*.wav=00;36:*.oga=00;36:*.opus=00;36:*.spx=00;36:*.xspf=00;36:', 'GNOME_TERMINAL_SERVICE': ':1.217', 'SSH_AGENT_LAUNCHER': 'gnome-keyring', 'SSH_AUTH_SOCK': '/run/user/1000/keyring/ssh', 'AMENT_PREFIX_PATH': '/home/matheus/thesis_ws/install/thesis_interfaces:/home/matheus/thesis_ws/install/hal_signal_processing:/home/matheus/thesis_ws/install/hal_interfaces:/home/matheus/thesis_ws/install/hal_device_manager:/home/matheus/thesis_ws/install/game_unity_bridge:/home/matheus/thesis_ws/install/game_session:/home/matheus/thesis_ws/install/game_input_mapping:/home/matheus/thesis_ws/install/encoder_guidao:/home/matheus/thesis_ws/install/encoder_device:/home/matheus/thesis_ws/install/data_logger:/home/matheus/thesis_ws/install/controller_guidao:/home/matheus/Desktop/TestesROS2/ros_unity_ws/install/ros_tcp_endpoint:/home/matheus/Desktop/TestesROS2/microros_ws/install/micro_ros_setup:/home/matheus/Desktop/TestesROS2/microros_ws/install/micro_ros_agent:/home/matheus/Desktop/TestesROS2/microros_ws/install/micro_ros_msgs:/opt/ros/humble', 'SHELL': '/bin/bash', 'LC_NAME': 'pt_BR.UTF-8', 'QT_ACCESSIBILITY': '1', 'GDMSESSION': 'ubuntu-xorg', 'LESSCLOSE': '/usr/bin/lesspipe %s %s', 'LC_MEASUREMENT': 'pt_BR.UTF-8', 'GPG_AGENT_INFO': '/run/user/1000/gnupg/S.gpg-agent:0:1', 'LC_IDENTIFICATION': 'pt_BR.UTF-8', 'QT_IM_MODULE': 'ibus', 'PWD': '/home/matheus/thesis_ws/build/game_unity_bridge', 'LC_ALL': 'en_US.UTF-8', 'XDG_CONFIG_DIRS': '/etc/xdg/xdg-ubuntu-xorg:/etc/xdg', 'XDG_DATA_DIRS': '/usr/share/ubuntu-xorg:/usr/share/gnome:/usr/local/share/:/usr/share/:/var/lib/snapd/desktop', 'PYTHONPATH': '/home/matheus/thesis_ws/build/game_unity_bridge/prefix_override:/usr/lib/python3/dist-packages/colcon_core/task/python/colcon_distutils_commands:/home/matheus/thesis_ws/install/game_unity_bridge/lib/python3.10/site-packages:/home/matheus/thesis_ws/install/hal_signal_processing/lib/python3.10/site-packages:/home/matheus/thesis_ws/install/hal_interfaces/local/lib/python3.10/dist-packages:/home/matheus/thesis_ws/install/hal_device_manager/lib/python3.10/site-packages:/home/matheus/thesis_ws/install/game_unity_bridge/lib/python3.10/site-packages:/home/matheus/thesis_ws/install/game_session/lib/python3.10/site-packages:/home/matheus/thesis_ws/install/game_input_mapping/lib/python3.10/site-packages:/home/matheus/thesis_ws/install/encoder_guidao/lib/python3.10/site-packages:/home/matheus/thesis_ws/install/encoder_device/lib/python3.10/site-packages:/home/matheus/thesis_ws/install/data_logger/lib/python3.10/site-packages:/home/matheus/thesis_ws/install/controller_guidao/lib/python3.10/site-packages:/home/matheus/Desktop/TestesROS2/ros_unity_ws/install/ros_tcp_endpoint/lib/python3.10/site-packages:/home/matheus/Desktop/TestesROS2/microros_ws/install/micro_ros_msgs/local/lib/python3.10/dist-packages:/opt/ros/humble/lib/python3.10/site-packages:/opt/ros/humble/local/lib/python3.10/dist-packages', 'LC_NUMERIC': 'pt_BR.UTF-8', 'LC_PAPER': 'pt_BR.UTF-8', 'COLCON': '1', 'VTE_VERSION': '6800', 'CMAKE_PREFIX_PATH': '/home/matheus/thesis_ws/install/thesis_interfaces:/home/matheus/thesis_ws/install/hal_interfaces:/home/matheus/Desktop/TestesROS2/microros_ws/install/micro_ros_setup:/home/matheus/Desktop/TestesROS2/microros_ws/install/micro_ros_agent:/home/matheus/Desktop/TestesROS2/microros_ws/install/micro_ros_msgs'}, 'shell': False}
[2.306429] (-) TimerEvent: {}
[2.323419] (game_session) Command: {'cmd': ['/usr/bin/python3', '-W', 'ignore:setup.py install is deprecated', '-W', 'ignore:easy_install command is deprecated', 'setup.py', 'egg_info', '--egg-base', '../../build/game_session', 'build', '--build-base', '/home/matheus/thesis_ws/build/game_session/build', 'install', '--record', '/home/matheus/thesis_ws/build/game_session/install.log', '--install-scripts', '$base/lib/game_session', '--single-version-externally-managed', 'install_data'], 'cwd': '/home/matheus/thesis_ws/src/game_session', 'env': {'LESSOPEN': '| /usr/bin/lesspipe %s', 'USER': 'matheus', 'LC_TIME': 'pt_BR.UTF-8', 'XDG_SESSION_TYPE': 'x11', 'SHLVL': '1', 'LD_LIBRARY_PATH': '/home/matheus/thesis_ws/install/hal_interfaces/lib:/home/matheus/Desktop/TestesROS2/microros_ws/install/micro_ros_agent/lib:/home/matheus/Desktop/TestesROS2/microros_ws/install/micro_ros_msgs/lib:/opt/ros/humble/opt/rviz_ogre_vendor/lib:/opt/ros/humble/lib/x86_64-linux-gnu:/opt/ros/humble/lib', 'HOME': '/home/matheus', 'OLDPWD': '/home/matheus', 'DESKTOP_SESSION': 'ubuntu-xorg', 'ROS_PYTHON_VERSION': '3', 'GNOME_SHELL_SESSION_MODE': 'ubuntu', 'GTK_MODULES': 'gail:atk-bridge', 'LC_MONETARY': 'pt_BR.UTF-8', 'LC_CTYPE': 'pt_BR.UTF-8', 'SYSTEMD_EXEC_PID': '1746', 'DBUS_SESSION_BUS_ADDRESS': 'unix:path=/run/user/1000/bus', 'COLORTERM': 'truecolor', 'COLCON_PREFIX_PATH': '/home/matheus/thesis_ws/install:/home/matheus/Desktop/TestesROS2/ros_unity_ws/install:/home/matheus/Desktop/TestesROS2/microros_ws/install', 'ROS_DISTRO': 'humble', 'GTK_IM_MODULE': 'ibus', 'LOGNAME': 'matheus', '_': '/usr/bin/colcon', 'ROS_VERSION': '2', 'XDG_SESSION_CLASS': 'user', 'USERNAME': 'matheus', 'TERM': 'xterm-256color', 'GNOME_DESKTOP_SESSION_ID': 'this-is-deprecated', 'ROS_LOCALHOST_ONLY': '0', 'WINDOWPATH': '2', 'PATH': '/opt/ros/humble/bin:/home/matheus/.local/bin:/usr/local/sbin:/usr/local/bin:/usr/sbin:/usr/bin:/sbin:/bin:/usr/games:/usr/local/games:/snap/bin:/snap/bin:/home/matheus/.platformio/penv/bin', 'SESSION_MANAGER': 'local/matheus-300E5M-300E5L:@/tmp/.ICE-unix/1722,unix/matheus-300E5M-300E5L:/tmp/.ICE-unix/1722', 'XDG_MENU_PREFIX': 'gnome-', 'LC_ADDRESS': 'pt_BR.UTF-8', 'GNOME_TERMINAL_SCREEN': '/org/gnome/Terminal/screen/f70c918e_603a_40e9_ad59_37335646557a', 'XDG_RUNTIME_DIR': '/run/user/1000', 'DISPLAY': ':0', 'LANG': 'en_US.UTF-8', 'XDG_CURRENT_DESKTOP': 'ubuntu:GNOME', 'LC_TELEPHONE': 'pt_BR.UTF-8', 'XMODIFIERS': '@im=ibus', 'XDG_SESSION_DESKTOP': 'ubuntu-xorg', 'XAUTHORITY': '/run/user/1000/gdm/Xauthority', 'LS_COLORS': 'rs=0:di=01;34:ln=01;36:mh=00:pi=40;33:so=01;35:do=01;35:bd=40;33;01:cd=40;33;01:or=40;31;01:mi=00:su=37;41:sg=30;43:ca=30;41:tw=30;42:ow=34;42:st=37;44:ex=01;32:*.tar=01;31:*.tgz=01;31:*.arc=01;31:*.arj=01;31:*.taz=01;31:*.lha=01;31:*.lz4=01;31:*.lzh=01;31:*.lzma=01;31:*.tlz=01;31:*.txz=01;31:*.tzo=01;31:*.t7z=01;31:*.zip=01;31:*.z=01;31:*.dz=01;31:*.gz=01;31:*.lrz=01;31:*.lz=01;31:*.lzo=01;31:*.xz=01;31:*.zst=01;31:*.tzst=01;31:*.bz2=01;31:*.bz=01;31:*.tbz=01;31:*.tbz2=01;31:*.tz=01;31:*.deb=01;31:*.rpm=01;31:*.jar=01;31:*.war=01;31:*.ear=01;31:*.sar=01;31:*.rar=01;31:*.alz=01;31:*.ace=01;31:*.zoo=01;31:*.cpio=01;31:*.7z=01;31:*.rz=01;31:*.cab=01;31:*.wim=01;31:*.swm=01;31:*.dwm=01;31:*.esd=01;31:*.jpg=01;35:*.jpeg=01;35:*.mjpg=01;35:*.mjpeg=01;35:*.gif=01;35:*.bmp=01;35:*.pbm=01;35:*.pgm=01;35:*.ppm=01;35:*.tga=01;35:*.xbm=01;35:*.xpm=01;35:*.tif=01;35:*.tiff=01;35:*.png=01;35:*.svg=01;35:*.svgz=01;35:*.mng=01;35:*.pcx=01;35:*.mov=01;35:*.mpg=01;35:*.mpeg=01;35:*.m2v=01;35:*.mkv=01;35:*.webm=01;35:*.webp=01;35:*.ogm=01;35:*.mp4=01;35:*.m4v=01;35:*.mp4v=01;35:*.vob=01;35:*.qt=01;35:*.nuv=01;35:*.wmv=01;35:*.asf=01;35:*.rm=01;35:*.rmvb=01;35:*.flc=01;35:*.avi=01;35:*.fli=01;35:*.flv=01;35:*.gl=01;35:*.dl=01;35:*.xcf=01;35:*.xwd=01;35:*.yuv=01;35:*.cgm=01;35:*.emf=01;35:*.ogv=01;35:*.ogx=01;35:*.aac=00;36:*.au=00;36:*.flac=00;36:*.m4a=00;36:*.mid=00;36:*.midi=00;36:*.mka=00;36:*.mp3=00;36:*.mpc=00;36:*.ogg=00;36:*.ra=00;36:*.wav=00;36:*.oga=00;36:*.opus=00;36:*.spx=00;36:*.xspf=00;36:', 'GNOME_TERMINAL_SERVICE': ':1.217', 'SSH_AGENT_LAUNCHER': 'gnome-keyring', 'SSH_AUTH_SOCK': '/run/user/1000/keyring/ssh', 'AMENT_PREFIX_PATH': '/home/matheus/thesis_ws/install/thesis_interfaces:/home/matheus/thesis_ws/install/hal_signal_processing:/home/matheus/thesis_ws/install/hal_interfaces:/home/matheus/thesis_ws/install/hal_device_manager:/home/matheus/thesis_ws/install/game_unity_bridge:/home/matheus/thesis_ws/install/game_session:/home/matheus/thesis_ws/install/game_input_mapping:/home/matheus/thesis_ws/install/encoder_guidao:/home/matheus/thesis_ws/install/encoder_device:/home/matheus/thesis_ws/install/data_logger:/home/matheus/thesis_ws/install/controller_guidao:/home/matheus/Desktop/TestesROS2/ros_unity_ws/install/ros_tcp_endpoint:/home/matheus/Desktop/TestesROS2/microros_ws/install/micro_ros_setup:/home/matheus/Desktop/TestesROS2/microros_ws/install/micro_ros_agent:/home/matheus/Desktop/TestesROS2/microros_ws/install/micro_ros_msgs:/opt/ros/humble', 'SHELL': '/bin/bash', 'LC_NAME': 'pt_BR.UTF-8', 'QT_ACCESSIBILITY': '1', 'GDMSESSION': 'ubuntu-xorg', 'LESSCLOSE': '/usr/bin/lesspipe %s %s', 'LC_MEASUREMENT': 'pt_BR.UTF-8', 'GPG_AGENT_INFO': '/run/user/1000/gnupg/S.gpg-agent:0:1', 'LC_IDENTIFICATION': 'pt_BR.UTF-8', 'QT_IM_MODULE': 'ibus', 'PWD': '/home/matheus/thesis_ws/build/game_session', 'LC_ALL': 'en_US.UTF-8', 'XDG_CONFIG_DIRS': '/etc/xdg/xdg-ubuntu-xorg:/etc/xdg', 'XDG_DATA_DIRS': '/usr/share/ubuntu-xorg:/usr/share/gnome:/usr/local/share/:/usr/share/:/var/lib/snapd/desktop', 'PYTHONPATH': '/home/matheus/thesis_ws/build/game_session/prefix_override:/usr/lib/python3/dist-packages/colcon_core/task/python/colcon_distutils_commands:/home/matheus/thesis_ws/install/game_session/lib/python3.10/site-packages:/home/matheus/thesis_ws/install/hal_signal_processing/lib/python3.10/site-packages:/home/matheus/thesis_ws/install/hal_interfaces/local/lib/python3.10/dist-packages:/home/matheus/thesis_ws/install/hal_device_manager/lib/python3.10/site-packages:/home/matheus/thesis_ws/install/game_unity_bridge/lib/python3.10/site-packages:/home/matheus/thesis_ws/install/game_session/lib/python3.10/site-packages:/home/matheus/thesis_ws/install/game_input_mapping/lib/python3.10/site-packages:/home/matheus/thesis_ws/install/encoder_guidao/lib/python3.10/site-packages:/home/matheus/thesis_ws/install/encoder_device/lib/python3.10/site-packages:/home/matheus/thesis_ws/install/data_logger/lib/python3.10/site-packages:/home/matheus/thesis_ws/install/controller_guidao/lib/python3.10/site-packages:/home/matheus/Desktop/TestesROS2/ros_unity_ws/install/ros_tcp_endpoint/lib/python3.10/site-packages:/home/matheus/Desktop/TestesROS2/microros_ws/install/micro_ros_msgs/local/lib/python3.10/dist-packages:/opt/ros/humble/lib/python3.10/site-packages:/opt/ros/humble/local/lib/python3.10/dist-packages', 'LC_NUMERIC': 'pt_BR.UTF-8', 'LC_PAPER': 'pt_BR.UTF-8', 'COLCON': '1', 'VTE_VERSION': '6800', 'CMAKE_PREFIX_PATH': '/home/matheus/thesis_ws/install/thesis_interfaces:/home/matheus/thesis_ws/install/hal_interfaces:/home/matheus/Desktop/TestesROS2/microros_ws/install/micro_ros_setup:/home/matheus/Desktop/TestesROS2/microros_ws/install/micro_ros_agent:/home/matheus/Desktop/TestesROS2/microros_ws/install/micro_ros_msgs'}, 'shell': False}
[2.406592] (-) TimerEvent: {}
[2.482641] (game_unity_bridge) StdoutLine: {'line': b'running egg_info\n'}
[2.484011] (game_unity_bridge) StdoutLine: {'line': b'writing ../../build/game_unity_bridge/game_unity_bridge.egg-info/PKG-INFO\n'}
[2.484370] (game_unity_bridge) StdoutLine: {'line': b'writing dependency_links to ../../build/game_unity_bridge/game_unity_bridge.egg-info/dependency_links.txt\n'}
[2.484548] (game_unity_bridge) StdoutLine: {'line': b'writing entry points to ../../build/game_unity_bridge/game_unity_bridge.egg-info/entry_points.txt\n'}
[2.484718] (game_unity_bridge) StdoutLine: {'line': b'writing requirements to ../../build/game_unity_bridge/game_unity_bridge.egg-info/requires.txt\n'}
[2.484865] (game_unity_bridge) StdoutLine: {'line': b'writing top-level names to ../../build/game_unity_bridge/game_unity_bridge.egg-info/top_level.txt\n'}
[2.488098] (game_unity_bridge) StdoutLine: {'line': b"reading manifest file '../../build/game_unity_bridge/game_unity_bridge.egg-info/SOURCES.txt'\n"}
[2.489423] (encoder_guidao) Command: {'cmd': ['/usr/bin/python3', '-W', 'ignore:setup.py install is deprecated', '-W', 'ignore:easy_install command is deprecated', 'setup.py', 'egg_info', '--egg-base', '../../build/encoder_guidao', 'build', '--build-base', '/home/matheus/thesis_ws/build/encoder_guidao/build', 'install', '--record', '/home/matheus/thesis_ws/build/encoder_guidao/install.log', '--install-scripts', '$base/lib/encoder_guidao', '--single-version-externally-managed', 'install_data'], 'cwd': '/home/matheus/thesis_ws/src/encoder_guidao', 'env': {'LESSOPEN': '| /usr/bin/lesspipe %s', 'USER': 'matheus', 'LC_TIME': 'pt_BR.UTF-8', 'XDG_SESSION_TYPE': 'x11', 'SHLVL': '1', 'LD_LIBRARY_PATH': '/home/matheus/thesis_ws/install/hal_interfaces/lib:/home/matheus/Desktop/TestesROS2/microros_ws/install/micro_ros_agent/lib:/home/matheus/Desktop/TestesROS2/microros_ws/install/micro_ros_msgs/lib:/opt/ros/humble/opt/rviz_ogre_vendor/lib:/opt/ros/humble/lib/x86_64-linux-gnu:/opt/ros/humble/lib', 'HOME': '/home/matheus', 'OLDPWD': '/home/matheus', 'DESKTOP_SESSION': 'ubuntu-xorg', 'ROS_PYTHON_VERSION': '3', 'GNOME_SHELL_SESSION_MODE': 'ubuntu', 'GTK_MODULES': 'gail:atk-bridge', 'LC_MONETARY': 'pt_BR.UTF-8', 'LC_CTYPE': 'pt_BR.UTF-8', 'SYSTEMD_EXEC_PID': '1746', 'DBUS_SESSION_BUS_ADDRESS': 'unix:path=/run/user/1000/bus', 'COLORTERM': 'truecolor', 'COLCON_PREFIX_PATH': '/home/matheus/thesis_ws/install:/home/matheus/Desktop/TestesROS2/ros_unity_ws/install:/home/matheus/Desktop/TestesROS2/microros_ws/install', 'ROS_DISTRO': 'humble', 'GTK_IM_MODULE': 'ibus', 'LOGNAME': 'matheus', '_': '/usr/bin/colcon', 'ROS_VERSION': '2', 'XDG_SESSION_CLASS': 'user', 'USERNAME': 'matheus', 'TERM': 'xterm-256color', 'GNOME_DESKTOP_SESSION_ID': 'this-is-deprecated', 'ROS_LOCALHOST_ONLY': '0', 'WINDOWPATH': '2', 'PATH': '/opt/ros/humble/bin:/home/matheus/.local/bin:/usr/local/sbin:/usr/local/bin:/usr/sbin:/usr/bin:/sbin:/bin:/usr/games:/usr/local/games:/snap/bin:/snap/bin:/home/matheus/.platformio/penv/bin', 'SESSION_MANAGER': 'local/matheus-300E5M-300E5L:@/tmp/.ICE-unix/1722,unix/matheus-300E5M-300E5L:/tmp/.ICE-unix/1722', 'XDG_MENU_PREFIX': 'gnome-', 'LC_ADDRESS': 'pt_BR.UTF-8', 'GNOME_TERMINAL_SCREEN': '/org/gnome/Terminal/screen/f70c918e_603a_40e9_ad59_37335646557a', 'XDG_RUNTIME_DIR': '/run/user/1000', 'DISPLAY': ':0', 'LANG': 'en_US.UTF-8', 'XDG_CURRENT_DESKTOP': 'ubuntu:GNOME', 'LC_TELEPHONE': 'pt_BR.UTF-8', 'XMODIFIERS': '@im=ibus', 'XDG_SESSION_DESKTOP': 'ubuntu-xorg', 'XAUTHORITY': '/run/user/1000/gdm/Xauthority', 'LS_COLORS': 'rs=0:di=01;34:ln=01;36:mh=00:pi=40;33:so=01;35:do=01;35:bd=40;33;01:cd=40;33;01:or=40;31;01:mi=00:su=37;41:sg=30;43:ca=30;41:tw=30;42:ow=34;42:st=37;44:ex=01;32:*.tar=01;31:*.tgz=01;31:*.arc=01;31:*.arj=01;31:*.taz=01;31:*.lha=01;31:*.lz4=01;31:*.lzh=01;31:*.lzma=01;31:*.tlz=01;31:*.txz=01;31:*.tzo=01;31:*.t7z=01;31:*.zip=01;31:*.z=01;31:*.dz=01;31:*.gz=01;31:*.lrz=01;31:*.lz=01;31:*.lzo=01;31:*.xz=01;31:*.zst=01;31:*.tzst=01;31:*.bz2=01;31:*.bz=01;31:*.tbz=01;31:*.tbz2=01;31:*.tz=01;31:*.deb=01;31:*.rpm=01;31:*.jar=01;31:*.war=01;31:*.ear=01;31:*.sar=01;31:*.rar=01;31:*.alz=01;31:*.ace=01;31:*.zoo=01;31:*.cpio=01;31:*.7z=01;31:*.rz=01;31:*.cab=01;31:*.wim=01;31:*.swm=01;31:*.dwm=01;31:*.esd=01;31:*.jpg=01;35:*.jpeg=01;35:*.mjpg=01;35:*.mjpeg=01;35:*.gif=01;35:*.bmp=01;35:*.pbm=01;35:*.pgm=01;35:*.ppm=01;35:*.tga=01;35:*.xbm=01;35:*.xpm=01;35:*.tif=01;35:*.tiff=01;35:*.png=01;35:*.svg=01;35:*.svgz=01;35:*.mng=01;35:*.pcx=01;35:*.mov=01;35:*.mpg=01;35:*.mpeg=01;35:*.m2v=01;35:*.mkv=01;35:*.webm=01;35:*.webp=01;35:*.ogm=01;35:*.mp4=01;35:*.m4v=01;35:*.mp4v=01;35:*.vob=01;35:*.qt=01;35:*.nuv=01;35:*.wmv=01;35:*.asf=01;35:*.rm=01;35:*.rmvb=01;35:*.flc=01;35:*.avi=01;35:*.fli=01;35:*.flv=01;35:*.gl=01;35:*.dl=01;35:*.xcf=01;35:*.xwd=01;35:*.yuv=01;35:*.cgm=01;35:*.emf=01;35:*.ogv=01;35:*.ogx=01;35:*.aac=00;36:*.au=00;36:*.flac=00;36:*.m4a=00;36:*.mid=00;36:*.midi=00;36:*.mka=00;36:*.mp3=00;36:*.mpc=00;36:*.ogg=00;36:*.ra=00;36:*.wav=00;36:*.oga=00;36:*.opus=00;36:*.spx=00;36:*.xspf=00;36:', 'GNOME_TERMINAL_SERVICE': ':1.217', 'SSH_AGENT_LAUNCHER': 'gnome-keyring', 'SSH_AUTH_SOCK': '/run/user/1000/keyring/ssh', 'AMENT_PREFIX_PATH': '/home/matheus/thesis_ws/install/thesis_interfaces:/home/matheus/thesis_ws/install/hal_signal_processing:/home/matheus/thesis_ws/install/hal_interfaces:/home/matheus/thesis_ws/install/hal_device_manager:/home/matheus/thesis_ws/install/game_unity_bridge:/home/matheus/thesis_ws/install/game_session:/home/matheus/thesis_ws/install/game_input_mapping:/home/matheus/thesis_ws/install/encoder_guidao:/home/matheus/thesis_ws/install/encoder_device:/home/matheus/thesis_ws/install/data_logger:/home/matheus/thesis_ws/install/controller_guidao:/home/matheus/Desktop/TestesROS2/ros_unity_ws/install/ros_tcp_endpoint:/home/matheus/Desktop/TestesROS2/microros_ws/install/micro_ros_setup:/home/matheus/Desktop/TestesROS2/microros_ws/install/micro_ros_agent:/home/matheus/Desktop/TestesROS2/microros_ws/install/micro_ros_msgs:/opt/ros/humble', 'SHELL': '/bin/bash', 'LC_NAME': 'pt_BR.UTF-8', 'QT_ACCESSIBILITY': '1', 'GDMSESSION': 'ubuntu-xorg', 'LESSCLOSE': '/usr/bin/lesspipe %s %s', 'LC_MEASUREMENT': 'pt_BR.UTF-8', 'GPG_AGENT_INFO': '/run/user/1000/gnupg/S.gpg-agent:0:1', 'LC_IDENTIFICATION': 'pt_BR.UTF-8', 'QT_IM_MODULE': 'ibus', 'PWD': '/home/matheus/thesis_ws/build/encoder_guidao', 'LC_ALL': 'en_US.UTF-8', 'XDG_CONFIG_DIRS': '/etc/xdg/xdg-ubuntu-xorg:/etc/xdg', 'XDG_DATA_DIRS': '/usr/share/ubuntu-xorg:/usr/share/gnome:/usr/local/share/:/usr/share/:/var/lib/snapd/desktop', 'PYTHONPATH': '/home/matheus/thesis_ws/build/encoder_guidao/prefix_override:/usr/lib/python3/dist-packages/colcon_core/task/python/colcon_distutils_commands:/home/matheus/thesis_ws/install/encoder_guidao/lib/python3.10/site-packages:/home/matheus/thesis_ws/install/hal_signal_processing/lib/python3.10/site-packages:/home/matheus/thesis_ws/install/hal_interfaces/local/lib/python3.10/dist-packages:/home/matheus/thesis_ws/install/hal_device_manager/lib/python3.10/site-packages:/home/matheus/thesis_ws/install/game_unity_bridge/lib/python3.10/site-packages:/home/matheus/thesis_ws/install/game_session/lib/python3.10/site-packages:/home/matheus/thesis_ws/install/game_input_mapping/lib/python3.10/site-packages:/home/matheus/thesis_ws/install/encoder_guidao/lib/python3.10/site-packages:/home/matheus/thesis_ws/install/encoder_device/lib/python3.10/site-packages:/home/matheus/thesis_ws/install/data_logger/lib/python3.10/site-packages:/home/matheus/thesis_ws/install/controller_guidao/lib/python3.10/site-packages:/home/matheus/Desktop/TestesROS2/ros_unity_ws/install/ros_tcp_endpoint/lib/python3.10/site-packages:/home/matheus/Desktop/TestesROS2/microros_ws/install/micro_ros_msgs/local/lib/python3.10/dist-packages:/opt/ros/humble/lib/python3.10/site-packages:/opt/ros/humble/local/lib/python3.10/dist-packages', 'LC_NUMERIC': 'pt_BR.UTF-8', 'LC_PAPER': 'pt_BR.UTF-8', 'COLCON': '1', 'VTE_VERSION': '6800', 'CMAKE_PREFIX_PATH': '/home/matheus/thesis_ws/install/thesis_interfaces:/home/matheus/thesis_ws/install/hal_interfaces:/home/matheus/Desktop/TestesROS2/microros_ws/install/micro_ros_setup:/home/matheus/Desktop/TestesROS2/microros_ws/install/micro_ros_agent:/home/matheus/Desktop/TestesROS2/microros_ws/install/micro_ros_msgs'}, 'shell': False}
[2.496420] (game_unity_bridge) StdoutLine: {'line': b"writing manifest file '../../build/game_unity_bridge/game_unity_bridge.egg-info/SOURCES.txt'\n"}
[2.496757] (game_unity_bridge) StdoutLine: {'line': b'running build\n'}
[2.499005] (game_unity_bridge) StdoutLine: {'line': b'running build_py\n'}
[2.499297] (game_unity_bridge) StdoutLine: {'line': b'running install\n'}
[2.499377] (game_unity_bridge) StdoutLine: {'line': b'running install_lib\n'}
[2.499449] (game_input_mapping) Command: {'cmd': ['/usr/bin/python3', '-W', 'ignore:setup.py install is deprecated', '-W', 'ignore:easy_install command is deprecated', 'setup.py', 'egg_info', '--egg-base', '../../build/game_input_mapping', 'build', '--build-base', '/home/matheus/thesis_ws/build/game_input_mapping/build', 'install', '--record', '/home/matheus/thesis_ws/build/game_input_mapping/install.log', '--install-scripts', '$base/lib/game_input_mapping', '--single-version-externally-managed', 'install_data'], 'cwd': '/home/matheus/thesis_ws/src/game_input_mapping', 'env': {'LESSOPEN': '| /usr/bin/lesspipe %s', 'USER': 'matheus', 'LC_TIME': 'pt_BR.UTF-8', 'XDG_SESSION_TYPE': 'x11', 'SHLVL': '1', 'LD_LIBRARY_PATH': '/home/matheus/thesis_ws/install/hal_interfaces/lib:/home/matheus/Desktop/TestesROS2/microros_ws/install/micro_ros_agent/lib:/home/matheus/Desktop/TestesROS2/microros_ws/install/micro_ros_msgs/lib:/opt/ros/humble/opt/rviz_ogre_vendor/lib:/opt/ros/humble/lib/x86_64-linux-gnu:/opt/ros/humble/lib', 'HOME': '/home/matheus', 'OLDPWD': '/home/matheus', 'DESKTOP_SESSION': 'ubuntu-xorg', 'ROS_PYTHON_VERSION': '3', 'GNOME_SHELL_SESSION_MODE': 'ubuntu', 'GTK_MODULES': 'gail:atk-bridge', 'LC_MONETARY': 'pt_BR.UTF-8', 'LC_CTYPE': 'pt_BR.UTF-8', 'SYSTEMD_EXEC_PID': '1746', 'DBUS_SESSION_BUS_ADDRESS': 'unix:path=/run/user/1000/bus', 'COLORTERM': 'truecolor', 'COLCON_PREFIX_PATH': '/home/matheus/thesis_ws/install:/home/matheus/Desktop/TestesROS2/ros_unity_ws/install:/home/matheus/Desktop/TestesROS2/microros_ws/install', 'ROS_DISTRO': 'humble', 'GTK_IM_MODULE': 'ibus', 'LOGNAME': 'matheus', '_': '/usr/bin/colcon', 'ROS_VERSION': '2', 'XDG_SESSION_CLASS': 'user', 'USERNAME': 'matheus', 'TERM': 'xterm-256color', 'GNOME_DESKTOP_SESSION_ID': 'this-is-deprecated', 'ROS_LOCALHOST_ONLY': '0', 'WINDOWPATH': '2', 'PATH': '/opt/ros/humble/bin:/home/matheus/.local/bin:/usr/local/sbin:/usr/local/bin:/usr/sbin:/usr/bin:/sbin:/bin:/usr/games:/usr/local/games:/snap/bin:/snap/bin:/home/matheus/.platformio/penv/bin', 'SESSION_MANAGER': 'local/matheus-300E5M-300E5L:@/tmp/.ICE-unix/1722,unix/matheus-300E5M-300E5L:/tmp/.ICE-unix/1722', 'XDG_MENU_PREFIX': 'gnome-', 'LC_ADDRESS': 'pt_BR.UTF-8', 'GNOME_TERMINAL_SCREEN': '/org/gnome/Terminal/screen/f70c918e_603a_40e9_ad59_37335646557a', 'XDG_RUNTIME_DIR': '/run/user/1000', 'DISPLAY': ':0', 'LANG': 'en_US.UTF-8', 'XDG_CURRENT_DESKTOP': 'ubuntu:GNOME', 'LC_TELEPHONE': 'pt_BR.UTF-8', 'XMODIFIERS': '@im=ibus', 'XDG_SESSION_DESKTOP': 'ubuntu-xorg', 'XAUTHORITY': '/run/user/1000/gdm/Xauthority', 'LS_COLORS': 'rs=0:di=01;34:ln=01;36:mh=00:pi=40;33:so=01;35:do=01;35:bd=40;33;01:cd=40;33;01:or=40;31;01:mi=00:su=37;41:sg=30;43:ca=30;41:tw=30;42:ow=34;42:st=37;44:ex=01;32:*.tar=01;31:*.tgz=01;31:*.arc=01;31:*.arj=01;31:*.taz=01;31:*.lha=01;31:*.lz4=01;31:*.lzh=01;31:*.lzma=01;31:*.tlz=01;31:*.txz=01;31:*.tzo=01;31:*.t7z=01;31:*.zip=01;31:*.z=01;31:*.dz=01;31:*.gz=01;31:*.lrz=01;31:*.lz=01;31:*.lzo=01;31:*.xz=01;31:*.zst=01;31:*.tzst=01;31:*.bz2=01;31:*.bz=01;31:*.tbz=01;31:*.tbz2=01;31:*.tz=01;31:*.deb=01;31:*.rpm=01;31:*.jar=01;31:*.war=01;31:*.ear=01;31:*.sar=01;31:*.rar=01;31:*.alz=01;31:*.ace=01;31:*.zoo=01;31:*.cpio=01;31:*.7z=01;31:*.rz=01;31:*.cab=01;31:*.wim=01;31:*.swm=01;31:*.dwm=01;31:*.esd=01;31:*.jpg=01;35:*.jpeg=01;35:*.mjpg=01;35:*.mjpeg=01;35:*.gif=01;35:*.bmp=01;35:*.pbm=01;35:*.pgm=01;35:*.ppm=01;35:*.tga=01;35:*.xbm=01;35:*.xpm=01;35:*.tif=01;35:*.tiff=01;35:*.png=01;35:*.svg=01;35:*.svgz=01;35:*.mng=01;35:*.pcx=01;35:*.mov=01;35:*.mpg=01;35:*.mpeg=01;35:*.m2v=01;35:*.mkv=01;35:*.webm=01;35:*.webp=01;35:*.ogm=01;35:*.mp4=01;35:*.m4v=01;35:*.mp4v=01;35:*.vob=01;35:*.qt=01;35:*.nuv=01;35:*.wmv=01;35:*.asf=01;35:*.rm=01;35:*.rmvb=01;35:*.flc=01;35:*.avi=01;35:*.fli=01;35:*.flv=01;35:*.gl=01;35:*.dl=01;35:*.xcf=01;35:*.xwd=01;35:*.yuv=01;35:*.cgm=01;35:*.emf=01;35:*.ogv=01;35:*.ogx=01;35:*.aac=00;36:*.au=00;36:*.flac=00;36:*.m4a=00;36:*.mid=00;36:*.midi=00;36:*.mka=00;36:*.mp3=00;36:*.mpc=00;36:*.ogg=00;36:*.ra=00;36:*.wav=00;36:*.oga=00;36:*.opus=00;36:*.spx=00;36:*.xspf=00;36:', 'GNOME_TERMINAL_SERVICE': ':1.217', 'SSH_AGENT_LAUNCHER': 'gnome-keyring', 'SSH_AUTH_SOCK': '/run/user/1000/keyring/ssh', 'AMENT_PREFIX_PATH': '/home/matheus/thesis_ws/install/thesis_interfaces:/home/matheus/thesis_ws/install/hal_signal_processing:/home/matheus/thesis_ws/install/hal_interfaces:/home/matheus/thesis_ws/install/hal_device_manager:/home/matheus/thesis_ws/install/game_unity_bridge:/home/matheus/thesis_ws/install/game_session:/home/matheus/thesis_ws/install/game_input_mapping:/home/matheus/thesis_ws/install/encoder_guidao:/home/matheus/thesis_ws/install/encoder_device:/home/matheus/thesis_ws/install/data_logger:/home/matheus/thesis_ws/install/controller_guidao:/home/matheus/Desktop/TestesROS2/ros_unity_ws/install/ros_tcp_endpoint:/home/matheus/Desktop/TestesROS2/microros_ws/install/micro_ros_setup:/home/matheus/Desktop/TestesROS2/microros_ws/install/micro_ros_agent:/home/matheus/Desktop/TestesROS2/microros_ws/install/micro_ros_msgs:/opt/ros/humble', 'SHELL': '/bin/bash', 'LC_NAME': 'pt_BR.UTF-8', 'QT_ACCESSIBILITY': '1', 'GDMSESSION': 'ubuntu-xorg', 'LESSCLOSE': '/usr/bin/lesspipe %s %s', 'LC_MEASUREMENT': 'pt_BR.UTF-8', 'GPG_AGENT_INFO': '/run/user/1000/gnupg/S.gpg-agent:0:1', 'LC_IDENTIFICATION': 'pt_BR.UTF-8', 'QT_IM_MODULE': 'ibus', 'PWD': '/home/matheus/thesis_ws/build/game_input_mapping', 'LC_ALL': 'en_US.UTF-8', 'XDG_CONFIG_DIRS': '/etc/xdg/xdg-ubuntu-xorg:/etc/xdg', 'XDG_DATA_DIRS': '/usr/share/ubuntu-xorg:/usr/share/gnome:/usr/local/share/:/usr/share/:/var/lib/snapd/desktop', 'PYTHONPATH': '/home/matheus/thesis_ws/build/game_input_mapping/prefix_override:/usr/lib/python3/dist-packages/colcon_core/task/python/colcon_distutils_commands:/home/matheus/thesis_ws/install/game_input_mapping/lib/python3.10/site-packages:/home/matheus/thesis_ws/install/hal_signal_processing/lib/python3.10/site-packages:/home/matheus/thesis_ws/install/hal_interfaces/local/lib/python3.10/dist-packages:/home/matheus/thesis_ws/install/hal_device_manager/lib/python3.10/site-packages:/home/matheus/thesis_ws/install/game_unity_bridge/lib/python3.10/site-packages:/home/matheus/thesis_ws/install/game_session/lib/python3.10/site-packages:/home/matheus/thesis_ws/install/game_input_mapping/lib/python3.10/site-packages:/home/matheus/thesis_ws/install/encoder_guidao/lib/python3.10/site-packages:/home/matheus/thesis_ws/install/encoder_device/lib/python3.10/site-packages:/home/matheus/thesis_ws/install/data_logger/lib/python3.10/site-packages:/home/matheus/thesis_ws/install/controller_guidao/lib/python3.10/site-packages:/home/matheus/Desktop/TestesROS2/ros_unity_ws/install/ros_tcp_endpoint/lib/python3.10/site-packages:/home/matheus/Desktop/TestesROS2/microros_ws/install/micro_ros_msgs/local/lib/python3.10/dist-packages:/opt/ros/humble/lib/python3.10/site-packages:/opt/ros/humble/local/lib/python3.10/dist-packages', 'LC_NUMERIC': 'pt_BR.UTF-8', 'LC_PAPER': 'pt_BR.UTF-8', 'COLCON': '1', 'VTE_VERSION': '6800', 'CMAKE_PREFIX_PATH': '/home/matheus/thesis_ws/install/thesis_interfaces:/home/matheus/thesis_ws/install/hal_interfaces:/home/matheus/Desktop/TestesROS2/microros_ws/install/micro_ros_setup:/home/matheus/Desktop/TestesROS2/microros_ws/install/micro_ros_agent:/home/matheus/Desktop/TestesROS2/microros_ws/install/micro_ros_msgs'}, 'shell': False}
[2.501032] (game_unity_bridge) StdoutLine: {'line': b'running install_data\n'}
[2.501255] (game_unity_bridge) StdoutLine: {'line': b'running install_egg_info\n'}
[2.501332] (game_unity_bridge) StdoutLine: {'line': b"removing '/home/matheus/thesis_ws/install/game_unity_bridge/lib/python3.10/site-packages/game_unity_bridge-0.0.0-py3.10.egg-info' (and everything under it)\n"}
[2.501406] (game_unity_bridge) StdoutLine: {'line': b'Copying ../../build/game_unity_bridge/game_unity_bridge.egg-info to /home/matheus/thesis_ws/install/game_unity_bridge/lib/python3.10/site-packages/game_unity_bridge-0.0.0-py3.10.egg-info\n'}
[2.501478] (game_unity_bridge) StdoutLine: {'line': b'running install_scripts\n'}
[2.502254] (hal_signal_processing) Command: {'cmd': ['/usr/bin/python3', '-W', 'ignore:setup.py install is deprecated', '-W', 'ignore:easy_install command is deprecated', 'setup.py', 'egg_info', '--egg-base', '../../build/hal_signal_processing', 'build', '--build-base', '/home/matheus/thesis_ws/build/hal_signal_processing/build', 'install', '--record', '/home/matheus/thesis_ws/build/hal_signal_processing/install.log', '--install-scripts', '$base/lib/hal_signal_processing', '--single-version-externally-managed', 'install_data'], 'cwd': '/home/matheus/thesis_ws/src/hal_signal_processing', 'env': {'LESSOPEN': '| /usr/bin/lesspipe %s', 'USER': 'matheus', 'LC_TIME': 'pt_BR.UTF-8', 'XDG_SESSION_TYPE': 'x11', 'SHLVL': '1', 'LD_LIBRARY_PATH': '/home/matheus/thesis_ws/install/hal_interfaces/lib:/home/matheus/Desktop/TestesROS2/microros_ws/install/micro_ros_agent/lib:/home/matheus/Desktop/TestesROS2/microros_ws/install/micro_ros_msgs/lib:/opt/ros/humble/opt/rviz_ogre_vendor/lib:/opt/ros/humble/lib/x86_64-linux-gnu:/opt/ros/humble/lib', 'HOME': '/home/matheus', 'OLDPWD': '/home/matheus', 'DESKTOP_SESSION': 'ubuntu-xorg', 'ROS_PYTHON_VERSION': '3', 'GNOME_SHELL_SESSION_MODE': 'ubuntu', 'GTK_MODULES': 'gail:atk-bridge', 'LC_MONETARY': 'pt_BR.UTF-8', 'LC_CTYPE': 'pt_BR.UTF-8', 'SYSTEMD_EXEC_PID': '1746', 'DBUS_SESSION_BUS_ADDRESS': 'unix:path=/run/user/1000/bus', 'COLORTERM': 'truecolor', 'COLCON_PREFIX_PATH': '/home/matheus/thesis_ws/install:/home/matheus/Desktop/TestesROS2/ros_unity_ws/install:/home/matheus/Desktop/TestesROS2/microros_ws/install', 'ROS_DISTRO': 'humble', 'GTK_IM_MODULE': 'ibus', 'LOGNAME': 'matheus', '_': '/usr/bin/colcon', 'ROS_VERSION': '2', 'XDG_SESSION_CLASS': 'user', 'USERNAME': 'matheus', 'TERM': 'xterm-256color', 'GNOME_DESKTOP_SESSION_ID': 'this-is-deprecated', 'ROS_LOCALHOST_ONLY': '0', 'WINDOWPATH': '2', 'PATH': '/opt/ros/humble/bin:/home/matheus/.local/bin:/usr/local/sbin:/usr/local/bin:/usr/sbin:/usr/bin:/sbin:/bin:/usr/games:/usr/local/games:/snap/bin:/snap/bin:/home/matheus/.platformio/penv/bin', 'SESSION_MANAGER': 'local/matheus-300E5M-300E5L:@/tmp/.ICE-unix/1722,unix/matheus-300E5M-300E5L:/tmp/.ICE-unix/1722', 'XDG_MENU_PREFIX': 'gnome-', 'LC_ADDRESS': 'pt_BR.UTF-8', 'GNOME_TERMINAL_SCREEN': '/org/gnome/Terminal/screen/f70c918e_603a_40e9_ad59_37335646557a', 'XDG_RUNTIME_DIR': '/run/user/1000', 'DISPLAY': ':0', 'LANG': 'en_US.UTF-8', 'XDG_CURRENT_DESKTOP': 'ubuntu:GNOME', 'LC_TELEPHONE': 'pt_BR.UTF-8', 'XMODIFIERS': '@im=ibus', 'XDG_SESSION_DESKTOP': 'ubuntu-xorg', 'XAUTHORITY': '/run/user/1000/gdm/Xauthority', 'LS_COLORS': 'rs=0:di=01;34:ln=01;36:mh=00:pi=40;33:so=01;35:do=01;35:bd=40;33;01:cd=40;33;01:or=40;31;01:mi=00:su=37;41:sg=30;43:ca=30;41:tw=30;42:ow=34;42:st=37;44:ex=01;32:*.tar=01;31:*.tgz=01;31:*.arc=01;31:*.arj=01;31:*.taz=01;31:*.lha=01;31:*.lz4=01;31:*.lzh=01;31:*.lzma=01;31:*.tlz=01;31:*.txz=01;31:*.tzo=01;31:*.t7z=01;31:*.zip=01;31:*.z=01;31:*.dz=01;31:*.gz=01;31:*.lrz=01;31:*.lz=01;31:*.lzo=01;31:*.xz=01;31:*.zst=01;31:*.tzst=01;31:*.bz2=01;31:*.bz=01;31:*.tbz=01;31:*.tbz2=01;31:*.tz=01;31:*.deb=01;31:*.rpm=01;31:*.jar=01;31:*.war=01;31:*.ear=01;31:*.sar=01;31:*.rar=01;31:*.alz=01;31:*.ace=01;31:*.zoo=01;31:*.cpio=01;31:*.7z=01;31:*.rz=01;31:*.cab=01;31:*.wim=01;31:*.swm=01;31:*.dwm=01;31:*.esd=01;31:*.jpg=01;35:*.jpeg=01;35:*.mjpg=01;35:*.mjpeg=01;35:*.gif=01;35:*.bmp=01;35:*.pbm=01;35:*.pgm=01;35:*.ppm=01;35:*.tga=01;35:*.xbm=01;35:*.xpm=01;35:*.tif=01;35:*.tiff=01;35:*.png=01;35:*.svg=01;35:*.svgz=01;35:*.mng=01;35:*.pcx=01;35:*.mov=01;35:*.mpg=01;35:*.mpeg=01;35:*.m2v=01;35:*.mkv=01;35:*.webm=01;35:*.webp=01;35:*.ogm=01;35:*.mp4=01;35:*.m4v=01;35:*.mp4v=01;35:*.vob=01;35:*.qt=01;35:*.nuv=01;35:*.wmv=01;35:*.asf=01;35:*.rm=01;35:*.rmvb=01;35:*.flc=01;35:*.avi=01;35:*.fli=01;35:*.flv=01;35:*.gl=01;35:*.dl=01;35:*.xcf=01;35:*.xwd=01;35:*.yuv=01;35:*.cgm=01;35:*.emf=01;35:*.ogv=01;35:*.ogx=01;35:*.aac=00;36:*.au=00;36:*.flac=00;36:*.m4a=00;36:*.mid=00;36:*.midi=00;36:*.mka=00;36:*.mp3=00;36:*.mpc=00;36:*.ogg=00;36:*.ra=00;36:*.wav=00;36:*.oga=00;36:*.opus=00;36:*.spx=00;36:*.xspf=00;36:', 'GNOME_TERMINAL_SERVICE': ':1.217', 'SSH_AGENT_LAUNCHER': 'gnome-keyring', 'SSH_AUTH_SOCK': '/run/user/1000/keyring/ssh', 'AMENT_PREFIX_PATH': '/home/matheus/thesis_ws/install/thesis_interfaces:/home/matheus/thesis_ws/install/hal_signal_processing:/home/matheus/thesis_ws/install/hal_interfaces:/home/matheus/thesis_ws/install/hal_device_manager:/home/matheus/thesis_ws/install/game_unity_bridge:/home/matheus/thesis_ws/install/game_session:/home/matheus/thesis_ws/install/game_input_mapping:/home/matheus/thesis_ws/install/encoder_guidao:/home/matheus/thesis_ws/install/encoder_device:/home/matheus/thesis_ws/install/data_logger:/home/matheus/thesis_ws/install/controller_guidao:/home/matheus/Desktop/TestesROS2/ros_unity_ws/install/ros_tcp_endpoint:/home/matheus/Desktop/TestesROS2/microros_ws/install/micro_ros_setup:/home/matheus/Desktop/TestesROS2/microros_ws/install/micro_ros_agent:/home/matheus/Desktop/TestesROS2/microros_ws/install/micro_ros_msgs:/opt/ros/humble', 'SHELL': '/bin/bash', 'LC_NAME': 'pt_BR.UTF-8', 'QT_ACCESSIBILITY': '1', 'GDMSESSION': 'ubuntu-xorg', 'LESSCLOSE': '/usr/bin/lesspipe %s %s', 'LC_MEASUREMENT': 'pt_BR.UTF-8', 'GPG_AGENT_INFO': '/run/user/1000/gnupg/S.gpg-agent:0:1', 'LC_IDENTIFICATION': 'pt_BR.UTF-8', 'QT_IM_MODULE': 'ibus', 'PWD': '/home/matheus/thesis_ws/build/hal_signal_processing', 'LC_ALL': 'en_US.UTF-8', 'XDG_CONFIG_DIRS': '/etc/xdg/xdg-ubuntu-xorg:/etc/xdg', 'XDG_DATA_DIRS': '/usr/share/ubuntu-xorg:/usr/share/gnome:/usr/local/share/:/usr/share/:/var/lib/snapd/desktop', 'PYTHONPATH': '/home/matheus/thesis_ws/build/hal_signal_processing/prefix_override:/usr/lib/python3/dist-packages/colcon_core/task/python/colcon_distutils_commands:/home/matheus/thesis_ws/install/hal_signal_processing/lib/python3.10/site-packages:/home/matheus/thesis_ws/install/hal_signal_processing/lib/python3.10/site-packages:/home/matheus/thesis_ws/install/hal_interfaces/local/lib/python3.10/dist-packages:/home/matheus/thesis_ws/install/hal_device_manager/lib/python3.10/site-packages:/home/matheus/thesis_ws/install/game_unity_bridge/lib/python3.10/site-packages:/home/matheus/thesis_ws/install/game_session/lib/python3.10/site-packages:/home/matheus/thesis_ws/install/game_input_mapping/lib/python3.10/site-packages:/home/matheus/thesis_ws/install/encoder_guidao/lib/python3.10/site-packages:/home/matheus/thesis_ws/install/encoder_device/lib/python3.10/site-packages:/home/matheus/thesis_ws/install/data_logger/lib/python3.10/site-packages:/home/matheus/thesis_ws/install/controller_guidao/lib/python3.10/site-packages:/home/matheus/Desktop/TestesROS2/ros_unity_ws/install/ros_tcp_endpoint/lib/python3.10/site-packages:/home/matheus/Desktop/TestesROS2/microros_ws/install/micro_ros_msgs/local/lib/python3.10/dist-packages:/opt/ros/humble/lib/python3.10/site-packages:/opt/ros/humble/local/lib/python3.10/dist-packages', 'LC_NUMERIC': 'pt_BR.UTF-8', 'LC_PAPER': 'pt_BR.UTF-8', 'COLCON': '1', 'VTE_VERSION': '6800', 'CMAKE_PREFIX_PATH': '/home/matheus/thesis_ws/install/thesis_interfaces:/home/matheus/thesis_ws/install/hal_interfaces:/home/matheus/Desktop/TestesROS2/microros_ws/install/micro_ros_setup:/home/matheus/Desktop/TestesROS2/microros_ws/install/micro_ros_agent:/home/matheus/Desktop/TestesROS2/microros_ws/install/micro_ros_msgs'}, 'shell': False}
[2.506385] (controller_guidao) Command: {'cmd': ['/usr/bin/python3', '-W', 'ignore:setup.py install is deprecated', '-W', 'ignore:easy_install command is deprecated', 'setup.py', 'egg_info', '--egg-base', '../../build/controller_guidao', 'build', '--build-base', '/home/matheus/thesis_ws/build/controller_guidao/build', 'install', '--record', '/home/matheus/thesis_ws/build/controller_guidao/install.log', '--install-scripts', '$base/lib/controller_guidao', '--single-version-externally-managed', 'install_data'], 'cwd': '/home/matheus/thesis_ws/src/controller_guidao', 'env': {'LESSOPEN': '| /usr/bin/lesspipe %s', 'USER': 'matheus', 'LC_TIME': 'pt_BR.UTF-8', 'XDG_SESSION_TYPE': 'x11', 'SHLVL': '1', 'LD_LIBRARY_PATH': '/home/matheus/thesis_ws/install/hal_interfaces/lib:/home/matheus/Desktop/TestesROS2/microros_ws/install/micro_ros_agent/lib:/home/matheus/Desktop/TestesROS2/microros_ws/install/micro_ros_msgs/lib:/opt/ros/humble/opt/rviz_ogre_vendor/lib:/opt/ros/humble/lib/x86_64-linux-gnu:/opt/ros/humble/lib', 'HOME': '/home/matheus', 'OLDPWD': '/home/matheus', 'DESKTOP_SESSION': 'ubuntu-xorg', 'ROS_PYTHON_VERSION': '3', 'GNOME_SHELL_SESSION_MODE': 'ubuntu', 'GTK_MODULES': 'gail:atk-bridge', 'LC_MONETARY': 'pt_BR.UTF-8', 'LC_CTYPE': 'pt_BR.UTF-8', 'SYSTEMD_EXEC_PID': '1746', 'DBUS_SESSION_BUS_ADDRESS': 'unix:path=/run/user/1000/bus', 'COLORTERM': 'truecolor', 'COLCON_PREFIX_PATH': '/home/matheus/thesis_ws/install:/home/matheus/Desktop/TestesROS2/ros_unity_ws/install:/home/matheus/Desktop/TestesROS2/microros_ws/install', 'ROS_DISTRO': 'humble', 'GTK_IM_MODULE': 'ibus', 'LOGNAME': 'matheus', '_': '/usr/bin/colcon', 'ROS_VERSION': '2', 'XDG_SESSION_CLASS': 'user', 'USERNAME': 'matheus', 'TERM': 'xterm-256color', 'GNOME_DESKTOP_SESSION_ID': 'this-is-deprecated', 'ROS_LOCALHOST_ONLY': '0', 'WINDOWPATH': '2', 'PATH': '/opt/ros/humble/bin:/home/matheus/.local/bin:/usr/local/sbin:/usr/local/bin:/usr/sbin:/usr/bin:/sbin:/bin:/usr/games:/usr/local/games:/snap/bin:/snap/bin:/home/matheus/.platformio/penv/bin', 'SESSION_MANAGER': 'local/matheus-300E5M-300E5L:@/tmp/.ICE-unix/1722,unix/matheus-300E5M-300E5L:/tmp/.ICE-unix/1722', 'XDG_MENU_PREFIX': 'gnome-', 'LC_ADDRESS': 'pt_BR.UTF-8', 'GNOME_TERMINAL_SCREEN': '/org/gnome/Terminal/screen/f70c918e_603a_40e9_ad59_37335646557a', 'XDG_RUNTIME_DIR': '/run/user/1000', 'DISPLAY': ':0', 'LANG': 'en_US.UTF-8', 'XDG_CURRENT_DESKTOP': 'ubuntu:GNOME', 'LC_TELEPHONE': 'pt_BR.UTF-8', 'XMODIFIERS': '@im=ibus', 'XDG_SESSION_DESKTOP': 'ubuntu-xorg', 'XAUTHORITY': '/run/user/1000/gdm/Xauthority', 'LS_COLORS': 'rs=0:di=01;34:ln=01;36:mh=00:pi=40;33:so=01;35:do=01;35:bd=40;33;01:cd=40;33;01:or=40;31;01:mi=00:su=37;41:sg=30;43:ca=30;41:tw=30;42:ow=34;42:st=37;44:ex=01;32:*.tar=01;31:*.tgz=01;31:*.arc=01;31:*.arj=01;31:*.taz=01;31:*.lha=01;31:*.lz4=01;31:*.lzh=01;31:*.lzma=01;31:*.tlz=01;31:*.txz=01;31:*.tzo=01;31:*.t7z=01;31:*.zip=01;31:*.z=01;31:*.dz=01;31:*.gz=01;31:*.lrz=01;31:*.lz=01;31:*.lzo=01;31:*.xz=01;31:*.zst=01;31:*.tzst=01;31:*.bz2=01;31:*.bz=01;31:*.tbz=01;31:*.tbz2=01;31:*.tz=01;31:*.deb=01;31:*.rpm=01;31:*.jar=01;31:*.war=01;31:*.ear=01;31:*.sar=01;31:*.rar=01;31:*.alz=01;31:*.ace=01;31:*.zoo=01;31:*.cpio=01;31:*.7z=01;31:*.rz=01;31:*.cab=01;31:*.wim=01;31:*.swm=01;31:*.dwm=01;31:*.esd=01;31:*.jpg=01;35:*.jpeg=01;35:*.mjpg=01;35:*.mjpeg=01;35:*.gif=01;35:*.bmp=01;35:*.pbm=01;35:*.pgm=01;35:*.ppm=01;35:*.tga=01;35:*.xbm=01;35:*.xpm=01;35:*.tif=01;35:*.tiff=01;35:*.png=01;35:*.svg=01;35:*.svgz=01;35:*.mng=01;35:*.pcx=01;35:*.mov=01;35:*.mpg=01;35:*.mpeg=01;35:*.m2v=01;35:*.mkv=01;35:*.webm=01;35:*.webp=01;35:*.ogm=01;35:*.mp4=01;35:*.m4v=01;35:*.mp4v=01;35:*.vob=01;35:*.qt=01;35:*.nuv=01;35:*.wmv=01;35:*.asf=01;35:*.rm=01;35:*.rmvb=01;35:*.flc=01;35:*.avi=01;35:*.fli=01;35:*.flv=01;35:*.gl=01;35:*.dl=01;35:*.xcf=01;35:*.xwd=01;35:*.yuv=01;35:*.cgm=01;35:*.emf=01;35:*.ogv=01;35:*.ogx=01;35:*.aac=00;36:*.au=00;36:*.flac=00;36:*.m4a=00;36:*.mid=00;36:*.midi=00;36:*.mka=00;36:*.mp3=00;36:*.mpc=00;36:*.ogg=00;36:*.ra=00;36:*.wav=00;36:*.oga=00;36:*.opus=00;36:*.spx=00;36:*.xspf=00;36:', 'GNOME_TERMINAL_SERVICE': ':1.217', 'SSH_AGENT_LAUNCHER': 'gnome-keyring', 'SSH_AUTH_SOCK': '/run/user/1000/keyring/ssh', 'AMENT_PREFIX_PATH': '/home/matheus/thesis_ws/install/thesis_interfaces:/home/matheus/thesis_ws/install/hal_signal_processing:/home/matheus/thesis_ws/install/hal_interfaces:/home/matheus/thesis_ws/install/hal_device_manager:/home/matheus/thesis_ws/install/game_unity_bridge:/home/matheus/thesis_ws/install/game_session:/home/matheus/thesis_ws/install/game_input_mapping:/home/matheus/thesis_ws/install/encoder_guidao:/home/matheus/thesis_ws/install/encoder_device:/home/matheus/thesis_ws/install/data_logger:/home/matheus/thesis_ws/install/controller_guidao:/home/matheus/Desktop/TestesROS2/ros_unity_ws/install/ros_tcp_endpoint:/home/matheus/Desktop/TestesROS2/microros_ws/install/micro_ros_setup:/home/matheus/Desktop/TestesROS2/microros_ws/install/micro_ros_agent:/home/matheus/Desktop/TestesROS2/microros_ws/install/micro_ros_msgs:/opt/ros/humble', 'SHELL': '/bin/bash', 'LC_NAME': 'pt_BR.UTF-8', 'QT_ACCESSIBILITY': '1', 'GDMSESSION': 'ubuntu-xorg', 'LESSCLOSE': '/usr/bin/lesspipe %s %s', 'LC_MEASUREMENT': 'pt_BR.UTF-8', 'GPG_AGENT_INFO': '/run/user/1000/gnupg/S.gpg-agent:0:1', 'LC_IDENTIFICATION': 'pt_BR.UTF-8', 'QT_IM_MODULE': 'ibus', 'PWD': '/home/matheus/thesis_ws/build/controller_guidao', 'LC_ALL': 'en_US.UTF-8', 'XDG_CONFIG_DIRS': '/etc/xdg/xdg-ubuntu-xorg:/etc/xdg', 'XDG_DATA_DIRS': '/usr/share/ubuntu-xorg:/usr/share/gnome:/usr/local/share/:/usr/share/:/var/lib/snapd/desktop', 'PYTHONPATH': '/home/matheus/thesis_ws/build/controller_guidao/prefix_override:/usr/lib/python3/dist-packages/colcon_core/task/python/colcon_distutils_commands:/home/matheus/thesis_ws/install/controller_guidao/lib/python3.10/site-packages:/home/matheus/thesis_ws/install/hal_signal_processing/lib/python3.10/site-packages:/home/matheus/thesis_ws/install/hal_interfaces/local/lib/python3.10/dist-packages:/home/matheus/thesis_ws/install/hal_device_manager/lib/python3.10/site-packages:/home/matheus/thesis_ws/install/game_unity_bridge/lib/python3.10/site-packages:/home/matheus/thesis_ws/install/game_session/lib/python3.10/site-packages:/home/matheus/thesis_ws/install/game_input_mapping/lib/python3.10/site-packages:/home/matheus/thesis_ws/install/encoder_guidao/lib/python3.10/site-packages:/home/matheus/thesis_ws/install/encoder_device/lib/python3.10/site-packages:/home/matheus/thesis_ws/install/data_logger/lib/python3.10/site-packages:/home/matheus/thesis_ws/install/controller_guidao/lib/python3.10/site-packages:/home/matheus/Desktop/TestesROS2/ros_unity_ws/install/ros_tcp_endpoint/lib/python3.10/site-packages:/home/matheus/Desktop/TestesROS2/microros_ws/install/micro_ros_msgs/local/lib/python3.10/dist-packages:/opt/ros/humble/lib/python3.10/site-packages:/opt/ros/humble/local/lib/python3.10/dist-packages', 'LC_NUMERIC': 'pt_BR.UTF-8', 'LC_PAPER': 'pt_BR.UTF-8', 'COLCON': '1', 'VTE_VERSION': '6800', 'CMAKE_PREFIX_PATH': '/home/matheus/thesis_ws/install/thesis_interfaces:/home/matheus/thesis_ws/install/hal_interfaces:/home/matheus/Desktop/TestesROS2/microros_ws/install/micro_ros_setup:/home/matheus/Desktop/TestesROS2/microros_ws/install/micro_ros_agent:/home/matheus/Desktop/TestesROS2/microros_ws/install/micro_ros_msgs'}, 'shell': False}
[2.509278] (-) TimerEvent: {}
[2.509636] (data_logger) Command: {'cmd': ['/usr/bin/python3', '-W', 'ignore:setup.py install is deprecated', '-W', 'ignore:easy_install command is deprecated', 'setup.py', 'egg_info', '--egg-base', '../../build/data_logger', 'build', '--build-base', '/home/matheus/thesis_ws/build/data_logger/build', 'install', '--record', '/home/matheus/thesis_ws/build/data_logger/install.log', '--install-scripts', '$base/lib/data_logger', '--single-version-externally-managed', 'install_data'], 'cwd': '/home/matheus/thesis_ws/src/data_logger', 'env': {'LESSOPEN': '| /usr/bin/lesspipe %s', 'USER': 'matheus', 'LC_TIME': 'pt_BR.UTF-8', 'XDG_SESSION_TYPE': 'x11', 'SHLVL': '1', 'LD_LIBRARY_PATH': '/home/matheus/thesis_ws/install/hal_interfaces/lib:/home/matheus/Desktop/TestesROS2/microros_ws/install/micro_ros_agent/lib:/home/matheus/Desktop/TestesROS2/microros_ws/install/micro_ros_msgs/lib:/opt/ros/humble/opt/rviz_ogre_vendor/lib:/opt/ros/humble/lib/x86_64-linux-gnu:/opt/ros/humble/lib', 'HOME': '/home/matheus', 'OLDPWD': '/home/matheus', 'DESKTOP_SESSION': 'ubuntu-xorg', 'ROS_PYTHON_VERSION': '3', 'GNOME_SHELL_SESSION_MODE': 'ubuntu', 'GTK_MODULES': 'gail:atk-bridge', 'LC_MONETARY': 'pt_BR.UTF-8', 'LC_CTYPE': 'pt_BR.UTF-8', 'SYSTEMD_EXEC_PID': '1746', 'DBUS_SESSION_BUS_ADDRESS': 'unix:path=/run/user/1000/bus', 'COLORTERM': 'truecolor', 'COLCON_PREFIX_PATH': '/home/matheus/thesis_ws/install:/home/matheus/Desktop/TestesROS2/ros_unity_ws/install:/home/matheus/Desktop/TestesROS2/microros_ws/install', 'ROS_DISTRO': 'humble', 'GTK_IM_MODULE': 'ibus', 'LOGNAME': 'matheus', '_': '/usr/bin/colcon', 'ROS_VERSION': '2', 'XDG_SESSION_CLASS': 'user', 'USERNAME': 'matheus', 'TERM': 'xterm-256color', 'GNOME_DESKTOP_SESSION_ID': 'this-is-deprecated', 'ROS_LOCALHOST_ONLY': '0', 'WINDOWPATH': '2', 'PATH': '/opt/ros/humble/bin:/home/matheus/.local/bin:/usr/local/sbin:/usr/local/bin:/usr/sbin:/usr/bin:/sbin:/bin:/usr/games:/usr/local/games:/snap/bin:/snap/bin:/home/matheus/.platformio/penv/bin', 'SESSION_MANAGER': 'local/matheus-300E5M-300E5L:@/tmp/.ICE-unix/1722,unix/matheus-300E5M-300E5L:/tmp/.ICE-unix/1722', 'XDG_MENU_PREFIX': 'gnome-', 'LC_ADDRESS': 'pt_BR.UTF-8', 'GNOME_TERMINAL_SCREEN': '/org/gnome/Terminal/screen/f70c918e_603a_40e9_ad59_37335646557a', 'XDG_RUNTIME_DIR': '/run/user/1000', 'DISPLAY': ':0', 'LANG': 'en_US.UTF-8', 'XDG_CURRENT_DESKTOP': 'ubuntu:GNOME', 'LC_TELEPHONE': 'pt_BR.UTF-8', 'XMODIFIERS': '@im=ibus', 'XDG_SESSION_DESKTOP': 'ubuntu-xorg', 'XAUTHORITY': '/run/user/1000/gdm/Xauthority', 'LS_COLORS': 'rs=0:di=01;34:ln=01;36:mh=00:pi=40;33:so=01;35:do=01;35:bd=40;33;01:cd=40;33;01:or=40;31;01:mi=00:su=37;41:sg=30;43:ca=30;41:tw=30;42:ow=34;42:st=37;44:ex=01;32:*.tar=01;31:*.tgz=01;31:*.arc=01;31:*.arj=01;31:*.taz=01;31:*.lha=01;31:*.lz4=01;31:*.lzh=01;31:*.lzma=01;31:*.tlz=01;31:*.txz=01;31:*.tzo=01;31:*.t7z=01;31:*.zip=01;31:*.z=01;31:*.dz=01;31:*.gz=01;31:*.lrz=01;31:*.lz=01;31:*.lzo=01;31:*.xz=01;31:*.zst=01;31:*.tzst=01;31:*.bz2=01;31:*.bz=01;31:*.tbz=01;31:*.tbz2=01;31:*.tz=01;31:*.deb=01;31:*.rpm=01;31:*.jar=01;31:*.war=01;31:*.ear=01;31:*.sar=01;31:*.rar=01;31:*.alz=01;31:*.ace=01;31:*.zoo=01;31:*.cpio=01;31:*.7z=01;31:*.rz=01;31:*.cab=01;31:*.wim=01;31:*.swm=01;31:*.dwm=01;31:*.esd=01;31:*.jpg=01;35:*.jpeg=01;35:*.mjpg=01;35:*.mjpeg=01;35:*.gif=01;35:*.bmp=01;35:*.pbm=01;35:*.pgm=01;35:*.ppm=01;35:*.tga=01;35:*.xbm=01;35:*.xpm=01;35:*.tif=01;35:*.tiff=01;35:*.png=01;35:*.svg=01;35:*.svgz=01;35:*.mng=01;35:*.pcx=01;35:*.mov=01;35:*.mpg=01;35:*.mpeg=01;35:*.m2v=01;35:*.mkv=01;35:*.webm=01;35:*.webp=01;35:*.ogm=01;35:*.mp4=01;35:*.m4v=01;35:*.mp4v=01;35:*.vob=01;35:*.qt=01;35:*.nuv=01;35:*.wmv=01;35:*.asf=01;35:*.rm=01;35:*.rmvb=01;35:*.flc=01;35:*.avi=01;35:*.fli=01;35:*.flv=01;35:*.gl=01;35:*.dl=01;35:*.xcf=01;35:*.xwd=01;35:*.yuv=01;35:*.cgm=01;35:*.emf=01;35:*.ogv=01;35:*.ogx=01;35:*.aac=00;36:*.au=00;36:*.flac=00;36:*.m4a=00;36:*.mid=00;36:*.midi=00;36:*.mka=00;36:*.mp3=00;36:*.mpc=00;36:*.ogg=00;36:*.ra=00;36:*.wav=00;36:*.oga=00;36:*.opus=00;36:*.spx=00;36:*.xspf=00;36:', 'GNOME_TERMINAL_SERVICE': ':1.217', 'SSH_AGENT_LAUNCHER': 'gnome-keyring', 'SSH_AUTH_SOCK': '/run/user/1000/keyring/ssh', 'AMENT_PREFIX_PATH': '/home/matheus/thesis_ws/install/thesis_interfaces:/home/matheus/thesis_ws/install/hal_signal_processing:/home/matheus/thesis_ws/install/hal_interfaces:/home/matheus/thesis_ws/install/hal_device_manager:/home/matheus/thesis_ws/install/game_unity_bridge:/home/matheus/thesis_ws/install/game_session:/home/matheus/thesis_ws/install/game_input_mapping:/home/matheus/thesis_ws/install/encoder_guidao:/home/matheus/thesis_ws/install/encoder_device:/home/matheus/thesis_ws/install/data_logger:/home/matheus/thesis_ws/install/controller_guidao:/home/matheus/Desktop/TestesROS2/ros_unity_ws/install/ros_tcp_endpoint:/home/matheus/Desktop/TestesROS2/microros_ws/install/micro_ros_setup:/home/matheus/Desktop/TestesROS2/microros_ws/install/micro_ros_agent:/home/matheus/Desktop/TestesROS2/microros_ws/install/micro_ros_msgs:/opt/ros/humble', 'SHELL': '/bin/bash', 'LC_NAME': 'pt_BR.UTF-8', 'QT_ACCESSIBILITY': '1', 'GDMSESSION': 'ubuntu-xorg', 'LESSCLOSE': '/usr/bin/lesspipe %s %s', 'LC_MEASUREMENT': 'pt_BR.UTF-8', 'GPG_AGENT_INFO': '/run/user/1000/gnupg/S.gpg-agent:0:1', 'LC_IDENTIFICATION': 'pt_BR.UTF-8', 'QT_IM_MODULE': 'ibus', 'PWD': '/home/matheus/thesis_ws/build/data_logger', 'LC_ALL': 'en_US.UTF-8', 'XDG_CONFIG_DIRS': '/etc/xdg/xdg-ubuntu-xorg:/etc/xdg', 'XDG_DATA_DIRS': '/usr/share/ubuntu-xorg:/usr/share/gnome:/usr/local/share/:/usr/share/:/var/lib/snapd/desktop', 'PYTHONPATH': '/home/matheus/thesis_ws/build/data_logger/prefix_override:/usr/lib/python3/dist-packages/colcon_core/task/python/colcon_distutils_commands:/home/matheus/thesis_ws/install/data_logger/lib/python3.10/site-packages:/home/matheus/thesis_ws/install/hal_signal_processing/lib/python3.10/site-packages:/home/matheus/thesis_ws/install/hal_interfaces/local/lib/python3.10/dist-packages:/home/matheus/thesis_ws/install/hal_device_manager/lib/python3.10/site-packages:/home/matheus/thesis_ws/install/game_unity_bridge/lib/python3.10/site-packages:/home/matheus/thesis_ws/install/game_session/lib/python3.10/site-packages:/home/matheus/thesis_ws/install/game_input_mapping/lib/python3.10/site-packages:/home/matheus/thesis_ws/install/encoder_guidao/lib/python3.10/site-packages:/home/matheus/thesis_ws/install/encoder_device/lib/python3.10/site-packages:/home/matheus/thesis_ws/install/data_logger/lib/python3.10/site-packages:/home/matheus/thesis_ws/install/controller_guidao/lib/python3.10/site-packages:/home/matheus/Desktop/TestesROS2/ros_unity_ws/install/ros_tcp_endpoint/lib/python3.10/site-packages:/home/matheus/Desktop/TestesROS2/microros_ws/install/micro_ros_msgs/local/lib/python3.10/dist-packages:/opt/ros/humble/lib/python3.10/site-packages:/opt/ros/humble/local/lib/python3.10/dist-packages', 'LC_NUMERIC': 'pt_BR.UTF-8', 'LC_PAPER': 'pt_BR.UTF-8', 'COLCON': '1', 'VTE_VERSION': '6800', 'CMAKE_PREFIX_PATH': '/home/matheus/thesis_ws/install/thesis_interfaces:/home/matheus/thesis_ws/install/hal_interfaces:/home/matheus/Desktop/TestesROS2/microros_ws/install/micro_ros_setup:/home/matheus/Desktop/TestesROS2/microros_ws/install/micro_ros_agent:/home/matheus/Desktop/TestesROS2/microros_ws/install/micro_ros_msgs'}, 'shell': False}
[2.512006] (encoder_device) Command: {'cmd': ['/usr/bin/python3', '-W', 'ignore:setup.py install is deprecated', '-W', 'ignore:easy_install command is deprecated', 'setup.py', 'egg_info', '--egg-base', '../../build/encoder_device', 'build', '--build-base', '/home/matheus/thesis_ws/build/encoder_device/build', 'install', '--record', '/home/matheus/thesis_ws/build/encoder_device/install.log', '--install-scripts', '$base/lib/encoder_device', '--single-version-externally-managed', 'install_data'], 'cwd': '/home/matheus/thesis_ws/src/encoder_device', 'env': {'LESSOPEN': '| /usr/bin/lesspipe %s', 'USER': 'matheus', 'LC_TIME': 'pt_BR.UTF-8', 'XDG_SESSION_TYPE': 'x11', 'SHLVL': '1', 'LD_LIBRARY_PATH': '/home/matheus/thesis_ws/install/hal_interfaces/lib:/home/matheus/Desktop/TestesROS2/microros_ws/install/micro_ros_agent/lib:/home/matheus/Desktop/TestesROS2/microros_ws/install/micro_ros_msgs/lib:/opt/ros/humble/opt/rviz_ogre_vendor/lib:/opt/ros/humble/lib/x86_64-linux-gnu:/opt/ros/humble/lib', 'HOME': '/home/matheus', 'OLDPWD': '/home/matheus', 'DESKTOP_SESSION': 'ubuntu-xorg', 'ROS_PYTHON_VERSION': '3', 'GNOME_SHELL_SESSION_MODE': 'ubuntu', 'GTK_MODULES': 'gail:atk-bridge', 'LC_MONETARY': 'pt_BR.UTF-8', 'LC_CTYPE': 'pt_BR.UTF-8', 'SYSTEMD_EXEC_PID': '1746', 'DBUS_SESSION_BUS_ADDRESS': 'unix:path=/run/user/1000/bus', 'COLORTERM': 'truecolor', 'COLCON_PREFIX_PATH': '/home/matheus/thesis_ws/install:/home/matheus/Desktop/TestesROS2/ros_unity_ws/install:/home/matheus/Desktop/TestesROS2/microros_ws/install', 'ROS_DISTRO': 'humble', 'GTK_IM_MODULE': 'ibus', 'LOGNAME': 'matheus', '_': '/usr/bin/colcon', 'ROS_VERSION': '2', 'XDG_SESSION_CLASS': 'user', 'USERNAME': 'matheus', 'TERM': 'xterm-256color', 'GNOME_DESKTOP_SESSION_ID': 'this-is-deprecated', 'ROS_LOCALHOST_ONLY': '0', 'WINDOWPATH': '2', 'PATH': '/opt/ros/humble/bin:/home/matheus/.local/bin:/usr/local/sbin:/usr/local/bin:/usr/sbin:/usr/bin:/sbin:/bin:/usr/games:/usr/local/games:/snap/bin:/snap/bin:/home/matheus/.platformio/penv/bin', 'SESSION_MANAGER': 'local/matheus-300E5M-300E5L:@/tmp/.ICE-unix/1722,unix/matheus-300E5M-300E5L:/tmp/.ICE-unix/1722', 'XDG_MENU_PREFIX': 'gnome-', 'LC_ADDRESS': 'pt_BR.UTF-8', 'GNOME_TERMINAL_SCREEN': '/org/gnome/Terminal/screen/f70c918e_603a_40e9_ad59_37335646557a', 'XDG_RUNTIME_DIR': '/run/user/1000', 'DISPLAY': ':0', 'LANG': 'en_US.UTF-8', 'XDG_CURRENT_DESKTOP': 'ubuntu:GNOME', 'LC_TELEPHONE': 'pt_BR.UTF-8', 'XMODIFIERS': '@im=ibus', 'XDG_SESSION_DESKTOP': 'ubuntu-xorg', 'XAUTHORITY': '/run/user/1000/gdm/Xauthority', 'LS_COLORS': 'rs=0:di=01;34:ln=01;36:mh=00:pi=40;33:so=01;35:do=01;35:bd=40;33;01:cd=40;33;01:or=40;31;01:mi=00:su=37;41:sg=30;43:ca=30;41:tw=30;42:ow=34;42:st=37;44:ex=01;32:*.tar=01;31:*.tgz=01;31:*.arc=01;31:*.arj=01;31:*.taz=01;31:*.lha=01;31:*.lz4=01;31:*.lzh=01;31:*.lzma=01;31:*.tlz=01;31:*.txz=01;31:*.tzo=01;31:*.t7z=01;31:*.zip=01;31:*.z=01;31:*.dz=01;31:*.gz=01;31:*.lrz=01;31:*.lz=01;31:*.lzo=01;31:*.xz=01;31:*.zst=01;31:*.tzst=01;31:*.bz2=01;31:*.bz=01;31:*.tbz=01;31:*.tbz2=01;31:*.tz=01;31:*.deb=01;31:*.rpm=01;31:*.jar=01;31:*.war=01;31:*.ear=01;31:*.sar=01;31:*.rar=01;31:*.alz=01;31:*.ace=01;31:*.zoo=01;31:*.cpio=01;31:*.7z=01;31:*.rz=01;31:*.cab=01;31:*.wim=01;31:*.swm=01;31:*.dwm=01;31:*.esd=01;31:*.jpg=01;35:*.jpeg=01;35:*.mjpg=01;35:*.mjpeg=01;35:*.gif=01;35:*.bmp=01;35:*.pbm=01;35:*.pgm=01;35:*.ppm=01;35:*.tga=01;35:*.xbm=01;35:*.xpm=01;35:*.tif=01;35:*.tiff=01;35:*.png=01;35:*.svg=01;35:*.svgz=01;35:*.mng=01;35:*.pcx=01;35:*.mov=01;35:*.mpg=01;35:*.mpeg=01;35:*.m2v=01;35:*.mkv=01;35:*.webm=01;35:*.webp=01;35:*.ogm=01;35:*.mp4=01;35:*.m4v=01;35:*.mp4v=01;35:*.vob=01;35:*.qt=01;35:*.nuv=01;35:*.wmv=01;35:*.asf=01;35:*.rm=01;35:*.rmvb=01;35:*.flc=01;35:*.avi=01;35:*.fli=01;35:*.flv=01;35:*.gl=01;35:*.dl=01;35:*.xcf=01;35:*.xwd=01;35:*.yuv=01;35:*.cgm=01;35:*.emf=01;35:*.ogv=01;35:*.ogx=01;35:*.aac=00;36:*.au=00;36:*.flac=00;36:*.m4a=00;36:*.mid=00;36:*.midi=00;36:*.mka=00;36:*.mp3=00;36:*.mpc=00;36:*.ogg=00;36:*.ra=00;36:*.wav=00;36:*.oga=00;36:*.opus=00;36:*.spx=00;36:*.xspf=00;36:', 'GNOME_TERMINAL_SERVICE': ':1.217', 'SSH_AGENT_LAUNCHER': 'gnome-keyring', 'SSH_AUTH_SOCK': '/run/user/1000/keyring/ssh', 'AMENT_PREFIX_PATH': '/home/matheus/thesis_ws/install/thesis_interfaces:/home/matheus/thesis_ws/install/hal_signal_processing:/home/matheus/thesis_ws/install/hal_interfaces:/home/matheus/thesis_ws/install/hal_device_manager:/home/matheus/thesis_ws/install/game_unity_bridge:/home/matheus/thesis_ws/install/game_session:/home/matheus/thesis_ws/install/game_input_mapping:/home/matheus/thesis_ws/install/encoder_guidao:/home/matheus/thesis_ws/install/encoder_device:/home/matheus/thesis_ws/install/data_logger:/home/matheus/thesis_ws/install/controller_guidao:/home/matheus/Desktop/TestesROS2/ros_unity_ws/install/ros_tcp_endpoint:/home/matheus/Desktop/TestesROS2/microros_ws/install/micro_ros_setup:/home/matheus/Desktop/TestesROS2/microros_ws/install/micro_ros_agent:/home/matheus/Desktop/TestesROS2/microros_ws/install/micro_ros_msgs:/opt/ros/humble', 'SHELL': '/bin/bash', 'LC_NAME': 'pt_BR.UTF-8', 'QT_ACCESSIBILITY': '1', 'GDMSESSION': 'ubuntu-xorg', 'LESSCLOSE': '/usr/bin/lesspipe %s %s', 'LC_MEASUREMENT': 'pt_BR.UTF-8', 'GPG_AGENT_INFO': '/run/user/1000/gnupg/S.gpg-agent:0:1', 'LC_IDENTIFICATION': 'pt_BR.UTF-8', 'QT_IM_MODULE': 'ibus', 'PWD': '/home/matheus/thesis_ws/build/encoder_device', 'LC_ALL': 'en_US.UTF-8', 'XDG_CONFIG_DIRS': '/etc/xdg/xdg-ubuntu-xorg:/etc/xdg', 'XDG_DATA_DIRS': '/usr/share/ubuntu-xorg:/usr/share/gnome:/usr/local/share/:/usr/share/:/var/lib/snapd/desktop', 'PYTHONPATH': '/home/matheus/thesis_ws/build/encoder_device/prefix_override:/usr/lib/python3/dist-packages/colcon_core/task/python/colcon_distutils_commands:/home/matheus/thesis_ws/install/encoder_device/lib/python3.10/site-packages:/home/matheus/thesis_ws/install/hal_signal_processing/lib/python3.10/site-packages:/home/matheus/thesis_ws/install/hal_interfaces/local/lib/python3.10/dist-packages:/home/matheus/thesis_ws/install/hal_device_manager/lib/python3.10/site-packages:/home/matheus/thesis_ws/install/game_unity_bridge/lib/python3.10/site-packages:/home/matheus/thesis_ws/install/game_session/lib/python3.10/site-packages:/home/matheus/thesis_ws/install/game_input_mapping/lib/python3.10/site-packages:/home/matheus/thesis_ws/install/encoder_guidao/lib/python3.10/site-packages:/home/matheus/thesis_ws/install/encoder_device/lib/python3.10/site-packages:/home/matheus/thesis_ws/install/data_logger/lib/python3.10/site-packages:/home/matheus/thesis_ws/install/controller_guidao/lib/python3.10/site-packages:/home/matheus/Desktop/TestesROS2/ros_unity_ws/install/ros_tcp_endpoint/lib/python3.10/site-packages:/home/matheus/Desktop/TestesROS2/microros_ws/install/micro_ros_msgs/local/lib/python3.10/dist-packages:/opt/ros/humble/lib/python3.10/site-packages:/opt/ros/humble/local/lib/python3.10/dist-packages', 'LC_NUMERIC': 'pt_BR.UTF-8', 'LC_PAPER': 'pt_BR.UTF-8', 'COLCON': '1', 'VTE_VERSION': '6800', 'CMAKE_PREFIX_PATH': '/home/matheus/thesis_ws/install/thesis_interfaces:/home/matheus/thesis_ws/install/hal_interfaces:/home/matheus/Desktop/TestesROS2/microros_ws/install/micro_ros_setup:/home/matheus/Desktop/TestesROS2/microros_ws/install/micro_ros_agent:/home/matheus/Desktop/TestesROS2/microros_ws/install/micro_ros_msgs'}, 'shell': False}
[2.514046] (hal_device_manager) Command: {'cmd': ['/usr/bin/python3', '-W', 'ignore:setup.py install is deprecated', '-W', 'ignore:easy_install command is deprecated', 'setup.py', 'egg_info', '--egg-base', '../../build/hal_device_manager', 'build', '--build-base', '/home/matheus/thesis_ws/build/hal_device_manager/build', 'install', '--record', '/home/matheus/thesis_ws/build/hal_device_manager/install.log', '--install-scripts', '$base/lib/hal_device_manager', '--single-version-externally-managed', 'install_data'], 'cwd': '/home/matheus/thesis_ws/src/hal_device_manager', 'env': {'LESSOPEN': '| /usr/bin/lesspipe %s', 'USER': 'matheus', 'LC_TIME': 'pt_BR.UTF-8', 'XDG_SESSION_TYPE': 'x11', 'SHLVL': '1', 'LD_LIBRARY_PATH': '/home/matheus/thesis_ws/install/hal_interfaces/lib:/home/matheus/Desktop/TestesROS2/microros_ws/install/micro_ros_agent/lib:/home/matheus/Desktop/TestesROS2/microros_ws/install/micro_ros_msgs/lib:/opt/ros/humble/opt/rviz_ogre_vendor/lib:/opt/ros/humble/lib/x86_64-linux-gnu:/opt/ros/humble/lib', 'HOME': '/home/matheus', 'OLDPWD': '/home/matheus', 'DESKTOP_SESSION': 'ubuntu-xorg', 'ROS_PYTHON_VERSION': '3', 'GNOME_SHELL_SESSION_MODE': 'ubuntu', 'GTK_MODULES': 'gail:atk-bridge', 'LC_MONETARY': 'pt_BR.UTF-8', 'LC_CTYPE': 'pt_BR.UTF-8', 'SYSTEMD_EXEC_PID': '1746', 'DBUS_SESSION_BUS_ADDRESS': 'unix:path=/run/user/1000/bus', 'COLORTERM': 'truecolor', 'COLCON_PREFIX_PATH': '/home/matheus/thesis_ws/install:/home/matheus/Desktop/TestesROS2/ros_unity_ws/install:/home/matheus/Desktop/TestesROS2/microros_ws/install', 'ROS_DISTRO': 'humble', 'GTK_IM_MODULE': 'ibus', 'LOGNAME': 'matheus', '_': '/usr/bin/colcon', 'ROS_VERSION': '2', 'XDG_SESSION_CLASS': 'user', 'USERNAME': 'matheus', 'TERM': 'xterm-256color', 'GNOME_DESKTOP_SESSION_ID': 'this-is-deprecated', 'ROS_LOCALHOST_ONLY': '0', 'WINDOWPATH': '2', 'PATH': '/opt/ros/humble/bin:/home/matheus/.local/bin:/usr/local/sbin:/usr/local/bin:/usr/sbin:/usr/bin:/sbin:/bin:/usr/games:/usr/local/games:/snap/bin:/snap/bin:/home/matheus/.platformio/penv/bin', 'SESSION_MANAGER': 'local/matheus-300E5M-300E5L:@/tmp/.ICE-unix/1722,unix/matheus-300E5M-300E5L:/tmp/.ICE-unix/1722', 'XDG_MENU_PREFIX': 'gnome-', 'LC_ADDRESS': 'pt_BR.UTF-8', 'GNOME_TERMINAL_SCREEN': '/org/gnome/Terminal/screen/f70c918e_603a_40e9_ad59_37335646557a', 'XDG_RUNTIME_DIR': '/run/user/1000', 'DISPLAY': ':0', 'LANG': 'en_US.UTF-8', 'XDG_CURRENT_DESKTOP': 'ubuntu:GNOME', 'LC_TELEPHONE': 'pt_BR.UTF-8', 'XMODIFIERS': '@im=ibus', 'XDG_SESSION_DESKTOP': 'ubuntu-xorg', 'XAUTHORITY': '/run/user/1000/gdm/Xauthority', 'LS_COLORS': 'rs=0:di=01;34:ln=01;36:mh=00:pi=40;33:so=01;35:do=01;35:bd=40;33;01:cd=40;33;01:or=40;31;01:mi=00:su=37;41:sg=30;43:ca=30;41:tw=30;42:ow=34;42:st=37;44:ex=01;32:*.tar=01;31:*.tgz=01;31:*.arc=01;31:*.arj=01;31:*.taz=01;31:*.lha=01;31:*.lz4=01;31:*.lzh=01;31:*.lzma=01;31:*.tlz=01;31:*.txz=01;31:*.tzo=01;31:*.t7z=01;31:*.zip=01;31:*.z=01;31:*.dz=01;31:*.gz=01;31:*.lrz=01;31:*.lz=01;31:*.lzo=01;31:*.xz=01;31:*.zst=01;31:*.tzst=01;31:*.bz2=01;31:*.bz=01;31:*.tbz=01;31:*.tbz2=01;31:*.tz=01;31:*.deb=01;31:*.rpm=01;31:*.jar=01;31:*.war=01;31:*.ear=01;31:*.sar=01;31:*.rar=01;31:*.alz=01;31:*.ace=01;31:*.zoo=01;31:*.cpio=01;31:*.7z=01;31:*.rz=01;31:*.cab=01;31:*.wim=01;31:*.swm=01;31:*.dwm=01;31:*.esd=01;31:*.jpg=01;35:*.jpeg=01;35:*.mjpg=01;35:*.mjpeg=01;35:*.gif=01;35:*.bmp=01;35:*.pbm=01;35:*.pgm=01;35:*.ppm=01;35:*.tga=01;35:*.xbm=01;35:*.xpm=01;35:*.tif=01;35:*.tiff=01;35:*.png=01;35:*.svg=01;35:*.svgz=01;35:*.mng=01;35:*.pcx=01;35:*.mov=01;35:*.mpg=01;35:*.mpeg=01;35:*.m2v=01;35:*.mkv=01;35:*.webm=01;35:*.webp=01;35:*.ogm=01;35:*.mp4=01;35:*.m4v=01;35:*.mp4v=01;35:*.vob=01;35:*.qt=01;35:*.nuv=01;35:*.wmv=01;35:*.asf=01;35:*.rm=01;35:*.rmvb=01;35:*.flc=01;35:*.avi=01;35:*.fli=01;35:*.flv=01;35:*.gl=01;35:*.dl=01;35:*.xcf=01;35:*.xwd=01;35:*.yuv=01;35:*.cgm=01;35:*.emf=01;35:*.ogv=01;35:*.ogx=01;35:*.aac=00;36:*.au=00;36:*.flac=00;36:*.m4a=00;36:*.mid=00;36:*.midi=00;36:*.mka=00;36:*.mp3=00;36:*.mpc=00;36:*.ogg=00;36:*.ra=00;36:*.wav=00;36:*.oga=00;36:*.opus=00;36:*.spx=00;36:*.xspf=00;36:', 'GNOME_TERMINAL_SERVICE': ':1.217', 'SSH_AGENT_LAUNCHER': 'gnome-keyring', 'SSH_AUTH_SOCK': '/run/user/1000/keyring/ssh', 'AMENT_PREFIX_PATH': '/home/matheus/thesis_ws/install/thesis_interfaces:/home/matheus/thesis_ws/install/hal_signal_processing:/home/matheus/thesis_ws/install/hal_interfaces:/home/matheus/thesis_ws/install/hal_device_manager:/home/matheus/thesis_ws/install/game_unity_bridge:/home/matheus/thesis_ws/install/game_session:/home/matheus/thesis_ws/install/game_input_mapping:/home/matheus/thesis_ws/install/encoder_guidao:/home/matheus/thesis_ws/install/encoder_device:/home/matheus/thesis_ws/install/data_logger:/home/matheus/thesis_ws/install/controller_guidao:/home/matheus/Desktop/TestesROS2/ros_unity_ws/install/ros_tcp_endpoint:/home/matheus/Desktop/TestesROS2/microros_ws/install/micro_ros_setup:/home/matheus/Desktop/TestesROS2/microros_ws/install/micro_ros_agent:/home/matheus/Desktop/TestesROS2/microros_ws/install/micro_ros_msgs:/opt/ros/humble', 'SHELL': '/bin/bash', 'LC_NAME': 'pt_BR.UTF-8', 'QT_ACCESSIBILITY': '1', 'GDMSESSION': 'ubuntu-xorg', 'LESSCLOSE': '/usr/bin/lesspipe %s %s', 'LC_MEASUREMENT': 'pt_BR.UTF-8', 'GPG_AGENT_INFO': '/run/user/1000/gnupg/S.gpg-agent:0:1', 'LC_IDENTIFICATION': 'pt_BR.UTF-8', 'QT_IM_MODULE': 'ibus', 'PWD': '/home/matheus/thesis_ws/build/hal_device_manager', 'LC_ALL': 'en_US.UTF-8', 'XDG_CONFIG_DIRS': '/etc/xdg/xdg-ubuntu-xorg:/etc/xdg', 'XDG_DATA_DIRS': '/usr/share/ubuntu-xorg:/usr/share/gnome:/usr/local/share/:/usr/share/:/var/lib/snapd/desktop', 'PYTHONPATH': '/home/matheus/thesis_ws/build/hal_device_manager/prefix_override:/usr/lib/python3/dist-packages/colcon_core/task/python/colcon_distutils_commands:/home/matheus/thesis_ws/install/hal_device_manager/lib/python3.10/site-packages:/home/matheus/thesis_ws/install/hal_signal_processing/lib/python3.10/site-packages:/home/matheus/thesis_ws/install/hal_interfaces/local/lib/python3.10/dist-packages:/home/matheus/thesis_ws/install/hal_device_manager/lib/python3.10/site-packages:/home/matheus/thesis_ws/install/game_unity_bridge/lib/python3.10/site-packages:/home/matheus/thesis_ws/install/game_session/lib/python3.10/site-packages:/home/matheus/thesis_ws/install/game_input_mapping/lib/python3.10/site-packages:/home/matheus/thesis_ws/install/encoder_guidao/lib/python3.10/site-packages:/home/matheus/thesis_ws/install/encoder_device/lib/python3.10/site-packages:/home/matheus/thesis_ws/install/data_logger/lib/python3.10/site-packages:/home/matheus/thesis_ws/install/controller_guidao/lib/python3.10/site-packages:/home/matheus/Desktop/TestesROS2/ros_unity_ws/install/ros_tcp_endpoint/lib/python3.10/site-packages:/home/matheus/Desktop/TestesROS2/microros_ws/install/micro_ros_msgs/local/lib/python3.10/dist-packages:/opt/ros/humble/lib/python3.10/site-packages:/opt/ros/humble/local/lib/python3.10/dist-packages', 'LC_NUMERIC': 'pt_BR.UTF-8', 'LC_PAPER': 'pt_BR.UTF-8', 'COLCON': '1', 'VTE_VERSION': '6800', 'CMAKE_PREFIX_PATH': '/home/matheus/thesis_ws/install/thesis_interfaces:/home/matheus/thesis_ws/install/hal_interfaces:/home/matheus/Desktop/TestesROS2/microros_ws/install/micro_ros_setup:/home/matheus/Desktop/TestesROS2/microros_ws/install/micro_ros_agent:/home/matheus/Desktop/TestesROS2/microros_ws/install/micro_ros_msgs'}, 'shell': False}
[2.514669] (game_unity_bridge) StdoutLine: {'line': b"writing list of installed files to '/home/matheus/thesis_ws/build/game_unity_bridge/install.log'\n"}
[2.541305] (game_unity_bridge) CommandEnded: {'returncode': 0}
[2.546602] (game_unity_bridge) JobEnded: {'identifier': 'game_unity_bridge', 'rc': 0}
[2.590940] (game_session) StdoutLine: {'line': b'running egg_info\n'}
[2.591909] (game_session) StdoutLine: {'line': b'writing ../../build/game_session/game_session.egg-info/PKG-INFO\n'}
[2.592121] (game_session) StdoutLine: {'line': b'writing dependency_links to ../../build/game_session/game_session.egg-info/dependency_links.txt\n'}
[2.592290] (game_session) StdoutLine: {'line': b'writing entry points to ../../build/game_session/game_session.egg-info/entry_points.txt\n'}
[2.592454] (game_session) StdoutLine: {'line': b'writing requirements to ../../build/game_session/game_session.egg-info/requires.txt\n'}
[2.592576] (game_session) StdoutLine: {'line': b'writing top-level names to ../../build/game_session/game_session.egg-info/top_level.txt\n'}
[2.594869] (game_session) StdoutLine: {'line': b"reading manifest file '../../build/game_session/game_session.egg-info/SOURCES.txt'\n"}
[2.595688] (game_session) StdoutLine: {'line': b"writing manifest file '../../build/game_session/game_session.egg-info/SOURCES.txt'\n"}
[2.595838] (game_session) StdoutLine: {'line': b'running build\n'}
[2.595942] (game_session) StdoutLine: {'line': b'running build_py\n'}
[2.596124] (game_session) StdoutLine: {'line': b'running install\n'}
[2.596453] (game_session) StdoutLine: {'line': b'running install_lib\n'}
[2.597889] (game_session) StdoutLine: {'line': b'running install_data\n'}
[2.598069] (game_session) StdoutLine: {'line': b'running install_egg_info\n'}
[2.600103] (game_session) StdoutLine: {'line': b"removing '/home/matheus/thesis_ws/install/game_session/lib/python3.10/site-packages/game_session-0.0.0-py3.10.egg-info' (and everything under it)\n"}
[2.600460] (game_session) StdoutLine: {'line': b'Copying ../../build/game_session/game_session.egg-info to /home/matheus/thesis_ws/install/game_session/lib/python3.10/site-packages/game_session-0.0.0-py3.10.egg-info\n'}
[2.601453] (game_session) StdoutLine: {'line': b'running install_scripts\n'}
[2.609372] (-) TimerEvent: {}
[2.626081] (game_session) StdoutLine: {'line': b"writing list of installed files to '/home/matheus/thesis_ws/build/game_session/install.log'\n"}
[2.654703] (game_session) CommandEnded: {'returncode': 0}
[2.661619] (game_session) JobEnded: {'identifier': 'game_session', 'rc': 0}
[2.685502] (game_input_mapping) StdoutLine: {'line': b'running egg_info\n'}
[2.685990] (game_input_mapping) StdoutLine: {'line': b'writing ../../build/game_input_mapping/game_input_mapping.egg-info/PKG-INFO\n'}
[2.686158] (game_input_mapping) StdoutLine: {'line': b'writing dependency_links to ../../build/game_input_mapping/game_input_mapping.egg-info/dependency_links.txt\n'}
[2.686289] (game_input_mapping) StdoutLine: {'line': b'writing entry points to ../../build/game_input_mapping/game_input_mapping.egg-info/entry_points.txt\n'}
[2.686410] (game_input_mapping) StdoutLine: {'line': b'writing requirements to ../../build/game_input_mapping/game_input_mapping.egg-info/requires.txt\n'}
[2.686482] (game_input_mapping) StdoutLine: {'line': b'writing top-level names to ../../build/game_input_mapping/game_input_mapping.egg-info/top_level.txt\n'}
[2.688043] (game_input_mapping) StdoutLine: {'line': b"reading manifest file '../../build/game_input_mapping/game_input_mapping.egg-info/SOURCES.txt'\n"}
[2.688589] (game_input_mapping) StdoutLine: {'line': b"writing manifest file '../../build/game_input_mapping/game_input_mapping.egg-info/SOURCES.txt'\n"}
[2.688742] (game_input_mapping) StdoutLine: {'line': b'running build\n'}
[2.688827] (game_input_mapping) StdoutLine: {'line': b'running build_py\n'}
[2.688929] (game_input_mapping) StdoutLine: {'line': b'running install\n'}
[2.689021] (game_input_mapping) StdoutLine: {'line': b'running install_lib\n'}
[2.689845] (game_input_mapping) StdoutLine: {'line': b'running install_data\n'}
[2.689949] (game_input_mapping) StdoutLine: {'line': b'running install_egg_info\n'}
[2.691247] (game_input_mapping) StdoutLine: {'line': b"removing '/home/matheus/thesis_ws/install/game_input_mapping/lib/python3.10/site-packages/game_input_mapping-0.0.0-py3.10.egg-info' (and everything under it)\n"}
[2.691507] (game_input_mapping) StdoutLine: {'line': b'Copying ../../build/game_input_mapping/game_input_mapping.egg-info to /home/matheus/thesis_ws/install/game_input_mapping/lib/python3.10/site-packages/game_input_mapping-0.0.0-py3.10.egg-info\n'}
[2.692076] (game_input_mapping) StdoutLine: {'line': b'running install_scripts\n'}
[2.708969] (game_input_mapping) StdoutLine: {'line': b"writing list of installed files to '/home/matheus/thesis_ws/build/game_input_mapping/install.log'\n"}
[2.709435] (-) TimerEvent: {}
[2.711226] (data_logger) StdoutLine: {'line': b'running egg_info\n'}
[2.711826] (data_logger) StdoutLine: {'line': b'writing ../../build/data_logger/data_logger.egg-info/PKG-INFO\n'}
[2.712026] (data_logger) StdoutLine: {'line': b'writing dependency_links to ../../build/data_logger/data_logger.egg-info/dependency_links.txt\n'}
[2.712122] (data_logger) StdoutLine: {'line': b'writing entry points to ../../build/data_logger/data_logger.egg-info/entry_points.txt\n'}
[2.712211] (data_logger) StdoutLine: {'line': b'writing requirements to ../../build/data_logger/data_logger.egg-info/requires.txt\n'}
[2.712300] (data_logger) StdoutLine: {'line': b'writing top-level names to ../../build/data_logger/data_logger.egg-info/top_level.txt\n'}
[2.713808] (data_logger) StdoutLine: {'line': b"reading manifest file '../../build/data_logger/data_logger.egg-info/SOURCES.txt'\n"}
[2.714309] (data_logger) StdoutLine: {'line': b"writing manifest file '../../build/data_logger/data_logger.egg-info/SOURCES.txt'\n"}
[2.714420] (data_logger) StdoutLine: {'line': b'running build\n'}
[2.714491] (data_logger) StdoutLine: {'line': b'running build_py\n'}
[2.714598] (data_logger) StdoutLine: {'line': b'running install\n'}
[2.714802] (data_logger) StdoutLine: {'line': b'running install_lib\n'}
[2.715711] (data_logger) StdoutLine: {'line': b'running install_data\n'}
[2.715816] (data_logger) StdoutLine: {'line': b'running install_egg_info\n'}
[2.717240] (data_logger) StdoutLine: {'line': b"removing '/home/matheus/thesis_ws/install/data_logger/lib/python3.10/site-packages/data_logger-0.0.0-py3.10.egg-info' (and everything under it)\n"}
[2.717450] (data_logger) StdoutLine: {'line': b'Copying ../../build/data_logger/data_logger.egg-info to /home/matheus/thesis_ws/install/data_logger/lib/python3.10/site-packages/data_logger-0.0.0-py3.10.egg-info\n'}
[2.717885] (data_logger) StdoutLine: {'line': b'running install_scripts\n'}
[2.733131] (game_input_mapping) CommandEnded: {'returncode': 0}
[2.735528] (data_logger) StdoutLine: {'line': b"writing list of installed files to '/home/matheus/thesis_ws/build/data_logger/install.log'\n"}
[2.740154] (game_input_mapping) JobEnded: {'identifier': 'game_input_mapping', 'rc': 0}
[2.755991] (data_logger) CommandEnded: {'returncode': 0}
[2.762812] (data_logger) JobEnded: {'identifier': 'data_logger', 'rc': 0}
[2.787173] (hal_signal_processing) StdoutLine: {'line': b'running egg_info\n'}
[2.787810] (hal_signal_processing) StdoutLine: {'line': b'writing ../../build/hal_signal_processing/hal_signal_processing.egg-info/PKG-INFO\n'}
[2.787962] (hal_signal_processing) StdoutLine: {'line': b'writing dependency_links to ../../build/hal_signal_processing/hal_signal_processing.egg-info/dependency_links.txt\n'}
[2.788080] (hal_signal_processing) StdoutLine: {'line': b'writing entry points to ../../build/hal_signal_processing/hal_signal_processing.egg-info/entry_points.txt\n'}
[2.788175] (hal_signal_processing) StdoutLine: {'line': b'writing requirements to ../../build/hal_signal_processing/hal_signal_processing.egg-info/requires.txt\n'}
[2.788266] (hal_signal_processing) StdoutLine: {'line': b'writing top-level names to ../../build/hal_signal_processing/hal_signal_processing.egg-info/top_level.txt\n'}
[2.789617] (hal_signal_processing) StdoutLine: {'line': b"reading manifest file '../../build/hal_signal_processing/hal_signal_processing.egg-info/SOURCES.txt'\n"}
[2.790115] (hal_signal_processing) StdoutLine: {'line': b"writing manifest file '../../build/hal_signal_processing/hal_signal_processing.egg-info/SOURCES.txt'\n"}
[2.790251] (hal_signal_processing) StdoutLine: {'line': b'running build\n'}
[2.790327] (hal_signal_processing) StdoutLine: {'line': b'running build_py\n'}
[2.790408] (hal_signal_processing) StdoutLine: {'line': b'running install\n'}
[2.790575] (hal_signal_processing) StdoutLine: {'line': b'running install_lib\n'}
[2.791428] (hal_signal_processing) StdoutLine: {'line': b'running install_data\n'}
[2.791527] (hal_signal_processing) StdoutLine: {'line': b'running install_egg_info\n'}
[2.792827] (hal_signal_processing) StdoutLine: {'line': b"removing '/home/matheus/thesis_ws/install/hal_signal_processing/lib/python3.10/site-packages/hal_signal_processing-0.0.0-py3.10.egg-info' (and everything under it)\n"}
[2.793027] (hal_signal_processing) StdoutLine: {'line': b'Copying ../../build/hal_signal_processing/hal_signal_processing.egg-info to /home/matheus/thesis_ws/install/hal_signal_processing/lib/python3.10/site-packages/hal_signal_processing-0.0.0-py3.10.egg-info\n'}
[2.793414] (hal_signal_processing) StdoutLine: {'line': b'running install_scripts\n'}
[2.803138] (hal_device_manager) StdoutLine: {'line': b'running egg_info\n'}
[2.803671] (hal_device_manager) StdoutLine: {'line': b'writing ../../build/hal_device_manager/hal_device_manager.egg-info/PKG-INFO\n'}
[2.803871] (hal_device_manager) StdoutLine: {'line': b'writing dependency_links to ../../build/hal_device_manager/hal_device_manager.egg-info/dependency_links.txt\n'}
[2.803984] (hal_device_manager) StdoutLine: {'line': b'writing entry points to ../../build/hal_device_manager/hal_device_manager.egg-info/entry_points.txt\n'}
[2.804079] (hal_device_manager) StdoutLine: {'line': b'writing requirements to ../../build/hal_device_manager/hal_device_manager.egg-info/requires.txt\n'}
[2.804156] (hal_device_manager) StdoutLine: {'line': b'writing top-level names to ../../build/hal_device_manager/hal_device_manager.egg-info/top_level.txt\n'}
[2.805471] (hal_device_manager) StdoutLine: {'line': b"reading manifest file '../../build/hal_device_manager/hal_device_manager.egg-info/SOURCES.txt'\n"}
[2.805987] (hal_device_manager) StdoutLine: {'line': b"writing manifest file '../../build/hal_device_manager/hal_device_manager.egg-info/SOURCES.txt'\n"}
[2.806095] (hal_device_manager) StdoutLine: {'line': b'running build\n'}
[2.806184] (hal_device_manager) StdoutLine: {'line': b'running build_py\n'}
[2.806288] (hal_device_manager) StdoutLine: {'line': b'running install\n'}
[2.806528] (hal_device_manager) StdoutLine: {'line': b'running install_lib\n'}
[2.807347] (hal_device_manager) StdoutLine: {'line': b'running install_data\n'}
[2.807437] (hal_device_manager) StdoutLine: {'line': b'running install_egg_info\n'}
[2.808743] (hal_device_manager) StdoutLine: {'line': b"removing '/home/matheus/thesis_ws/install/hal_device_manager/lib/python3.10/site-packages/hal_device_manager-0.0.0-py3.10.egg-info' (and everything under it)\n"}
[2.808882] (hal_signal_processing) StdoutLine: {'line': b'Installing signal_processing_node script to /home/matheus/thesis_ws/install/hal_signal_processing/lib/hal_signal_processing\n'}
[2.808989] (hal_device_manager) StdoutLine: {'line': b'Copying ../../build/hal_device_manager/hal_device_manager.egg-info to /home/matheus/thesis_ws/install/hal_device_manager/lib/python3.10/site-packages/hal_device_manager-0.0.0-py3.10.egg-info\n'}
[2.809080] (hal_signal_processing) StdoutLine: {'line': b"writing list of installed files to '/home/matheus/thesis_ws/build/hal_signal_processing/install.log'\n"}
[2.809316] (hal_device_manager) StdoutLine: {'line': b'running install_scripts\n'}
[2.809513] (-) TimerEvent: {}
[2.816031] (encoder_guidao) StdoutLine: {'line': b'running egg_info\n'}
[2.816964] (encoder_guidao) StdoutLine: {'line': b'writing ../../build/encoder_guidao/encoder_guidao.egg-info/PKG-INFO\n'}
[2.817227] (encoder_guidao) StdoutLine: {'line': b'writing dependency_links to ../../build/encoder_guidao/encoder_guidao.egg-info/dependency_links.txt\n'}
[2.817352] (encoder_guidao) StdoutLine: {'line': b'writing entry points to ../../build/encoder_guidao/encoder_guidao.egg-info/entry_points.txt\n'}
[2.817544] (encoder_guidao) StdoutLine: {'line': b'writing requirements to ../../build/encoder_guidao/encoder_guidao.egg-info/requires.txt\n'}
[2.817667] (encoder_guidao) StdoutLine: {'line': b'writing top-level names to ../../build/encoder_guidao/encoder_guidao.egg-info/top_level.txt\n'}
[2.819896] (encoder_guidao) StdoutLine: {'line': b"reading manifest file '../../build/encoder_guidao/encoder_guidao.egg-info/SOURCES.txt'\n"}
[2.820741] (encoder_guidao) StdoutLine: {'line': b"writing manifest file '../../build/encoder_guidao/encoder_guidao.egg-info/SOURCES.txt'\n"}
[2.820919] (encoder_guidao) StdoutLine: {'line': b'running build\n'}
[2.821048] (encoder_guidao) StdoutLine: {'line': b'running build_py\n'}
[2.821274] (encoder_guidao) StdoutLine: {'line': b'running install\n'}
[2.821634] (encoder_guidao) StdoutLine: {'line': b'running install_lib\n'}
[2.823182] (encoder_guidao) StdoutLine: {'line': b'running install_data\n'}
[2.823356] (encoder_guidao) StdoutLine: {'line': b'running install_egg_info\n'}
[2.825576] (encoder_guidao) StdoutLine: {'line': b"removing '/home/matheus/thesis_ws/install/encoder_guidao/lib/python3.10/site-packages/encoder_guidao-0.0.0-py3.10.egg-info' (and everything under it)\n"}
[2.825943] (encoder_guidao) StdoutLine: {'line': b'Copying ../../build/encoder_guidao/encoder_guidao.egg-info to /home/matheus/thesis_ws/install/encoder_guidao/lib/python3.10/site-packages/encoder_guidao-0.0.0-py3.10.egg-info\n'}
[2.826087] (hal_device_manager) StdoutLine: {'line': b'Installing device_manager_node script to /home/matheus/thesis_ws/install/hal_device_manager/lib/hal_device_manager\n'}
[2.826535] (hal_device_manager) StdoutLine: {'line': b"writing list of installed files to '/home/matheus/thesis_ws/build/hal_device_manager/install.log'\n"}
[2.827053] (encoder_guidao) StdoutLine: {'line': b'running install_scripts\n'}
[2.828309] (controller_guidao) StdoutLine: {'line': b'running egg_info\n'}
[2.829316] (controller_guidao) StdoutLine: {'line': b'writing ../../build/controller_guidao/controller_guidao.egg-info/PKG-INFO\n'}
[2.829652] (controller_guidao) StdoutLine: {'line': b'writing dependency_links to ../../build/controller_guidao/controller_guidao.egg-info/dependency_links.txt\n'}
[2.829845] (controller_guidao) StdoutLine: {'line': b'writing entry points to ../../build/controller_guidao/controller_guidao.egg-info/entry_points.txt\n'}
[2.830028] (controller_guidao) StdoutLine: {'line': b'writing requirements to ../../build/controller_guidao/controller_guidao.egg-info/requires.txt\n'}
[2.830176] (controller_guidao) StdoutLine: {'line': b'writing top-level names to ../../build/controller_guidao/controller_guidao.egg-info/top_level.txt\n'}
[2.831846] (hal_signal_processing) CommandEnded: {'returncode': 0}
[2.832585] (controller_guidao) StdoutLine: {'line': b"reading manifest file '../../build/controller_guidao/controller_guidao.egg-info/SOURCES.txt'\n"}
[2.833584] (controller_guidao) StdoutLine: {'line': b"writing manifest file '../../build/controller_guidao/controller_guidao.egg-info/SOURCES.txt'\n"}
[2.833938] (controller_guidao) StdoutLine: {'line': b'running build\n'}
[2.834018] (controller_guidao) StdoutLine: {'line': b'running build_py\n'}
[2.834137] (controller_guidao) StdoutLine: {'line': b'copying controller_guidao/controller_guidao_node.py -> /home/matheus/thesis_ws/build/controller_guidao/build/lib/controller_guidao\n'}
[2.834256] (controller_guidao) StdoutLine: {'line': b'running install\n'}
[2.834379] (encoder_device) StdoutLine: {'line': b'running egg_info\n'}
[2.834736] (controller_guidao) StdoutLine: {'line': b'running install_lib\n'}
[2.835348] (encoder_device) StdoutLine: {'line': b'writing ../../build/encoder_device/encoder_device.egg-info/PKG-INFO\n'}
[2.835492] (encoder_device) StdoutLine: {'line': b'writing dependency_links to ../../build/encoder_device/encoder_device.egg-info/dependency_links.txt\n'}
[2.835688] (controller_guidao) StdoutLine: {'line': b'copying /home/matheus/thesis_ws/build/controller_guidao/build/lib/controller_guidao/controller_guidao_node.py -> /home/matheus/thesis_ws/install/controller_guidao/lib/python3.10/site-packages/controller_guidao\n'}
[2.836090] (encoder_device) StdoutLine: {'line': b'writing entry points to ../../build/encoder_device/encoder_device.egg-info/entry_points.txt\n'}
[2.836173] (encoder_device) StdoutLine: {'line': b'writing requirements to ../../build/encoder_device/encoder_device.egg-info/requires.txt\n'}
[2.836244] (encoder_device) StdoutLine: {'line': b'writing top-level names to ../../build/encoder_device/encoder_device.egg-info/top_level.txt\n'}
[2.836373] (controller_guidao) StdoutLine: {'line': b'byte-compiling /home/matheus/thesis_ws/install/controller_guidao/lib/python3.10/site-packages/controller_guidao/controller_guidao_node.py to controller_guidao_node.cpython-310.pyc\n'}
[2.838429] (encoder_device) StdoutLine: {'line': b"reading manifest file '../../build/encoder_device/encoder_device.egg-info/SOURCES.txt'\n"}
[2.839053] (controller_guidao) StdoutLine: {'line': b'running install_data\n'}
[2.839211] (controller_guidao) StdoutLine: {'line': b'running install_egg_info\n'}
[2.839374] (encoder_device) StdoutLine: {'line': b"writing manifest file '../../build/encoder_device/encoder_device.egg-info/SOURCES.txt'\n"}
[2.841125] (controller_guidao) StdoutLine: {'line': b"removing '/home/matheus/thesis_ws/install/controller_guidao/lib/python3.10/site-packages/controller_guidao-0.0.0-py3.10.egg-info' (and everything under it)\n"}
[2.841477] (controller_guidao) StdoutLine: {'line': b'Copying ../../build/controller_guidao/controller_guidao.egg-info to /home/matheus/thesis_ws/install/controller_guidao/lib/python3.10/site-packages/controller_guidao-0.0.0-py3.10.egg-info\n'}
[2.842466] (controller_guidao) StdoutLine: {'line': b'running install_scripts\n'}
[2.846564] (encoder_guidao) StdoutLine: {'line': b'Installing encoder_guidao_node script to /home/matheus/thesis_ws/install/encoder_guidao/lib/encoder_guidao\n'}
[2.847319] (encoder_device) StdoutLine: {'line': b'running build\n'}
[2.847582] (encoder_device) StdoutLine: {'line': b'running build_py\n'}
[2.847666] (encoder_guidao) StdoutLine: {'line': b"writing list of installed files to '/home/matheus/thesis_ws/build/encoder_guidao/install.log'\n"}
[2.848028] (encoder_device) StdoutLine: {'line': b'running install\n'}
[2.848157] (encoder_device) StdoutLine: {'line': b'running install_lib\n'}
[2.849667] (encoder_device) StdoutLine: {'line': b'running install_data\n'}
[2.849873] (encoder_device) StdoutLine: {'line': b'running install_egg_info\n'}
[2.850016] (hal_signal_processing) JobEnded: {'identifier': 'hal_signal_processing', 'rc': 0}
[2.851250] (hal_device_manager) CommandEnded: {'returncode': 0}
[2.851951] (encoder_device) StdoutLine: {'line': b"removing '/home/matheus/thesis_ws/install/encoder_device/lib/python3.10/site-packages/encoder_device-0.0.0-py3.10.egg-info' (and everything under it)\n"}
[2.852297] (encoder_device) StdoutLine: {'line': b'Copying ../../build/encoder_device/encoder_device.egg-info to /home/matheus/thesis_ws/install/encoder_device/lib/python3.10/site-packages/encoder_device-0.0.0-py3.10.egg-info\n'}
[2.853635] (encoder_device) StdoutLine: {'line': b'running install_scripts\n'}
[2.858853] (hal_device_manager) JobEnded: {'identifier': 'hal_device_manager', 'rc': 0}
[2.866530] (controller_guidao) StdoutLine: {'line': b'Installing controller_guidao_node script to /home/matheus/thesis_ws/install/controller_guidao/lib/controller_guidao\n'}
[2.866867] (controller_guidao) StdoutLine: {'line': b"writing list of installed files to '/home/matheus/thesis_ws/build/controller_guidao/install.log'\n"}
[2.869544] (encoder_guidao) CommandEnded: {'returncode': 0}
[2.875950] (encoder_guidao) JobEnded: {'identifier': 'encoder_guidao', 'rc': 0}
[2.879947] (encoder_device) StdoutLine: {'line': b"writing list of installed files to '/home/matheus/thesis_ws/build/encoder_device/install.log'\n"}
[2.893379] (controller_guidao) CommandEnded: {'returncode': 0}
[2.898607] (controller_guidao) JobEnded: {'identifier': 'controller_guidao', 'rc': 0}
[2.902482] (encoder_device) CommandEnded: {'returncode': 0}
[2.909982] (-) TimerEvent: {}
[2.911762] (encoder_device) JobEnded: {'identifier': 'encoder_device', 'rc': 0}
[2.912468] (-) EventReactorShutdown: {}
