[0.649s] DEBUG:colcon:Command line arguments: ['/usr/bin/colcon', 'build']
[0.649s] DEBUG:colcon:Parsed command line arguments: Namespace(log_base=None, log_level=None, verb_name='build', build_base='build', install_base='install', merge_install=False, symlink_install=False, test_result_base=None, continue_on_error=False, executor='parallel', parallel_workers=12, event_handlers=None, ignore_user_meta=False, metas=['./colcon.meta'], base_paths=['.'], packages_ignore=None, packages_ignore_regex=None, paths=None, packages_up_to=None, packages_up_to_regex=None, packages_above=None, packages_above_and_dependencies=None, packages_above_depth=None, packages_select_by_dep=None, packages_skip_by_dep=None, packages_skip_up_to=None, packages_select_build_failed=False, packages_skip_build_finished=False, packages_select_test_failures=False, packages_skip_test_passed=False, packages_select=None, packages_skip=None, packages_select_regex=None, packages_skip_regex=None, packages_start=None, packages_end=None, allow_overriding=[], cmake_args=None, cmake_target=None, cmake_target_skip_unavailable=False, cmake_clean_cache=False, cmake_clean_first=False, cmake_force_configure=False, ament_cmake_args=None, catkin_cmake_args=None, catkin_skip_building_tests=False, mixin_files=None, mixin=None, verb_parser=<colcon_mixin.mixin.mixin_argument.MixinArgumentDecorator object at 0x71cf75496fb0>, verb_extension=<colcon_core.verb.build.BuildVerb object at 0x71cf754969e0>, main=<bound method BuildVerb.main of <colcon_core.verb.build.BuildVerb object at 0x71cf754969e0>>, mixin_verb=('build',))
[0.820s] Level 1:colcon.colcon_core.package_discovery:discover_packages(colcon_meta) check parameters
[0.820s] Level 1:colcon.colcon_core.package_discovery:discover_packages(recursive) check parameters
[0.820s] Level 1:colcon.colcon_core.package_discovery:discover_packages(ignore) check parameters
[0.820s] Level 1:colcon.colcon_core.package_discovery:discover_packages(path) check parameters
[0.820s] Level 1:colcon.colcon_core.package_discovery:discover_packages(colcon_meta) discover
[0.820s] Level 1:colcon.colcon_core.package_discovery:discover_packages(recursive) discover
[0.820s] INFO:colcon.colcon_core.package_discovery:Crawling recursively for packages in '/home/matheus/thesis_ws'
[0.821s] Level 1:colcon.colcon_core.package_identification:_identify(.) by extensions ['ignore', 'ignore_ament_install']
[0.821s] Level 1:colcon.colcon_core.package_identification:_identify(.) by extension 'ignore'
[0.821s] Level 1:colcon.colcon_core.package_identification:_identify(.) by extension 'ignore_ament_install'
[0.821s] Level 1:colcon.colcon_core.package_identification:_identify(.) by extensions ['colcon_pkg']
[0.821s] Level 1:colcon.colcon_core.package_identification:_identify(.) by extension 'colcon_pkg'
[0.821s] Level 1:colcon.colcon_core.package_identification:_identify(.) by extensions ['colcon_meta']
[0.821s] Level 1:colcon.colcon_core.package_identification:_identify(.) by extension 'colcon_meta'
[0.821s] Level 1:colcon.colcon_core.package_identification:_identify(.) by extensions ['ros']
[0.821s] Level 1:colcon.colcon_core.package_identification:_identify(.) by extension 'ros'
[0.847s] Level 1:colcon.colcon_core.package_identification:_identify(.) by extensions ['cmake', 'python']
[0.847s] Level 1:colcon.colcon_core.package_identification:_identify(.) by extension 'cmake'
[0.847s] Level 1:colcon.colcon_core.package_identification:_identify(.) by extension 'python'
[0.847s] Level 1:colcon.colcon_core.package_identification:_identify(.) by extensions ['python_setup_py']
[0.847s] Level 1:colcon.colcon_core.package_identification:_identify(.) by extension 'python_setup_py'
[0.847s] Level 1:colcon.colcon_core.package_identification:_identify(build) by extensions ['ignore', 'ignore_ament_install']
[0.847s] Level 1:colcon.colcon_core.package_identification:_identify(build) by extension 'ignore'
[0.848s] Level 1:colcon.colcon_core.package_identification:_identify(build) ignored
[0.848s] Level 1:colcon.colcon_core.package_identification:_identify(firmware) by extensions ['ignore', 'ignore_ament_install']
[0.848s] Level 1:colcon.colcon_core.package_identification:_identify(firmware) by extension 'ignore'
[0.848s] Level 1:colcon.colcon_core.package_identification:_identify(firmware) by extension 'ignore_ament_install'
[0.848s] Level 1:colcon.colcon_core.package_identification:_identify(firmware) by extensions ['colcon_pkg']
[0.848s] Level 1:colcon.colcon_core.package_identification:_identify(firmware) by extension 'colcon_pkg'
[0.848s] Level 1:colcon.colcon_core.package_identification:_identify(firmware) by extensions ['colcon_meta']
[0.848s] Level 1:colcon.colcon_core.package_identification:_identify(firmware) by extension 'colcon_meta'
[0.848s] Level 1:colcon.colcon_core.package_identification:_identify(firmware) by extensions ['ros']
[0.848s] Level 1:colcon.colcon_core.package_identification:_identify(firmware) by extension 'ros'
[0.848s] Level 1:colcon.colcon_core.package_identification:_identify(firmware) by extensions ['cmake', 'python']
[0.848s] Level 1:colcon.colcon_core.package_identification:_identify(firmware) by extension 'cmake'
[0.848s] Level 1:colcon.colcon_core.package_identification:_identify(firmware) by extension 'python'
[0.848s] Level 1:colcon.colcon_core.package_identification:_identify(firmware) by extensions ['python_setup_py']
[0.848s] Level 1:colcon.colcon_core.package_identification:_identify(firmware) by extension 'python_setup_py'
[0.848s] Level 1:colcon.colcon_core.package_identification:_identify(firmware/include) by extensions ['ignore', 'ignore_ament_install']
[0.848s] Level 1:colcon.colcon_core.package_identification:_identify(firmware/include) by extension 'ignore'
[0.848s] Level 1:colcon.colcon_core.package_identification:_identify(firmware/include) by extension 'ignore_ament_install'
[0.848s] Level 1:colcon.colcon_core.package_identification:_identify(firmware/include) by extensions ['colcon_pkg']
[0.848s] Level 1:colcon.colcon_core.package_identification:_identify(firmware/include) by extension 'colcon_pkg'
[0.848s] Level 1:colcon.colcon_core.package_identification:_identify(firmware/include) by extensions ['colcon_meta']
[0.848s] Level 1:colcon.colcon_core.package_identification:_identify(firmware/include) by extension 'colcon_meta'
[0.848s] Level 1:colcon.colcon_core.package_identification:_identify(firmware/include) by extensions ['ros']
[0.848s] Level 1:colcon.colcon_core.package_identification:_identify(firmware/include) by extension 'ros'
[0.848s] Level 1:colcon.colcon_core.package_identification:_identify(firmware/include) by extensions ['cmake', 'python']
[0.848s] Level 1:colcon.colcon_core.package_identification:_identify(firmware/include) by extension 'cmake'
[0.848s] Level 1:colcon.colcon_core.package_identification:_identify(firmware/include) by extension 'python'
[0.848s] Level 1:colcon.colcon_core.package_identification:_identify(firmware/include) by extensions ['python_setup_py']
[0.848s] Level 1:colcon.colcon_core.package_identification:_identify(firmware/include) by extension 'python_setup_py'
[0.848s] Level 1:colcon.colcon_core.package_identification:_identify(firmware/lib) by extensions ['ignore', 'ignore_ament_install']
[0.848s] Level 1:colcon.colcon_core.package_identification:_identify(firmware/lib) by extension 'ignore'
[0.848s] Level 1:colcon.colcon_core.package_identification:_identify(firmware/lib) by extension 'ignore_ament_install'
[0.848s] Level 1:colcon.colcon_core.package_identification:_identify(firmware/lib) by extensions ['colcon_pkg']
[0.848s] Level 1:colcon.colcon_core.package_identification:_identify(firmware/lib) by extension 'colcon_pkg'
[0.848s] Level 1:colcon.colcon_core.package_identification:_identify(firmware/lib) by extensions ['colcon_meta']
[0.848s] Level 1:colcon.colcon_core.package_identification:_identify(firmware/lib) by extension 'colcon_meta'
[0.849s] Level 1:colcon.colcon_core.package_identification:_identify(firmware/lib) by extensions ['ros']
[0.849s] Level 1:colcon.colcon_core.package_identification:_identify(firmware/lib) by extension 'ros'
[0.849s] Level 1:colcon.colcon_core.package_identification:_identify(firmware/lib) by extensions ['cmake', 'python']
[0.849s] Level 1:colcon.colcon_core.package_identification:_identify(firmware/lib) by extension 'cmake'
[0.849s] Level 1:colcon.colcon_core.package_identification:_identify(firmware/lib) by extension 'python'
[0.849s] Level 1:colcon.colcon_core.package_identification:_identify(firmware/lib) by extensions ['python_setup_py']
[0.849s] Level 1:colcon.colcon_core.package_identification:_identify(firmware/lib) by extension 'python_setup_py'
[0.849s] Level 1:colcon.colcon_core.package_identification:_identify(firmware/src) by extensions ['ignore', 'ignore_ament_install']
[0.849s] Level 1:colcon.colcon_core.package_identification:_identify(firmware/src) by extension 'ignore'
[0.849s] Level 1:colcon.colcon_core.package_identification:_identify(firmware/src) by extension 'ignore_ament_install'
[0.849s] Level 1:colcon.colcon_core.package_identification:_identify(firmware/src) by extensions ['colcon_pkg']
[0.849s] Level 1:colcon.colcon_core.package_identification:_identify(firmware/src) by extension 'colcon_pkg'
[0.849s] Level 1:colcon.colcon_core.package_identification:_identify(firmware/src) by extensions ['colcon_meta']
[0.849s] Level 1:colcon.colcon_core.package_identification:_identify(firmware/src) by extension 'colcon_meta'
[0.849s] Level 1:colcon.colcon_core.package_identification:_identify(firmware/src) by extensions ['ros']
[0.849s] Level 1:colcon.colcon_core.package_identification:_identify(firmware/src) by extension 'ros'
[0.849s] Level 1:colcon.colcon_core.package_identification:_identify(firmware/src) by extensions ['cmake', 'python']
[0.849s] Level 1:colcon.colcon_core.package_identification:_identify(firmware/src) by extension 'cmake'
[0.849s] Level 1:colcon.colcon_core.package_identification:_identify(firmware/src) by extension 'python'
[0.849s] Level 1:colcon.colcon_core.package_identification:_identify(firmware/src) by extensions ['python_setup_py']
[0.849s] Level 1:colcon.colcon_core.package_identification:_identify(firmware/src) by extension 'python_setup_py'
[0.849s] Level 1:colcon.colcon_core.package_identification:_identify(firmware/src/include) by extensions ['ignore', 'ignore_ament_install']
[0.849s] Level 1:colcon.colcon_core.package_identification:_identify(firmware/src/include) by extension 'ignore'
[0.849s] Level 1:colcon.colcon_core.package_identification:_identify(firmware/src/include) by extension 'ignore_ament_install'
[0.849s] Level 1:colcon.colcon_core.package_identification:_identify(firmware/src/include) by extensions ['colcon_pkg']
[0.849s] Level 1:colcon.colcon_core.package_identification:_identify(firmware/src/include) by extension 'colcon_pkg'
[0.849s] Level 1:colcon.colcon_core.package_identification:_identify(firmware/src/include) by extensions ['colcon_meta']
[0.849s] Level 1:colcon.colcon_core.package_identification:_identify(firmware/src/include) by extension 'colcon_meta'
[0.849s] Level 1:colcon.colcon_core.package_identification:_identify(firmware/src/include) by extensions ['ros']
[0.849s] Level 1:colcon.colcon_core.package_identification:_identify(firmware/src/include) by extension 'ros'
[0.849s] Level 1:colcon.colcon_core.package_identification:_identify(firmware/src/include) by extensions ['cmake', 'python']
[0.849s] Level 1:colcon.colcon_core.package_identification:_identify(firmware/src/include) by extension 'cmake'
[0.849s] Level 1:colcon.colcon_core.package_identification:_identify(firmware/src/include) by extension 'python'
[0.849s] Level 1:colcon.colcon_core.package_identification:_identify(firmware/src/include) by extensions ['python_setup_py']
[0.849s] Level 1:colcon.colcon_core.package_identification:_identify(firmware/src/include) by extension 'python_setup_py'
[0.849s] Level 1:colcon.colcon_core.package_identification:_identify(firmware/src/lib) by extensions ['ignore', 'ignore_ament_install']
[0.849s] Level 1:colcon.colcon_core.package_identification:_identify(firmware/src/lib) by extension 'ignore'
[0.849s] Level 1:colcon.colcon_core.package_identification:_identify(firmware/src/lib) by extension 'ignore_ament_install'
[0.849s] Level 1:colcon.colcon_core.package_identification:_identify(firmware/src/lib) by extensions ['colcon_pkg']
[0.850s] Level 1:colcon.colcon_core.package_identification:_identify(firmware/src/lib) by extension 'colcon_pkg'
[0.850s] Level 1:colcon.colcon_core.package_identification:_identify(firmware/src/lib) by extensions ['colcon_meta']
[0.850s] Level 1:colcon.colcon_core.package_identification:_identify(firmware/src/lib) by extension 'colcon_meta'
[0.850s] Level 1:colcon.colcon_core.package_identification:_identify(firmware/src/lib) by extensions ['ros']
[0.850s] Level 1:colcon.colcon_core.package_identification:_identify(firmware/src/lib) by extension 'ros'
[0.850s] Level 1:colcon.colcon_core.package_identification:_identify(firmware/src/lib) by extensions ['cmake', 'python']
[0.850s] Level 1:colcon.colcon_core.package_identification:_identify(firmware/src/lib) by extension 'cmake'
[0.850s] Level 1:colcon.colcon_core.package_identification:_identify(firmware/src/lib) by extension 'python'
[0.850s] Level 1:colcon.colcon_core.package_identification:_identify(firmware/src/lib) by extensions ['python_setup_py']
[0.850s] Level 1:colcon.colcon_core.package_identification:_identify(firmware/src/lib) by extension 'python_setup_py'
[0.850s] Level 1:colcon.colcon_core.package_identification:_identify(firmware/src/src) by extensions ['ignore', 'ignore_ament_install']
[0.850s] Level 1:colcon.colcon_core.package_identification:_identify(firmware/src/src) by extension 'ignore'
[0.850s] Level 1:colcon.colcon_core.package_identification:_identify(firmware/src/src) by extension 'ignore_ament_install'
[0.850s] Level 1:colcon.colcon_core.package_identification:_identify(firmware/src/src) by extensions ['colcon_pkg']
[0.850s] Level 1:colcon.colcon_core.package_identification:_identify(firmware/src/src) by extension 'colcon_pkg'
[0.850s] Level 1:colcon.colcon_core.package_identification:_identify(firmware/src/src) by extensions ['colcon_meta']
[0.850s] Level 1:colcon.colcon_core.package_identification:_identify(firmware/src/src) by extension 'colcon_meta'
[0.850s] Level 1:colcon.colcon_core.package_identification:_identify(firmware/src/src) by extensions ['ros']
[0.850s] Level 1:colcon.colcon_core.package_identification:_identify(firmware/src/src) by extension 'ros'
[0.850s] Level 1:colcon.colcon_core.package_identification:_identify(firmware/src/src) by extensions ['cmake', 'python']
[0.850s] Level 1:colcon.colcon_core.package_identification:_identify(firmware/src/src) by extension 'cmake'
[0.850s] Level 1:colcon.colcon_core.package_identification:_identify(firmware/src/src) by extension 'python'
[0.850s] Level 1:colcon.colcon_core.package_identification:_identify(firmware/src/src) by extensions ['python_setup_py']
[0.850s] Level 1:colcon.colcon_core.package_identification:_identify(firmware/src/src) by extension 'python_setup_py'
[0.850s] Level 1:colcon.colcon_core.package_identification:_identify(firmware/src/test) by extensions ['ignore', 'ignore_ament_install']
[0.850s] Level 1:colcon.colcon_core.package_identification:_identify(firmware/src/test) by extension 'ignore'
[0.850s] Level 1:colcon.colcon_core.package_identification:_identify(firmware/src/test) by extension 'ignore_ament_install'
[0.850s] Level 1:colcon.colcon_core.package_identification:_identify(firmware/src/test) by extensions ['colcon_pkg']
[0.850s] Level 1:colcon.colcon_core.package_identification:_identify(firmware/src/test) by extension 'colcon_pkg'
[0.850s] Level 1:colcon.colcon_core.package_identification:_identify(firmware/src/test) by extensions ['colcon_meta']
[0.850s] Level 1:colcon.colcon_core.package_identification:_identify(firmware/src/test) by extension 'colcon_meta'
[0.850s] Level 1:colcon.colcon_core.package_identification:_identify(firmware/src/test) by extensions ['ros']
[0.850s] Level 1:colcon.colcon_core.package_identification:_identify(firmware/src/test) by extension 'ros'
[0.850s] Level 1:colcon.colcon_core.package_identification:_identify(firmware/src/test) by extensions ['cmake', 'python']
[0.850s] Level 1:colcon.colcon_core.package_identification:_identify(firmware/src/test) by extension 'cmake'
[0.850s] Level 1:colcon.colcon_core.package_identification:_identify(firmware/src/test) by extension 'python'
[0.850s] Level 1:colcon.colcon_core.package_identification:_identify(firmware/src/test) by extensions ['python_setup_py']
[0.850s] Level 1:colcon.colcon_core.package_identification:_identify(firmware/src/test) by extension 'python_setup_py'
[0.850s] Level 1:colcon.colcon_core.package_identification:_identify(firmware/test) by extensions ['ignore', 'ignore_ament_install']
[0.850s] Level 1:colcon.colcon_core.package_identification:_identify(firmware/test) by extension 'ignore'
[0.850s] Level 1:colcon.colcon_core.package_identification:_identify(firmware/test) by extension 'ignore_ament_install'
[0.851s] Level 1:colcon.colcon_core.package_identification:_identify(firmware/test) by extensions ['colcon_pkg']
[0.851s] Level 1:colcon.colcon_core.package_identification:_identify(firmware/test) by extension 'colcon_pkg'
[0.851s] Level 1:colcon.colcon_core.package_identification:_identify(firmware/test) by extensions ['colcon_meta']
[0.851s] Level 1:colcon.colcon_core.package_identification:_identify(firmware/test) by extension 'colcon_meta'
[0.851s] Level 1:colcon.colcon_core.package_identification:_identify(firmware/test) by extensions ['ros']
[0.851s] Level 1:colcon.colcon_core.package_identification:_identify(firmware/test) by extension 'ros'
[0.851s] Level 1:colcon.colcon_core.package_identification:_identify(firmware/test) by extensions ['cmake', 'python']
[0.851s] Level 1:colcon.colcon_core.package_identification:_identify(firmware/test) by extension 'cmake'
[0.851s] Level 1:colcon.colcon_core.package_identification:_identify(firmware/test) by extension 'python'
[0.851s] Level 1:colcon.colcon_core.package_identification:_identify(firmware/test) by extensions ['python_setup_py']
[0.851s] Level 1:colcon.colcon_core.package_identification:_identify(firmware/test) by extension 'python_setup_py'
[0.851s] Level 1:colcon.colcon_core.package_identification:_identify(install) by extensions ['ignore', 'ignore_ament_install']
[0.851s] Level 1:colcon.colcon_core.package_identification:_identify(install) by extension 'ignore'
[0.851s] Level 1:colcon.colcon_core.package_identification:_identify(install) ignored
[0.851s] Level 1:colcon.colcon_core.package_identification:_identify(log) by extensions ['ignore', 'ignore_ament_install']
[0.851s] Level 1:colcon.colcon_core.package_identification:_identify(log) by extension 'ignore'
[0.851s] Level 1:colcon.colcon_core.package_identification:_identify(log) ignored
[0.851s] Level 1:colcon.colcon_core.package_identification:_identify(src) by extensions ['ignore', 'ignore_ament_install']
[0.851s] Level 1:colcon.colcon_core.package_identification:_identify(src) by extension 'ignore'
[0.851s] Level 1:colcon.colcon_core.package_identification:_identify(src) by extension 'ignore_ament_install'
[0.851s] Level 1:colcon.colcon_core.package_identification:_identify(src) by extensions ['colcon_pkg']
[0.851s] Level 1:colcon.colcon_core.package_identification:_identify(src) by extension 'colcon_pkg'
[0.851s] Level 1:colcon.colcon_core.package_identification:_identify(src) by extensions ['colcon_meta']
[0.851s] Level 1:colcon.colcon_core.package_identification:_identify(src) by extension 'colcon_meta'
[0.851s] Level 1:colcon.colcon_core.package_identification:_identify(src) by extensions ['ros']
[0.851s] Level 1:colcon.colcon_core.package_identification:_identify(src) by extension 'ros'
[0.851s] Level 1:colcon.colcon_core.package_identification:_identify(src) by extensions ['cmake', 'python']
[0.851s] Level 1:colcon.colcon_core.package_identification:_identify(src) by extension 'cmake'
[0.851s] Level 1:colcon.colcon_core.package_identification:_identify(src) by extension 'python'
[0.851s] Level 1:colcon.colcon_core.package_identification:_identify(src) by extensions ['python_setup_py']
[0.851s] Level 1:colcon.colcon_core.package_identification:_identify(src) by extension 'python_setup_py'
[0.851s] Level 1:colcon.colcon_core.package_identification:_identify(src/controller_guidao) by extensions ['ignore', 'ignore_ament_install']
[0.851s] Level 1:colcon.colcon_core.package_identification:_identify(src/controller_guidao) by extension 'ignore'
[0.851s] Level 1:colcon.colcon_core.package_identification:_identify(src/controller_guidao) by extension 'ignore_ament_install'
[0.851s] Level 1:colcon.colcon_core.package_identification:_identify(src/controller_guidao) by extensions ['colcon_pkg']
[0.851s] Level 1:colcon.colcon_core.package_identification:_identify(src/controller_guidao) by extension 'colcon_pkg'
[0.851s] Level 1:colcon.colcon_core.package_identification:_identify(src/controller_guidao) by extensions ['colcon_meta']
[0.851s] Level 1:colcon.colcon_core.package_identification:_identify(src/controller_guidao) by extension 'colcon_meta'
[0.852s] Level 1:colcon.colcon_core.package_identification:_identify(src/controller_guidao) by extensions ['ros']
[0.852s] Level 1:colcon.colcon_core.package_identification:_identify(src/controller_guidao) by extension 'ros'
[0.853s] DEBUG:colcon.colcon_core.package_identification:Package 'src/controller_guidao' with type 'ros.ament_python' and name 'controller_guidao'
[0.853s] Level 1:colcon.colcon_core.package_identification:_identify(src/data_logger) by extensions ['ignore', 'ignore_ament_install']
[0.853s] Level 1:colcon.colcon_core.package_identification:_identify(src/data_logger) by extension 'ignore'
[0.853s] Level 1:colcon.colcon_core.package_identification:_identify(src/data_logger) by extension 'ignore_ament_install'
[0.854s] Level 1:colcon.colcon_core.package_identification:_identify(src/data_logger) by extensions ['colcon_pkg']
[0.854s] Level 1:colcon.colcon_core.package_identification:_identify(src/data_logger) by extension 'colcon_pkg'
[0.854s] Level 1:colcon.colcon_core.package_identification:_identify(src/data_logger) by extensions ['colcon_meta']
[0.854s] Level 1:colcon.colcon_core.package_identification:_identify(src/data_logger) by extension 'colcon_meta'
[0.854s] Level 1:colcon.colcon_core.package_identification:_identify(src/data_logger) by extensions ['ros']
[0.854s] Level 1:colcon.colcon_core.package_identification:_identify(src/data_logger) by extension 'ros'
[0.854s] DEBUG:colcon.colcon_core.package_identification:Package 'src/data_logger' with type 'ros.ament_python' and name 'data_logger'
[0.854s] Level 1:colcon.colcon_core.package_identification:_identify(src/encoder_device) by extensions ['ignore', 'ignore_ament_install']
[0.854s] Level 1:colcon.colcon_core.package_identification:_identify(src/encoder_device) by extension 'ignore'
[0.854s] Level 1:colcon.colcon_core.package_identification:_identify(src/encoder_device) by extension 'ignore_ament_install'
[0.854s] Level 1:colcon.colcon_core.package_identification:_identify(src/encoder_device) by extensions ['colcon_pkg']
[0.854s] Level 1:colcon.colcon_core.package_identification:_identify(src/encoder_device) by extension 'colcon_pkg'
[0.854s] Level 1:colcon.colcon_core.package_identification:_identify(src/encoder_device) by extensions ['colcon_meta']
[0.854s] Level 1:colcon.colcon_core.package_identification:_identify(src/encoder_device) by extension 'colcon_meta'
[0.854s] Level 1:colcon.colcon_core.package_identification:_identify(src/encoder_device) by extensions ['ros']
[0.854s] Level 1:colcon.colcon_core.package_identification:_identify(src/encoder_device) by extension 'ros'
[0.855s] DEBUG:colcon.colcon_core.package_identification:Package 'src/encoder_device' with type 'ros.ament_python' and name 'encoder_device'
[0.855s] Level 1:colcon.colcon_core.package_identification:_identify(src/encoder_guidao) by extensions ['ignore', 'ignore_ament_install']
[0.855s] Level 1:colcon.colcon_core.package_identification:_identify(src/encoder_guidao) by extension 'ignore'
[0.855s] Level 1:colcon.colcon_core.package_identification:_identify(src/encoder_guidao) by extension 'ignore_ament_install'
[0.855s] Level 1:colcon.colcon_core.package_identification:_identify(src/encoder_guidao) by extensions ['colcon_pkg']
[0.855s] Level 1:colcon.colcon_core.package_identification:_identify(src/encoder_guidao) by extension 'colcon_pkg'
[0.855s] Level 1:colcon.colcon_core.package_identification:_identify(src/encoder_guidao) by extensions ['colcon_meta']
[0.855s] Level 1:colcon.colcon_core.package_identification:_identify(src/encoder_guidao) by extension 'colcon_meta'
[0.855s] Level 1:colcon.colcon_core.package_identification:_identify(src/encoder_guidao) by extensions ['ros']
[0.855s] Level 1:colcon.colcon_core.package_identification:_identify(src/encoder_guidao) by extension 'ros'
[0.855s] DEBUG:colcon.colcon_core.package_identification:Package 'src/encoder_guidao' with type 'ros.ament_python' and name 'encoder_guidao'
[0.855s] Level 1:colcon.colcon_core.package_identification:_identify(src/game_input_mapping) by extensions ['ignore', 'ignore_ament_install']
[0.856s] Level 1:colcon.colcon_core.package_identification:_identify(src/game_input_mapping) by extension 'ignore'
[0.856s] Level 1:colcon.colcon_core.package_identification:_identify(src/game_input_mapping) by extension 'ignore_ament_install'
[0.856s] Level 1:colcon.colcon_core.package_identification:_identify(src/game_input_mapping) by extensions ['colcon_pkg']
[0.856s] Level 1:colcon.colcon_core.package_identification:_identify(src/game_input_mapping) by extension 'colcon_pkg'
[0.856s] Level 1:colcon.colcon_core.package_identification:_identify(src/game_input_mapping) by extensions ['colcon_meta']
[0.856s] Level 1:colcon.colcon_core.package_identification:_identify(src/game_input_mapping) by extension 'colcon_meta'
[0.856s] Level 1:colcon.colcon_core.package_identification:_identify(src/game_input_mapping) by extensions ['ros']
[0.856s] Level 1:colcon.colcon_core.package_identification:_identify(src/game_input_mapping) by extension 'ros'
[0.856s] DEBUG:colcon.colcon_core.package_identification:Package 'src/game_input_mapping' with type 'ros.ament_python' and name 'game_input_mapping'
[0.856s] Level 1:colcon.colcon_core.package_identification:_identify(src/game_session) by extensions ['ignore', 'ignore_ament_install']
[0.856s] Level 1:colcon.colcon_core.package_identification:_identify(src/game_session) by extension 'ignore'
[0.856s] Level 1:colcon.colcon_core.package_identification:_identify(src/game_session) by extension 'ignore_ament_install'
[0.856s] Level 1:colcon.colcon_core.package_identification:_identify(src/game_session) by extensions ['colcon_pkg']
[0.856s] Level 1:colcon.colcon_core.package_identification:_identify(src/game_session) by extension 'colcon_pkg'
[0.856s] Level 1:colcon.colcon_core.package_identification:_identify(src/game_session) by extensions ['colcon_meta']
[0.856s] Level 1:colcon.colcon_core.package_identification:_identify(src/game_session) by extension 'colcon_meta'
[0.856s] Level 1:colcon.colcon_core.package_identification:_identify(src/game_session) by extensions ['ros']
[0.856s] Level 1:colcon.colcon_core.package_identification:_identify(src/game_session) by extension 'ros'
[0.857s] DEBUG:colcon.colcon_core.package_identification:Package 'src/game_session' with type 'ros.ament_python' and name 'game_session'
[0.857s] Level 1:colcon.colcon_core.package_identification:_identify(src/game_unity_bridge) by extensions ['ignore', 'ignore_ament_install']
[0.857s] Level 1:colcon.colcon_core.package_identification:_identify(src/game_unity_bridge) by extension 'ignore'
[0.857s] Level 1:colcon.colcon_core.package_identification:_identify(src/game_unity_bridge) by extension 'ignore_ament_install'
[0.857s] Level 1:colcon.colcon_core.package_identification:_identify(src/game_unity_bridge) by extensions ['colcon_pkg']
[0.857s] Level 1:colcon.colcon_core.package_identification:_identify(src/game_unity_bridge) by extension 'colcon_pkg'
[0.857s] Level 1:colcon.colcon_core.package_identification:_identify(src/game_unity_bridge) by extensions ['colcon_meta']
[0.857s] Level 1:colcon.colcon_core.package_identification:_identify(src/game_unity_bridge) by extension 'colcon_meta'
[0.857s] Level 1:colcon.colcon_core.package_identification:_identify(src/game_unity_bridge) by extensions ['ros']
[0.857s] Level 1:colcon.colcon_core.package_identification:_identify(src/game_unity_bridge) by extension 'ros'
[0.857s] DEBUG:colcon.colcon_core.package_identification:Package 'src/game_unity_bridge' with type 'ros.ament_python' and name 'game_unity_bridge'
[0.857s] Level 1:colcon.colcon_core.package_identification:_identify(src/hal_device_manager) by extensions ['ignore', 'ignore_ament_install']
[0.858s] Level 1:colcon.colcon_core.package_identification:_identify(src/hal_device_manager) by extension 'ignore'
[0.858s] Level 1:colcon.colcon_core.package_identification:_identify(src/hal_device_manager) by extension 'ignore_ament_install'
[0.858s] Level 1:colcon.colcon_core.package_identification:_identify(src/hal_device_manager) by extensions ['colcon_pkg']
[0.858s] Level 1:colcon.colcon_core.package_identification:_identify(src/hal_device_manager) by extension 'colcon_pkg'
[0.858s] Level 1:colcon.colcon_core.package_identification:_identify(src/hal_device_manager) by extensions ['colcon_meta']
[0.858s] Level 1:colcon.colcon_core.package_identification:_identify(src/hal_device_manager) by extension 'colcon_meta'
[0.858s] Level 1:colcon.colcon_core.package_identification:_identify(src/hal_device_manager) by extensions ['ros']
[0.858s] Level 1:colcon.colcon_core.package_identification:_identify(src/hal_device_manager) by extension 'ros'
[0.858s] DEBUG:colcon.colcon_core.package_identification:Package 'src/hal_device_manager' with type 'ros.ament_python' and name 'hal_device_manager'
[0.858s] Level 1:colcon.colcon_core.package_identification:_identify(src/hal_interfaces) by extensions ['ignore', 'ignore_ament_install']
[0.858s] Level 1:colcon.colcon_core.package_identification:_identify(src/hal_interfaces) by extension 'ignore'
[0.858s] Level 1:colcon.colcon_core.package_identification:_identify(src/hal_interfaces) by extension 'ignore_ament_install'
[0.858s] Level 1:colcon.colcon_core.package_identification:_identify(src/hal_interfaces) by extensions ['colcon_pkg']
[0.858s] Level 1:colcon.colcon_core.package_identification:_identify(src/hal_interfaces) by extension 'colcon_pkg'
[0.858s] Level 1:colcon.colcon_core.package_identification:_identify(src/hal_interfaces) by extensions ['colcon_meta']
[0.858s] Level 1:colcon.colcon_core.package_identification:_identify(src/hal_interfaces) by extension 'colcon_meta'
[0.858s] Level 1:colcon.colcon_core.package_identification:_identify(src/hal_interfaces) by extensions ['ros']
[0.858s] Level 1:colcon.colcon_core.package_identification:_identify(src/hal_interfaces) by extension 'ros'
[0.859s] DEBUG:colcon.colcon_core.package_identification:Package 'src/hal_interfaces' with type 'ros.ament_cmake' and name 'hal_interfaces'
[0.859s] Level 1:colcon.colcon_core.package_identification:_identify(src/hal_signal_processing) by extensions ['ignore', 'ignore_ament_install']
[0.859s] Level 1:colcon.colcon_core.package_identification:_identify(src/hal_signal_processing) by extension 'ignore'
[0.859s] Level 1:colcon.colcon_core.package_identification:_identify(src/hal_signal_processing) by extension 'ignore_ament_install'
[0.859s] Level 1:colcon.colcon_core.package_identification:_identify(src/hal_signal_processing) by extensions ['colcon_pkg']
[0.859s] Level 1:colcon.colcon_core.package_identification:_identify(src/hal_signal_processing) by extension 'colcon_pkg'
[0.859s] Level 1:colcon.colcon_core.package_identification:_identify(src/hal_signal_processing) by extensions ['colcon_meta']
[0.859s] Level 1:colcon.colcon_core.package_identification:_identify(src/hal_signal_processing) by extension 'colcon_meta'
[0.859s] Level 1:colcon.colcon_core.package_identification:_identify(src/hal_signal_processing) by extensions ['ros']
[0.859s] Level 1:colcon.colcon_core.package_identification:_identify(src/hal_signal_processing) by extension 'ros'
[0.859s] DEBUG:colcon.colcon_core.package_identification:Package 'src/hal_signal_processing' with type 'ros.ament_python' and name 'hal_signal_processing'
[0.859s] Level 1:colcon.colcon_core.package_identification:_identify(src/thesis_interfaces) by extensions ['ignore', 'ignore_ament_install']
[0.859s] Level 1:colcon.colcon_core.package_identification:_identify(src/thesis_interfaces) by extension 'ignore'
[0.859s] Level 1:colcon.colcon_core.package_identification:_identify(src/thesis_interfaces) by extension 'ignore_ament_install'
[0.859s] Level 1:colcon.colcon_core.package_identification:_identify(src/thesis_interfaces) by extensions ['colcon_pkg']
[0.859s] Level 1:colcon.colcon_core.package_identification:_identify(src/thesis_interfaces) by extension 'colcon_pkg'
[0.859s] Level 1:colcon.colcon_core.package_identification:_identify(src/thesis_interfaces) by extensions ['colcon_meta']
[0.859s] Level 1:colcon.colcon_core.package_identification:_identify(src/thesis_interfaces) by extension 'colcon_meta'
[0.860s] Level 1:colcon.colcon_core.package_identification:_identify(src/thesis_interfaces) by extensions ['ros']
[0.860s] Level 1:colcon.colcon_core.package_identification:_identify(src/thesis_interfaces) by extension 'ros'
[0.860s] DEBUG:colcon.colcon_core.package_identification:Package 'src/thesis_interfaces' with type 'ros.ament_cmake' and name 'thesis_interfaces'
[0.860s] Level 1:colcon.colcon_core.package_discovery:discover_packages(recursive) using defaults
[0.860s] Level 1:colcon.colcon_core.package_discovery:discover_packages(ignore) discover
[0.860s] Level 1:colcon.colcon_core.package_discovery:discover_packages(ignore) using defaults
[0.860s] Level 1:colcon.colcon_core.package_discovery:discover_packages(path) discover
[0.860s] Level 1:colcon.colcon_core.package_discovery:discover_packages(path) using defaults
[0.938s] Level 1:colcon.colcon_core.package_discovery:discover_packages(prefix_path) check parameters
[0.939s] Level 1:colcon.colcon_core.package_discovery:discover_packages(prefix_path) discover
[0.965s] DEBUG:colcon.colcon_installed_package_information.package_discovery:Found 11 installed packages in /home/matheus/thesis_ws/install
[0.966s] DEBUG:colcon.colcon_installed_package_information.package_discovery:Found 1 installed packages in /home/matheus/Desktop/TestesROS2/ros_unity_ws/install
[0.967s] DEBUG:colcon.colcon_installed_package_information.package_discovery:Found 3 installed packages in /home/matheus/Desktop/TestesROS2/microros_ws/install
[0.983s] DEBUG:colcon.colcon_installed_package_information.package_discovery:Found 282 installed packages in /opt/ros/humble
[0.985s] Level 1:colcon.colcon_core.package_discovery:discover_packages(prefix_path) using defaults
[1.028s] Level 5:colcon.colcon_core.verb:set package 'controller_guidao' build argument 'cmake_args' from command line to 'None'
[1.028s] Level 5:colcon.colcon_core.verb:set package 'controller_guidao' build argument 'cmake_target' from command line to 'None'
[1.028s] Level 5:colcon.colcon_core.verb:set package 'controller_guidao' build argument 'cmake_target_skip_unavailable' from command line to 'False'
[1.028s] Level 5:colcon.colcon_core.verb:set package 'controller_guidao' build argument 'cmake_clean_cache' from command line to 'False'
[1.028s] Level 5:colcon.colcon_core.verb:set package 'controller_guidao' build argument 'cmake_clean_first' from command line to 'False'
[1.028s] Level 5:colcon.colcon_core.verb:set package 'controller_guidao' build argument 'cmake_force_configure' from command line to 'False'
[1.028s] Level 5:colcon.colcon_core.verb:set package 'controller_guidao' build argument 'ament_cmake_args' from command line to 'None'
[1.028s] Level 5:colcon.colcon_core.verb:set package 'controller_guidao' build argument 'catkin_cmake_args' from command line to 'None'
[1.028s] Level 5:colcon.colcon_core.verb:set package 'controller_guidao' build argument 'catkin_skip_building_tests' from command line to 'False'
[1.028s] DEBUG:colcon.colcon_core.verb:Building package 'controller_guidao' with the following arguments: {'ament_cmake_args': None, 'build_base': '/home/matheus/thesis_ws/build/controller_guidao', 'catkin_cmake_args': None, 'catkin_skip_building_tests': False, 'cmake_args': None, 'cmake_clean_cache': False, 'cmake_clean_first': False, 'cmake_force_configure': False, 'cmake_target': None, 'cmake_target_skip_unavailable': False, 'install_base': '/home/matheus/thesis_ws/install/controller_guidao', 'merge_install': False, 'path': '/home/matheus/thesis_ws/src/controller_guidao', 'symlink_install': False, 'test_result_base': None}
[1.028s] Level 5:colcon.colcon_core.verb:set package 'data_logger' build argument 'cmake_args' from command line to 'None'
[1.028s] Level 5:colcon.colcon_core.verb:set package 'data_logger' build argument 'cmake_target' from command line to 'None'
[1.028s] Level 5:colcon.colcon_core.verb:set package 'data_logger' build argument 'cmake_target_skip_unavailable' from command line to 'False'
[1.028s] Level 5:colcon.colcon_core.verb:set package 'data_logger' build argument 'cmake_clean_cache' from command line to 'False'
[1.028s] Level 5:colcon.colcon_core.verb:set package 'data_logger' build argument 'cmake_clean_first' from command line to 'False'
[1.028s] Level 5:colcon.colcon_core.verb:set package 'data_logger' build argument 'cmake_force_configure' from command line to 'False'
[1.028s] Level 5:colcon.colcon_core.verb:set package 'data_logger' build argument 'ament_cmake_args' from command line to 'None'
[1.028s] Level 5:colcon.colcon_core.verb:set package 'data_logger' build argument 'catkin_cmake_args' from command line to 'None'
[1.028s] Level 5:colcon.colcon_core.verb:set package 'data_logger' build argument 'catkin_skip_building_tests' from command line to 'False'
[1.028s] DEBUG:colcon.colcon_core.verb:Building package 'data_logger' with the following arguments: {'ament_cmake_args': None, 'build_base': '/home/matheus/thesis_ws/build/data_logger', 'catkin_cmake_args': None, 'catkin_skip_building_tests': False, 'cmake_args': None, 'cmake_clean_cache': False, 'cmake_clean_first': False, 'cmake_force_configure': False, 'cmake_target': None, 'cmake_target_skip_unavailable': False, 'install_base': '/home/matheus/thesis_ws/install/data_logger', 'merge_install': False, 'path': '/home/matheus/thesis_ws/src/data_logger', 'symlink_install': False, 'test_result_base': None}
[1.028s] Level 5:colcon.colcon_core.verb:set package 'encoder_device' build argument 'cmake_args' from command line to 'None'
[1.028s] Level 5:colcon.colcon_core.verb:set package 'encoder_device' build argument 'cmake_target' from command line to 'None'
[1.028s] Level 5:colcon.colcon_core.verb:set package 'encoder_device' build argument 'cmake_target_skip_unavailable' from command line to 'False'
[1.028s] Level 5:colcon.colcon_core.verb:set package 'encoder_device' build argument 'cmake_clean_cache' from command line to 'False'
[1.028s] Level 5:colcon.colcon_core.verb:set package 'encoder_device' build argument 'cmake_clean_first' from command line to 'False'
[1.028s] Level 5:colcon.colcon_core.verb:set package 'encoder_device' build argument 'cmake_force_configure' from command line to 'False'
[1.028s] Level 5:colcon.colcon_core.verb:set package 'encoder_device' build argument 'ament_cmake_args' from command line to 'None'
[1.028s] Level 5:colcon.colcon_core.verb:set package 'encoder_device' build argument 'catkin_cmake_args' from command line to 'None'
[1.028s] Level 5:colcon.colcon_core.verb:set package 'encoder_device' build argument 'catkin_skip_building_tests' from command line to 'False'
[1.028s] DEBUG:colcon.colcon_core.verb:Building package 'encoder_device' with the following arguments: {'ament_cmake_args': None, 'build_base': '/home/matheus/thesis_ws/build/encoder_device', 'catkin_cmake_args': None, 'catkin_skip_building_tests': False, 'cmake_args': None, 'cmake_clean_cache': False, 'cmake_clean_first': False, 'cmake_force_configure': False, 'cmake_target': None, 'cmake_target_skip_unavailable': False, 'install_base': '/home/matheus/thesis_ws/install/encoder_device', 'merge_install': False, 'path': '/home/matheus/thesis_ws/src/encoder_device', 'symlink_install': False, 'test_result_base': None}
[1.029s] Level 5:colcon.colcon_core.verb:set package 'encoder_guidao' build argument 'cmake_args' from command line to 'None'
[1.029s] Level 5:colcon.colcon_core.verb:set package 'encoder_guidao' build argument 'cmake_target' from command line to 'None'
[1.029s] Level 5:colcon.colcon_core.verb:set package 'encoder_guidao' build argument 'cmake_target_skip_unavailable' from command line to 'False'
[1.029s] Level 5:colcon.colcon_core.verb:set package 'encoder_guidao' build argument 'cmake_clean_cache' from command line to 'False'
[1.029s] Level 5:colcon.colcon_core.verb:set package 'encoder_guidao' build argument 'cmake_clean_first' from command line to 'False'
[1.029s] Level 5:colcon.colcon_core.verb:set package 'encoder_guidao' build argument 'cmake_force_configure' from command line to 'False'
[1.029s] Level 5:colcon.colcon_core.verb:set package 'encoder_guidao' build argument 'ament_cmake_args' from command line to 'None'
[1.029s] Level 5:colcon.colcon_core.verb:set package 'encoder_guidao' build argument 'catkin_cmake_args' from command line to 'None'
[1.029s] Level 5:colcon.colcon_core.verb:set package 'encoder_guidao' build argument 'catkin_skip_building_tests' from command line to 'False'
[1.029s] DEBUG:colcon.colcon_core.verb:Building package 'encoder_guidao' with the following arguments: {'ament_cmake_args': None, 'build_base': '/home/matheus/thesis_ws/build/encoder_guidao', 'catkin_cmake_args': None, 'catkin_skip_building_tests': False, 'cmake_args': None, 'cmake_clean_cache': False, 'cmake_clean_first': False, 'cmake_force_configure': False, 'cmake_target': None, 'cmake_target_skip_unavailable': False, 'install_base': '/home/matheus/thesis_ws/install/encoder_guidao', 'merge_install': False, 'path': '/home/matheus/thesis_ws/src/encoder_guidao', 'symlink_install': False, 'test_result_base': None}
[1.029s] Level 5:colcon.colcon_core.verb:set package 'game_input_mapping' build argument 'cmake_args' from command line to 'None'
[1.029s] Level 5:colcon.colcon_core.verb:set package 'game_input_mapping' build argument 'cmake_target' from command line to 'None'
[1.029s] Level 5:colcon.colcon_core.verb:set package 'game_input_mapping' build argument 'cmake_target_skip_unavailable' from command line to 'False'
[1.029s] Level 5:colcon.colcon_core.verb:set package 'game_input_mapping' build argument 'cmake_clean_cache' from command line to 'False'
[1.029s] Level 5:colcon.colcon_core.verb:set package 'game_input_mapping' build argument 'cmake_clean_first' from command line to 'False'
[1.029s] Level 5:colcon.colcon_core.verb:set package 'game_input_mapping' build argument 'cmake_force_configure' from command line to 'False'
[1.029s] Level 5:colcon.colcon_core.verb:set package 'game_input_mapping' build argument 'ament_cmake_args' from command line to 'None'
[1.029s] Level 5:colcon.colcon_core.verb:set package 'game_input_mapping' build argument 'catkin_cmake_args' from command line to 'None'
[1.029s] Level 5:colcon.colcon_core.verb:set package 'game_input_mapping' build argument 'catkin_skip_building_tests' from command line to 'False'
[1.029s] DEBUG:colcon.colcon_core.verb:Building package 'game_input_mapping' with the following arguments: {'ament_cmake_args': None, 'build_base': '/home/matheus/thesis_ws/build/game_input_mapping', 'catkin_cmake_args': None, 'catkin_skip_building_tests': False, 'cmake_args': None, 'cmake_clean_cache': False, 'cmake_clean_first': False, 'cmake_force_configure': False, 'cmake_target': None, 'cmake_target_skip_unavailable': False, 'install_base': '/home/matheus/thesis_ws/install/game_input_mapping', 'merge_install': False, 'path': '/home/matheus/thesis_ws/src/game_input_mapping', 'symlink_install': False, 'test_result_base': None}
[1.029s] Level 5:colcon.colcon_core.verb:set package 'game_session' build argument 'cmake_args' from command line to 'None'
[1.029s] Level 5:colcon.colcon_core.verb:set package 'game_session' build argument 'cmake_target' from command line to 'None'
[1.029s] Level 5:colcon.colcon_core.verb:set package 'game_session' build argument 'cmake_target_skip_unavailable' from command line to 'False'
[1.029s] Level 5:colcon.colcon_core.verb:set package 'game_session' build argument 'cmake_clean_cache' from command line to 'False'
[1.029s] Level 5:colcon.colcon_core.verb:set package 'game_session' build argument 'cmake_clean_first' from command line to 'False'
[1.029s] Level 5:colcon.colcon_core.verb:set package 'game_session' build argument 'cmake_force_configure' from command line to 'False'
[1.029s] Level 5:colcon.colcon_core.verb:set package 'game_session' build argument 'ament_cmake_args' from command line to 'None'
[1.029s] Level 5:colcon.colcon_core.verb:set package 'game_session' build argument 'catkin_cmake_args' from command line to 'None'
[1.029s] Level 5:colcon.colcon_core.verb:set package 'game_session' build argument 'catkin_skip_building_tests' from command line to 'False'
[1.029s] DEBUG:colcon.colcon_core.verb:Building package 'game_session' with the following arguments: {'ament_cmake_args': None, 'build_base': '/home/matheus/thesis_ws/build/game_session', 'catkin_cmake_args': None, 'catkin_skip_building_tests': False, 'cmake_args': None, 'cmake_clean_cache': False, 'cmake_clean_first': False, 'cmake_force_configure': False, 'cmake_target': None, 'cmake_target_skip_unavailable': False, 'install_base': '/home/matheus/thesis_ws/install/game_session', 'merge_install': False, 'path': '/home/matheus/thesis_ws/src/game_session', 'symlink_install': False, 'test_result_base': None}
[1.030s] Level 5:colcon.colcon_core.verb:set package 'game_unity_bridge' build argument 'cmake_args' from command line to 'None'
[1.030s] Level 5:colcon.colcon_core.verb:set package 'game_unity_bridge' build argument 'cmake_target' from command line to 'None'
[1.030s] Level 5:colcon.colcon_core.verb:set package 'game_unity_bridge' build argument 'cmake_target_skip_unavailable' from command line to 'False'
[1.030s] Level 5:colcon.colcon_core.verb:set package 'game_unity_bridge' build argument 'cmake_clean_cache' from command line to 'False'
[1.030s] Level 5:colcon.colcon_core.verb:set package 'game_unity_bridge' build argument 'cmake_clean_first' from command line to 'False'
[1.030s] Level 5:colcon.colcon_core.verb:set package 'game_unity_bridge' build argument 'cmake_force_configure' from command line to 'False'
[1.030s] Level 5:colcon.colcon_core.verb:set package 'game_unity_bridge' build argument 'ament_cmake_args' from command line to 'None'
[1.030s] Level 5:colcon.colcon_core.verb:set package 'game_unity_bridge' build argument 'catkin_cmake_args' from command line to 'None'
[1.030s] Level 5:colcon.colcon_core.verb:set package 'game_unity_bridge' build argument 'catkin_skip_building_tests' from command line to 'False'
[1.030s] DEBUG:colcon.colcon_core.verb:Building package 'game_unity_bridge' with the following arguments: {'ament_cmake_args': None, 'build_base': '/home/matheus/thesis_ws/build/game_unity_bridge', 'catkin_cmake_args': None, 'catkin_skip_building_tests': False, 'cmake_args': None, 'cmake_clean_cache': False, 'cmake_clean_first': False, 'cmake_force_configure': False, 'cmake_target': None, 'cmake_target_skip_unavailable': False, 'install_base': '/home/matheus/thesis_ws/install/game_unity_bridge', 'merge_install': False, 'path': '/home/matheus/thesis_ws/src/game_unity_bridge', 'symlink_install': False, 'test_result_base': None}
[1.030s] Level 5:colcon.colcon_core.verb:set package 'hal_device_manager' build argument 'cmake_args' from command line to 'None'
[1.030s] Level 5:colcon.colcon_core.verb:set package 'hal_device_manager' build argument 'cmake_target' from command line to 'None'
[1.030s] Level 5:colcon.colcon_core.verb:set package 'hal_device_manager' build argument 'cmake_target_skip_unavailable' from command line to 'False'
[1.030s] Level 5:colcon.colcon_core.verb:set package 'hal_device_manager' build argument 'cmake_clean_cache' from command line to 'False'
[1.030s] Level 5:colcon.colcon_core.verb:set package 'hal_device_manager' build argument 'cmake_clean_first' from command line to 'False'
[1.030s] Level 5:colcon.colcon_core.verb:set package 'hal_device_manager' build argument 'cmake_force_configure' from command line to 'False'
[1.030s] Level 5:colcon.colcon_core.verb:set package 'hal_device_manager' build argument 'ament_cmake_args' from command line to 'None'
[1.030s] Level 5:colcon.colcon_core.verb:set package 'hal_device_manager' build argument 'catkin_cmake_args' from command line to 'None'
[1.030s] Level 5:colcon.colcon_core.verb:set package 'hal_device_manager' build argument 'catkin_skip_building_tests' from command line to 'False'
[1.030s] DEBUG:colcon.colcon_core.verb:Building package 'hal_device_manager' with the following arguments: {'ament_cmake_args': None, 'build_base': '/home/matheus/thesis_ws/build/hal_device_manager', 'catkin_cmake_args': None, 'catkin_skip_building_tests': False, 'cmake_args': None, 'cmake_clean_cache': False, 'cmake_clean_first': False, 'cmake_force_configure': False, 'cmake_target': None, 'cmake_target_skip_unavailable': False, 'install_base': '/home/matheus/thesis_ws/install/hal_device_manager', 'merge_install': False, 'path': '/home/matheus/thesis_ws/src/hal_device_manager', 'symlink_install': False, 'test_result_base': None}
[1.030s] Level 5:colcon.colcon_core.verb:set package 'hal_interfaces' build argument 'cmake_args' from command line to 'None'
[1.030s] Level 5:colcon.colcon_core.verb:set package 'hal_interfaces' build argument 'cmake_target' from command line to 'None'
[1.030s] Level 5:colcon.colcon_core.verb:set package 'hal_interfaces' build argument 'cmake_target_skip_unavailable' from command line to 'False'
[1.030s] Level 5:colcon.colcon_core.verb:set package 'hal_interfaces' build argument 'cmake_clean_cache' from command line to 'False'
[1.030s] Level 5:colcon.colcon_core.verb:set package 'hal_interfaces' build argument 'cmake_clean_first' from command line to 'False'
[1.030s] Level 5:colcon.colcon_core.verb:set package 'hal_interfaces' build argument 'cmake_force_configure' from command line to 'False'
[1.030s] Level 5:colcon.colcon_core.verb:set package 'hal_interfaces' build argument 'ament_cmake_args' from command line to 'None'
[1.030s] Level 5:colcon.colcon_core.verb:set package 'hal_interfaces' build argument 'catkin_cmake_args' from command line to 'None'
[1.030s] Level 5:colcon.colcon_core.verb:set package 'hal_interfaces' build argument 'catkin_skip_building_tests' from command line to 'False'
[1.030s] DEBUG:colcon.colcon_core.verb:Building package 'hal_interfaces' with the following arguments: {'ament_cmake_args': None, 'build_base': '/home/matheus/thesis_ws/build/hal_interfaces', 'catkin_cmake_args': None, 'catkin_skip_building_tests': False, 'cmake_args': None, 'cmake_clean_cache': False, 'cmake_clean_first': False, 'cmake_force_configure': False, 'cmake_target': None, 'cmake_target_skip_unavailable': False, 'install_base': '/home/matheus/thesis_ws/install/hal_interfaces', 'merge_install': False, 'path': '/home/matheus/thesis_ws/src/hal_interfaces', 'symlink_install': False, 'test_result_base': None}
[1.030s] Level 5:colcon.colcon_core.verb:set package 'hal_signal_processing' build argument 'cmake_args' from command line to 'None'
[1.030s] Level 5:colcon.colcon_core.verb:set package 'hal_signal_processing' build argument 'cmake_target' from command line to 'None'
[1.030s] Level 5:colcon.colcon_core.verb:set package 'hal_signal_processing' build argument 'cmake_target_skip_unavailable' from command line to 'False'
[1.030s] Level 5:colcon.colcon_core.verb:set package 'hal_signal_processing' build argument 'cmake_clean_cache' from command line to 'False'
[1.030s] Level 5:colcon.colcon_core.verb:set package 'hal_signal_processing' build argument 'cmake_clean_first' from command line to 'False'
[1.031s] Level 5:colcon.colcon_core.verb:set package 'hal_signal_processing' build argument 'cmake_force_configure' from command line to 'False'
[1.031s] Level 5:colcon.colcon_core.verb:set package 'hal_signal_processing' build argument 'ament_cmake_args' from command line to 'None'
[1.031s] Level 5:colcon.colcon_core.verb:set package 'hal_signal_processing' build argument 'catkin_cmake_args' from command line to 'None'
[1.031s] Level 5:colcon.colcon_core.verb:set package 'hal_signal_processing' build argument 'catkin_skip_building_tests' from command line to 'False'
[1.031s] DEBUG:colcon.colcon_core.verb:Building package 'hal_signal_processing' with the following arguments: {'ament_cmake_args': None, 'build_base': '/home/matheus/thesis_ws/build/hal_signal_processing', 'catkin_cmake_args': None, 'catkin_skip_building_tests': False, 'cmake_args': None, 'cmake_clean_cache': False, 'cmake_clean_first': False, 'cmake_force_configure': False, 'cmake_target': None, 'cmake_target_skip_unavailable': False, 'install_base': '/home/matheus/thesis_ws/install/hal_signal_processing', 'merge_install': False, 'path': '/home/matheus/thesis_ws/src/hal_signal_processing', 'symlink_install': False, 'test_result_base': None}
[1.031s] Level 5:colcon.colcon_core.verb:set package 'thesis_interfaces' build argument 'cmake_args' from command line to 'None'
[1.031s] Level 5:colcon.colcon_core.verb:set package 'thesis_interfaces' build argument 'cmake_target' from command line to 'None'
[1.031s] Level 5:colcon.colcon_core.verb:set package 'thesis_interfaces' build argument 'cmake_target_skip_unavailable' from command line to 'False'
[1.031s] Level 5:colcon.colcon_core.verb:set package 'thesis_interfaces' build argument 'cmake_clean_cache' from command line to 'False'
[1.031s] Level 5:colcon.colcon_core.verb:set package 'thesis_interfaces' build argument 'cmake_clean_first' from command line to 'False'
[1.031s] Level 5:colcon.colcon_core.verb:set package 'thesis_interfaces' build argument 'cmake_force_configure' from command line to 'False'
[1.031s] Level 5:colcon.colcon_core.verb:set package 'thesis_interfaces' build argument 'ament_cmake_args' from command line to 'None'
[1.031s] Level 5:colcon.colcon_core.verb:set package 'thesis_interfaces' build argument 'catkin_cmake_args' from command line to 'None'
[1.031s] Level 5:colcon.colcon_core.verb:set package 'thesis_interfaces' build argument 'catkin_skip_building_tests' from command line to 'False'
[1.031s] DEBUG:colcon.colcon_core.verb:Building package 'thesis_interfaces' with the following arguments: {'ament_cmake_args': None, 'build_base': '/home/matheus/thesis_ws/build/thesis_interfaces', 'catkin_cmake_args': None, 'catkin_skip_building_tests': False, 'cmake_args': None, 'cmake_clean_cache': False, 'cmake_clean_first': False, 'cmake_force_configure': False, 'cmake_target': None, 'cmake_target_skip_unavailable': False, 'install_base': '/home/matheus/thesis_ws/install/thesis_interfaces', 'merge_install': False, 'path': '/home/matheus/thesis_ws/src/thesis_interfaces', 'symlink_install': False, 'test_result_base': None}
[1.031s] INFO:colcon.colcon_core.executor:Executing jobs using 'parallel' executor
[1.032s] DEBUG:colcon.colcon_parallel_executor.executor.parallel:run_until_complete
[1.032s] INFO:colcon.colcon_ros.task.ament_python.build:Building ROS package in '/home/matheus/thesis_ws/src/controller_guidao' with build type 'ament_python'
[1.032s] Level 1:colcon.colcon_core.shell:create_environment_hook('controller_guidao', 'ament_prefix_path')
[1.068s] INFO:colcon.colcon_core.plugin_system:Skipping extension 'colcon_core.shell.bat': Not used on non-Windows systems
[1.069s] INFO:colcon.colcon_core.shell:Creating environment hook '/home/matheus/thesis_ws/install/controller_guidao/share/controller_guidao/hook/ament_prefix_path.ps1'
[1.071s] INFO:colcon.colcon_core.shell:Creating environment descriptor '/home/matheus/thesis_ws/install/controller_guidao/share/controller_guidao/hook/ament_prefix_path.dsv'
[1.076s] INFO:colcon.colcon_core.shell:Creating environment hook '/home/matheus/thesis_ws/install/controller_guidao/share/controller_guidao/hook/ament_prefix_path.sh'
[1.078s] INFO:colcon.colcon_core.shell:Skip shell extension 'powershell' for command environment: Not usable outside of PowerShell
[1.078s] DEBUG:colcon.colcon_core.shell:Skip shell extension 'dsv' for command environment
[1.084s] INFO:colcon.colcon_ros.task.ament_python.build:Building ROS package in '/home/matheus/thesis_ws/src/data_logger' with build type 'ament_python'
[1.085s] Level 1:colcon.colcon_core.shell:create_environment_hook('data_logger', 'ament_prefix_path')
[1.085s] INFO:colcon.colcon_core.shell:Creating environment hook '/home/matheus/thesis_ws/install/data_logger/share/data_logger/hook/ament_prefix_path.ps1'
[1.086s] INFO:colcon.colcon_core.shell:Creating environment descriptor '/home/matheus/thesis_ws/install/data_logger/share/data_logger/hook/ament_prefix_path.dsv'
[1.087s] INFO:colcon.colcon_core.shell:Creating environment hook '/home/matheus/thesis_ws/install/data_logger/share/data_logger/hook/ament_prefix_path.sh'
[1.088s] INFO:colcon.colcon_core.shell:Skip shell extension 'powershell' for command environment: Not usable outside of PowerShell
[1.088s] DEBUG:colcon.colcon_core.shell:Skip shell extension 'dsv' for command environment
[1.094s] INFO:colcon.colcon_ros.task.ament_python.build:Building ROS package in '/home/matheus/thesis_ws/src/encoder_device' with build type 'ament_python'
[1.094s] Level 1:colcon.colcon_core.shell:create_environment_hook('encoder_device', 'ament_prefix_path')
[1.095s] INFO:colcon.colcon_core.shell:Creating environment hook '/home/matheus/thesis_ws/install/encoder_device/share/encoder_device/hook/ament_prefix_path.ps1'
[1.096s] INFO:colcon.colcon_core.shell:Creating environment descriptor '/home/matheus/thesis_ws/install/encoder_device/share/encoder_device/hook/ament_prefix_path.dsv'
[1.097s] INFO:colcon.colcon_core.shell:Creating environment hook '/home/matheus/thesis_ws/install/encoder_device/share/encoder_device/hook/ament_prefix_path.sh'
[1.098s] INFO:colcon.colcon_core.shell:Skip shell extension 'powershell' for command environment: Not usable outside of PowerShell
[1.098s] DEBUG:colcon.colcon_core.shell:Skip shell extension 'dsv' for command environment
[1.105s] INFO:colcon.colcon_ros.task.ament_python.build:Building ROS package in '/home/matheus/thesis_ws/src/encoder_guidao' with build type 'ament_python'
[1.105s] Level 1:colcon.colcon_core.shell:create_environment_hook('encoder_guidao', 'ament_prefix_path')
[1.106s] INFO:colcon.colcon_core.shell:Creating environment hook '/home/matheus/thesis_ws/install/encoder_guidao/share/encoder_guidao/hook/ament_prefix_path.ps1'
[1.106s] INFO:colcon.colcon_core.shell:Creating environment descriptor '/home/matheus/thesis_ws/install/encoder_guidao/share/encoder_guidao/hook/ament_prefix_path.dsv'
[1.107s] INFO:colcon.colcon_core.shell:Creating environment hook '/home/matheus/thesis_ws/install/encoder_guidao/share/encoder_guidao/hook/ament_prefix_path.sh'
[1.108s] INFO:colcon.colcon_core.shell:Skip shell extension 'powershell' for command environment: Not usable outside of PowerShell
[1.108s] DEBUG:colcon.colcon_core.shell:Skip shell extension 'dsv' for command environment
[1.113s] INFO:colcon.colcon_ros.task.ament_python.build:Building ROS package in '/home/matheus/thesis_ws/src/game_input_mapping' with build type 'ament_python'
[1.114s] Level 1:colcon.colcon_core.shell:create_environment_hook('game_input_mapping', 'ament_prefix_path')
[1.114s] INFO:colcon.colcon_core.shell:Creating environment hook '/home/matheus/thesis_ws/install/game_input_mapping/share/game_input_mapping/hook/ament_prefix_path.ps1'
[1.118s] INFO:colcon.colcon_core.shell:Creating environment descriptor '/home/matheus/thesis_ws/install/game_input_mapping/share/game_input_mapping/hook/ament_prefix_path.dsv'
[1.119s] INFO:colcon.colcon_core.shell:Creating environment hook '/home/matheus/thesis_ws/install/game_input_mapping/share/game_input_mapping/hook/ament_prefix_path.sh'
[1.120s] INFO:colcon.colcon_core.shell:Skip shell extension 'powershell' for command environment: Not usable outside of PowerShell
[1.120s] DEBUG:colcon.colcon_core.shell:Skip shell extension 'dsv' for command environment
[1.127s] INFO:colcon.colcon_ros.task.ament_python.build:Building ROS package in '/home/matheus/thesis_ws/src/game_session' with build type 'ament_python'
[1.127s] Level 1:colcon.colcon_core.shell:create_environment_hook('game_session', 'ament_prefix_path')
[1.128s] INFO:colcon.colcon_core.shell:Creating environment hook '/home/matheus/thesis_ws/install/game_session/share/game_session/hook/ament_prefix_path.ps1'
[1.129s] INFO:colcon.colcon_core.shell:Creating environment descriptor '/home/matheus/thesis_ws/install/game_session/share/game_session/hook/ament_prefix_path.dsv'
[1.130s] INFO:colcon.colcon_core.shell:Creating environment hook '/home/matheus/thesis_ws/install/game_session/share/game_session/hook/ament_prefix_path.sh'
[1.132s] INFO:colcon.colcon_core.shell:Skip shell extension 'powershell' for command environment: Not usable outside of PowerShell
[1.132s] DEBUG:colcon.colcon_core.shell:Skip shell extension 'dsv' for command environment
[1.140s] INFO:colcon.colcon_ros.task.ament_python.build:Building ROS package in '/home/matheus/thesis_ws/src/game_unity_bridge' with build type 'ament_python'
[1.140s] Level 1:colcon.colcon_core.shell:create_environment_hook('game_unity_bridge', 'ament_prefix_path')
[1.141s] INFO:colcon.colcon_core.shell:Creating environment hook '/home/matheus/thesis_ws/install/game_unity_bridge/share/game_unity_bridge/hook/ament_prefix_path.ps1'
[1.141s] INFO:colcon.colcon_core.shell:Creating environment descriptor '/home/matheus/thesis_ws/install/game_unity_bridge/share/game_unity_bridge/hook/ament_prefix_path.dsv'
[1.142s] INFO:colcon.colcon_core.shell:Creating environment hook '/home/matheus/thesis_ws/install/game_unity_bridge/share/game_unity_bridge/hook/ament_prefix_path.sh'
[1.143s] INFO:colcon.colcon_core.shell:Skip shell extension 'powershell' for command environment: Not usable outside of PowerShell
[1.143s] DEBUG:colcon.colcon_core.shell:Skip shell extension 'dsv' for command environment
[1.148s] INFO:colcon.colcon_ros.task.ament_python.build:Building ROS package in '/home/matheus/thesis_ws/src/hal_device_manager' with build type 'ament_python'
[1.148s] Level 1:colcon.colcon_core.shell:create_environment_hook('hal_device_manager', 'ament_prefix_path')
[1.148s] INFO:colcon.colcon_core.shell:Creating environment hook '/home/matheus/thesis_ws/install/hal_device_manager/share/hal_device_manager/hook/ament_prefix_path.ps1'
[1.149s] INFO:colcon.colcon_core.shell:Creating environment descriptor '/home/matheus/thesis_ws/install/hal_device_manager/share/hal_device_manager/hook/ament_prefix_path.dsv'
[1.149s] INFO:colcon.colcon_core.shell:Creating environment hook '/home/matheus/thesis_ws/install/hal_device_manager/share/hal_device_manager/hook/ament_prefix_path.sh'
[1.150s] INFO:colcon.colcon_core.shell:Skip shell extension 'powershell' for command environment: Not usable outside of PowerShell
[1.150s] DEBUG:colcon.colcon_core.shell:Skip shell extension 'dsv' for command environment
[1.160s] INFO:colcon.colcon_ros.task.ament_cmake.build:Building ROS package in '/home/matheus/thesis_ws/src/hal_interfaces' with build type 'ament_cmake'
[1.160s] INFO:colcon.colcon_cmake.task.cmake.build:Building CMake package in '/home/matheus/thesis_ws/src/hal_interfaces'
[1.160s] INFO:colcon.colcon_core.shell:Skip shell extension 'powershell' for command environment: Not usable outside of PowerShell
[1.160s] DEBUG:colcon.colcon_core.shell:Skip shell extension 'dsv' for command environment
[1.164s] INFO:colcon.colcon_ros.task.ament_python.build:Building ROS package in '/home/matheus/thesis_ws/src/hal_signal_processing' with build type 'ament_python'
[1.165s] Level 1:colcon.colcon_core.shell:create_environment_hook('hal_signal_processing', 'ament_prefix_path')
[1.165s] INFO:colcon.colcon_core.shell:Creating environment hook '/home/matheus/thesis_ws/install/hal_signal_processing/share/hal_signal_processing/hook/ament_prefix_path.ps1'
[1.165s] INFO:colcon.colcon_core.shell:Creating environment descriptor '/home/matheus/thesis_ws/install/hal_signal_processing/share/hal_signal_processing/hook/ament_prefix_path.dsv'
[1.165s] INFO:colcon.colcon_core.shell:Creating environment hook '/home/matheus/thesis_ws/install/hal_signal_processing/share/hal_signal_processing/hook/ament_prefix_path.sh'
[1.166s] INFO:colcon.colcon_core.shell:Skip shell extension 'powershell' for command environment: Not usable outside of PowerShell
[1.166s] DEBUG:colcon.colcon_core.shell:Skip shell extension 'dsv' for command environment
[1.169s] INFO:colcon.colcon_ros.task.ament_cmake.build:Building ROS package in '/home/matheus/thesis_ws/src/thesis_interfaces' with build type 'ament_cmake'
[1.169s] INFO:colcon.colcon_cmake.task.cmake.build:Building CMake package in '/home/matheus/thesis_ws/src/thesis_interfaces'
[1.169s] INFO:colcon.colcon_core.shell:Skip shell extension 'powershell' for command environment: Not usable outside of PowerShell
[1.169s] DEBUG:colcon.colcon_core.shell:Skip shell extension 'dsv' for command environment
[1.359s] INFO:colcon.colcon_core.task.python.build:Building Python package in '/home/matheus/thesis_ws/src/controller_guidao'
[1.359s] INFO:colcon.colcon_core.shell:Skip shell extension 'powershell' for command environment: Not usable outside of PowerShell
[1.359s] DEBUG:colcon.colcon_core.shell:Skip shell extension 'dsv' for command environment
[1.546s] INFO:colcon.colcon_core.task.python.build:Building Python package in '/home/matheus/thesis_ws/src/data_logger'
[1.546s] INFO:colcon.colcon_core.shell:Skip shell extension 'powershell' for command environment: Not usable outside of PowerShell
[1.547s] DEBUG:colcon.colcon_core.shell:Skip shell extension 'dsv' for command environment
[1.736s] INFO:colcon.colcon_core.task.python.build:Building Python package in '/home/matheus/thesis_ws/src/encoder_device'
[1.736s] INFO:colcon.colcon_core.shell:Skip shell extension 'powershell' for command environment: Not usable outside of PowerShell
[1.737s] DEBUG:colcon.colcon_core.shell:Skip shell extension 'dsv' for command environment
[1.923s] INFO:colcon.colcon_core.task.python.build:Building Python package in '/home/matheus/thesis_ws/src/encoder_guidao'
[1.923s] INFO:colcon.colcon_core.shell:Skip shell extension 'powershell' for command environment: Not usable outside of PowerShell
[1.923s] DEBUG:colcon.colcon_core.shell:Skip shell extension 'dsv' for command environment
[2.115s] INFO:colcon.colcon_core.task.python.build:Building Python package in '/home/matheus/thesis_ws/src/game_input_mapping'
[2.115s] INFO:colcon.colcon_core.shell:Skip shell extension 'powershell' for command environment: Not usable outside of PowerShell
[2.115s] DEBUG:colcon.colcon_core.shell:Skip shell extension 'dsv' for command environment
[2.306s] INFO:colcon.colcon_core.task.python.build:Building Python package in '/home/matheus/thesis_ws/src/game_session'
[2.306s] INFO:colcon.colcon_core.shell:Skip shell extension 'powershell' for command environment: Not usable outside of PowerShell
[2.306s] DEBUG:colcon.colcon_core.shell:Skip shell extension 'dsv' for command environment
[2.492s] INFO:colcon.colcon_core.task.python.build:Building Python package in '/home/matheus/thesis_ws/src/game_unity_bridge'
[2.493s] INFO:colcon.colcon_core.shell:Skip shell extension 'powershell' for command environment: Not usable outside of PowerShell
[2.493s] DEBUG:colcon.colcon_core.shell:Skip shell extension 'dsv' for command environment
[2.679s] INFO:colcon.colcon_core.task.python.build:Building Python package in '/home/matheus/thesis_ws/src/hal_device_manager'
[2.680s] INFO:colcon.colcon_core.shell:Skip shell extension 'powershell' for command environment: Not usable outside of PowerShell
[2.680s] DEBUG:colcon.colcon_core.shell:Skip shell extension 'dsv' for command environment
[2.686s] DEBUG:colcon.colcon_core.event_handler.log_command:Invoking command in '/home/matheus/thesis_ws/build/hal_interfaces': CMAKE_PREFIX_PATH=${CMAKE_PREFIX_PATH}:/home/matheus/thesis_ws/install/hal_signal_processing:/home/matheus/thesis_ws/install/hal_device_manager:/home/matheus/thesis_ws/install/game_unity_bridge:/home/matheus/thesis_ws/install/game_session:/home/matheus/thesis_ws/install/game_input_mapping:/home/matheus/thesis_ws/install/encoder_guidao:/home/matheus/thesis_ws/install/encoder_device:/home/matheus/thesis_ws/install/data_logger:/home/matheus/thesis_ws/install/controller_guidao:/home/matheus/Desktop/TestesROS2/ros_unity_ws/install/ros_tcp_endpoint:/opt/ros/humble /usr/bin/cmake --build /home/matheus/thesis_ws/build/hal_interfaces -- -j12 -l12
[2.933s] INFO:colcon.colcon_core.task.python.build:Building Python package in '/home/matheus/thesis_ws/src/hal_signal_processing'
[2.934s] INFO:colcon.colcon_core.shell:Skip shell extension 'powershell' for command environment: Not usable outside of PowerShell
[2.934s] DEBUG:colcon.colcon_core.shell:Skip shell extension 'dsv' for command environment
[2.945s] DEBUG:colcon.colcon_core.event_handler.log_command:Invoking command in '/home/matheus/thesis_ws/build/thesis_interfaces': CMAKE_PREFIX_PATH=${CMAKE_PREFIX_PATH}:/home/matheus/thesis_ws/install/hal_signal_processing:/home/matheus/thesis_ws/install/hal_device_manager:/home/matheus/thesis_ws/install/game_unity_bridge:/home/matheus/thesis_ws/install/game_session:/home/matheus/thesis_ws/install/game_input_mapping:/home/matheus/thesis_ws/install/encoder_guidao:/home/matheus/thesis_ws/install/encoder_device:/home/matheus/thesis_ws/install/data_logger:/home/matheus/thesis_ws/install/controller_guidao:/home/matheus/Desktop/TestesROS2/ros_unity_ws/install/ros_tcp_endpoint:/opt/ros/humble /usr/bin/cmake --build /home/matheus/thesis_ws/build/thesis_interfaces -- -j12 -l12
[2.972s] DEBUG:colcon.colcon_core.event_handler.log_command:Invoked command in '/home/matheus/thesis_ws/build/hal_interfaces' returned '0': CMAKE_PREFIX_PATH=${CMAKE_PREFIX_PATH}:/home/matheus/thesis_ws/install/hal_signal_processing:/home/matheus/thesis_ws/install/hal_device_manager:/home/matheus/thesis_ws/install/game_unity_bridge:/home/matheus/thesis_ws/install/game_session:/home/matheus/thesis_ws/install/game_input_mapping:/home/matheus/thesis_ws/install/encoder_guidao:/home/matheus/thesis_ws/install/encoder_device:/home/matheus/thesis_ws/install/data_logger:/home/matheus/thesis_ws/install/controller_guidao:/home/matheus/Desktop/TestesROS2/ros_unity_ws/install/ros_tcp_endpoint:/opt/ros/humble /usr/bin/cmake --build /home/matheus/thesis_ws/build/hal_interfaces -- -j12 -l12
[2.985s] DEBUG:colcon.colcon_core.event_handler.log_command:Invoking command in '/home/matheus/thesis_ws/build/hal_interfaces': CMAKE_PREFIX_PATH=${CMAKE_PREFIX_PATH}:/home/matheus/thesis_ws/install/hal_signal_processing:/home/matheus/thesis_ws/install/hal_device_manager:/home/matheus/thesis_ws/install/game_unity_bridge:/home/matheus/thesis_ws/install/game_session:/home/matheus/thesis_ws/install/game_input_mapping:/home/matheus/thesis_ws/install/encoder_guidao:/home/matheus/thesis_ws/install/encoder_device:/home/matheus/thesis_ws/install/data_logger:/home/matheus/thesis_ws/install/controller_guidao:/home/matheus/Desktop/TestesROS2/ros_unity_ws/install/ros_tcp_endpoint:/opt/ros/humble /usr/bin/cmake --install /home/matheus/thesis_ws/build/hal_interfaces
[2.994s] DEBUG:colcon.colcon_core.event_handler.log_command:Invoked command in '/home/matheus/thesis_ws/build/thesis_interfaces' returned '0': CMAKE_PREFIX_PATH=${CMAKE_PREFIX_PATH}:/home/matheus/thesis_ws/install/hal_signal_processing:/home/matheus/thesis_ws/install/hal_device_manager:/home/matheus/thesis_ws/install/game_unity_bridge:/home/matheus/thesis_ws/install/game_session:/home/matheus/thesis_ws/install/game_input_mapping:/home/matheus/thesis_ws/install/encoder_guidao:/home/matheus/thesis_ws/install/encoder_device:/home/matheus/thesis_ws/install/data_logger:/home/matheus/thesis_ws/install/controller_guidao:/home/matheus/Desktop/TestesROS2/ros_unity_ws/install/ros_tcp_endpoint:/opt/ros/humble /usr/bin/cmake --build /home/matheus/thesis_ws/build/thesis_interfaces -- -j12 -l12
[3.000s] DEBUG:colcon.colcon_core.event_handler.log_command:Invoking command in '/home/matheus/thesis_ws/build/thesis_interfaces': CMAKE_PREFIX_PATH=${CMAKE_PREFIX_PATH}:/home/matheus/thesis_ws/install/hal_signal_processing:/home/matheus/thesis_ws/install/hal_device_manager:/home/matheus/thesis_ws/install/game_unity_bridge:/home/matheus/thesis_ws/install/game_session:/home/matheus/thesis_ws/install/game_input_mapping:/home/matheus/thesis_ws/install/encoder_guidao:/home/matheus/thesis_ws/install/encoder_device:/home/matheus/thesis_ws/install/data_logger:/home/matheus/thesis_ws/install/controller_guidao:/home/matheus/Desktop/TestesROS2/ros_unity_ws/install/ros_tcp_endpoint:/opt/ros/humble /usr/bin/cmake --install /home/matheus/thesis_ws/build/thesis_interfaces
[3.009s] Level 1:colcon.colcon_core.environment:create_environment_scripts_only(thesis_interfaces)
[3.010s] DEBUG:colcon.colcon_core.event_handler.log_command:Invoked command in '/home/matheus/thesis_ws/build/thesis_interfaces' returned '0': CMAKE_PREFIX_PATH=${CMAKE_PREFIX_PATH}:/home/matheus/thesis_ws/install/hal_signal_processing:/home/matheus/thesis_ws/install/hal_device_manager:/home/matheus/thesis_ws/install/game_unity_bridge:/home/matheus/thesis_ws/install/game_session:/home/matheus/thesis_ws/install/game_input_mapping:/home/matheus/thesis_ws/install/encoder_guidao:/home/matheus/thesis_ws/install/encoder_device:/home/matheus/thesis_ws/install/data_logger:/home/matheus/thesis_ws/install/controller_guidao:/home/matheus/Desktop/TestesROS2/ros_unity_ws/install/ros_tcp_endpoint:/opt/ros/humble /usr/bin/cmake --install /home/matheus/thesis_ws/build/thesis_interfaces
[3.044s] Level 1:colcon.colcon_core.environment:checking '/home/matheus/thesis_ws/install/thesis_interfaces' for CMake module files
[3.044s] Level 1:colcon.colcon_core.environment:checking '/home/matheus/thesis_ws/install/thesis_interfaces' for CMake config files
[3.045s] Level 1:colcon.colcon_core.shell:create_environment_hook('thesis_interfaces', 'cmake_prefix_path')
[3.045s] INFO:colcon.colcon_core.shell:Creating environment hook '/home/matheus/thesis_ws/install/thesis_interfaces/share/thesis_interfaces/hook/cmake_prefix_path.ps1'
[3.046s] INFO:colcon.colcon_core.shell:Creating environment descriptor '/home/matheus/thesis_ws/install/thesis_interfaces/share/thesis_interfaces/hook/cmake_prefix_path.dsv'
[3.046s] INFO:colcon.colcon_core.shell:Creating environment hook '/home/matheus/thesis_ws/install/thesis_interfaces/share/thesis_interfaces/hook/cmake_prefix_path.sh'
[3.047s] Level 1:colcon.colcon_core.environment:checking '/home/matheus/thesis_ws/install/thesis_interfaces/bin'
[3.047s] Level 1:colcon.colcon_core.environment:checking '/home/matheus/thesis_ws/install/thesis_interfaces/lib/pkgconfig/thesis_interfaces.pc'
[3.047s] Level 1:colcon.colcon_core.environment:checking '/home/matheus/thesis_ws/install/thesis_interfaces/lib/python3.10/site-packages'
[3.047s] Level 1:colcon.colcon_core.environment:checking '/home/matheus/thesis_ws/install/thesis_interfaces/bin'
[3.048s] INFO:colcon.colcon_core.shell:Creating package script '/home/matheus/thesis_ws/install/thesis_interfaces/share/thesis_interfaces/package.ps1'
[3.049s] INFO:colcon.colcon_core.shell:Creating package descriptor '/home/matheus/thesis_ws/install/thesis_interfaces/share/thesis_interfaces/package.dsv'
[3.050s] INFO:colcon.colcon_core.shell:Creating package script '/home/matheus/thesis_ws/install/thesis_interfaces/share/thesis_interfaces/package.sh'
[3.051s] INFO:colcon.colcon_core.shell:Creating package script '/home/matheus/thesis_ws/install/thesis_interfaces/share/thesis_interfaces/package.bash'
[3.057s] INFO:colcon.colcon_core.shell:Creating package script '/home/matheus/thesis_ws/install/thesis_interfaces/share/thesis_interfaces/package.zsh'
[3.058s] Level 1:colcon.colcon_core.environment:create_file_with_runtime_dependencies(/home/matheus/thesis_ws/install/thesis_interfaces/share/colcon-core/packages/thesis_interfaces)
[3.059s] Level 1:colcon.colcon_core.environment:create_environment_scripts_only(thesis_interfaces)
[3.059s] Level 1:colcon.colcon_core.environment:checking '/home/matheus/thesis_ws/install/thesis_interfaces' for CMake module files
[3.060s] Level 1:colcon.colcon_core.environment:checking '/home/matheus/thesis_ws/install/thesis_interfaces' for CMake config files
[3.060s] Level 1:colcon.colcon_core.shell:create_environment_hook('thesis_interfaces', 'cmake_prefix_path')
[3.060s] INFO:colcon.colcon_core.shell:Creating environment hook '/home/matheus/thesis_ws/install/thesis_interfaces/share/thesis_interfaces/hook/cmake_prefix_path.ps1'
[3.061s] INFO:colcon.colcon_core.shell:Creating environment descriptor '/home/matheus/thesis_ws/install/thesis_interfaces/share/thesis_interfaces/hook/cmake_prefix_path.dsv'
[3.061s] INFO:colcon.colcon_core.shell:Creating environment hook '/home/matheus/thesis_ws/install/thesis_interfaces/share/thesis_interfaces/hook/cmake_prefix_path.sh'
[3.061s] Level 1:colcon.colcon_core.environment:checking '/home/matheus/thesis_ws/install/thesis_interfaces/bin'
[3.062s] Level 1:colcon.colcon_core.environment:checking '/home/matheus/thesis_ws/install/thesis_interfaces/lib/pkgconfig/thesis_interfaces.pc'
[3.062s] Level 1:colcon.colcon_core.environment:checking '/home/matheus/thesis_ws/install/thesis_interfaces/lib/python3.10/site-packages'
[3.062s] Level 1:colcon.colcon_core.environment:checking '/home/matheus/thesis_ws/install/thesis_interfaces/bin'
[3.062s] INFO:colcon.colcon_core.shell:Creating package script '/home/matheus/thesis_ws/install/thesis_interfaces/share/thesis_interfaces/package.ps1'
[3.063s] INFO:colcon.colcon_core.shell:Creating package descriptor '/home/matheus/thesis_ws/install/thesis_interfaces/share/thesis_interfaces/package.dsv'
[3.063s] INFO:colcon.colcon_core.shell:Creating package script '/home/matheus/thesis_ws/install/thesis_interfaces/share/thesis_interfaces/package.sh'
[3.070s] INFO:colcon.colcon_core.shell:Creating package script '/home/matheus/thesis_ws/install/thesis_interfaces/share/thesis_interfaces/package.bash'
[3.071s] INFO:colcon.colcon_core.shell:Creating package script '/home/matheus/thesis_ws/install/thesis_interfaces/share/thesis_interfaces/package.zsh'
[3.071s] Level 1:colcon.colcon_core.environment:create_file_with_runtime_dependencies(/home/matheus/thesis_ws/install/thesis_interfaces/share/colcon-core/packages/thesis_interfaces)
[3.074s] Level 1:colcon.colcon_core.environment:create_environment_scripts_only(hal_interfaces)
[3.074s] Level 1:colcon.colcon_core.environment:checking '/home/matheus/thesis_ws/install/hal_interfaces' for CMake module files
[3.075s] DEBUG:colcon.colcon_core.event_handler.log_command:Invoked command in '/home/matheus/thesis_ws/build/hal_interfaces' returned '0': CMAKE_PREFIX_PATH=${CMAKE_PREFIX_PATH}:/home/matheus/thesis_ws/install/hal_signal_processing:/home/matheus/thesis_ws/install/hal_device_manager:/home/matheus/thesis_ws/install/game_unity_bridge:/home/matheus/thesis_ws/install/game_session:/home/matheus/thesis_ws/install/game_input_mapping:/home/matheus/thesis_ws/install/encoder_guidao:/home/matheus/thesis_ws/install/encoder_device:/home/matheus/thesis_ws/install/data_logger:/home/matheus/thesis_ws/install/controller_guidao:/home/matheus/Desktop/TestesROS2/ros_unity_ws/install/ros_tcp_endpoint:/opt/ros/humble /usr/bin/cmake --install /home/matheus/thesis_ws/build/hal_interfaces
[3.075s] Level 1:colcon.colcon_core.environment:checking '/home/matheus/thesis_ws/install/hal_interfaces' for CMake config files
[3.075s] Level 1:colcon.colcon_core.shell:create_environment_hook('hal_interfaces', 'cmake_prefix_path')
[3.076s] INFO:colcon.colcon_core.shell:Creating environment hook '/home/matheus/thesis_ws/install/hal_interfaces/share/hal_interfaces/hook/cmake_prefix_path.ps1'
[3.076s] INFO:colcon.colcon_core.shell:Creating environment descriptor '/home/matheus/thesis_ws/install/hal_interfaces/share/hal_interfaces/hook/cmake_prefix_path.dsv'
[3.077s] INFO:colcon.colcon_core.shell:Creating environment hook '/home/matheus/thesis_ws/install/hal_interfaces/share/hal_interfaces/hook/cmake_prefix_path.sh'
[3.077s] Level 1:colcon.colcon_core.environment:checking '/home/matheus/thesis_ws/install/hal_interfaces/lib'
[3.078s] Level 1:colcon.colcon_core.shell:create_environment_hook('hal_interfaces', 'ld_library_path_lib')
[3.078s] INFO:colcon.colcon_core.shell:Creating environment hook '/home/matheus/thesis_ws/install/hal_interfaces/share/hal_interfaces/hook/ld_library_path_lib.ps1'
[3.078s] INFO:colcon.colcon_core.shell:Creating environment descriptor '/home/matheus/thesis_ws/install/hal_interfaces/share/hal_interfaces/hook/ld_library_path_lib.dsv'
[3.078s] INFO:colcon.colcon_core.shell:Creating environment hook '/home/matheus/thesis_ws/install/hal_interfaces/share/hal_interfaces/hook/ld_library_path_lib.sh'
[3.084s] Level 1:colcon.colcon_core.environment:checking '/home/matheus/thesis_ws/install/hal_interfaces/bin'
[3.084s] Level 1:colcon.colcon_core.environment:checking '/home/matheus/thesis_ws/install/hal_interfaces/lib/pkgconfig/hal_interfaces.pc'
[3.084s] Level 1:colcon.colcon_core.environment:checking '/home/matheus/thesis_ws/install/hal_interfaces/lib/python3.10/site-packages'
[3.085s] Level 1:colcon.colcon_core.environment:checking '/home/matheus/thesis_ws/install/hal_interfaces/bin'
[3.085s] INFO:colcon.colcon_core.shell:Creating package script '/home/matheus/thesis_ws/install/hal_interfaces/share/hal_interfaces/package.ps1'
[3.086s] INFO:colcon.colcon_core.shell:Creating package descriptor '/home/matheus/thesis_ws/install/hal_interfaces/share/hal_interfaces/package.dsv'
[3.086s] INFO:colcon.colcon_core.shell:Creating package script '/home/matheus/thesis_ws/install/hal_interfaces/share/hal_interfaces/package.sh'
[3.086s] INFO:colcon.colcon_core.shell:Creating package script '/home/matheus/thesis_ws/install/hal_interfaces/share/hal_interfaces/package.bash'
[3.087s] INFO:colcon.colcon_core.shell:Creating package script '/home/matheus/thesis_ws/install/hal_interfaces/share/hal_interfaces/package.zsh'
[3.087s] Level 1:colcon.colcon_core.environment:create_file_with_runtime_dependencies(/home/matheus/thesis_ws/install/hal_interfaces/share/colcon-core/packages/hal_interfaces)
[3.087s] Level 1:colcon.colcon_core.environment:create_environment_scripts_only(hal_interfaces)
[3.087s] Level 1:colcon.colcon_core.environment:checking '/home/matheus/thesis_ws/install/hal_interfaces' for CMake module files
[3.088s] Level 1:colcon.colcon_core.environment:checking '/home/matheus/thesis_ws/install/hal_interfaces' for CMake config files
[3.088s] Level 1:colcon.colcon_core.shell:create_environment_hook('hal_interfaces', 'cmake_prefix_path')
[3.088s] INFO:colcon.colcon_core.shell:Creating environment hook '/home/matheus/thesis_ws/install/hal_interfaces/share/hal_interfaces/hook/cmake_prefix_path.ps1'
[3.097s] INFO:colcon.colcon_core.shell:Creating environment descriptor '/home/matheus/thesis_ws/install/hal_interfaces/share/hal_interfaces/hook/cmake_prefix_path.dsv'
[3.098s] INFO:colcon.colcon_core.shell:Creating environment hook '/home/matheus/thesis_ws/install/hal_interfaces/share/hal_interfaces/hook/cmake_prefix_path.sh'
[3.098s] Level 1:colcon.colcon_core.environment:checking '/home/matheus/thesis_ws/install/hal_interfaces/lib'
[3.098s] Level 1:colcon.colcon_core.shell:create_environment_hook('hal_interfaces', 'ld_library_path_lib')
[3.099s] INFO:colcon.colcon_core.shell:Creating environment hook '/home/matheus/thesis_ws/install/hal_interfaces/share/hal_interfaces/hook/ld_library_path_lib.ps1'
[3.099s] INFO:colcon.colcon_core.shell:Creating environment descriptor '/home/matheus/thesis_ws/install/hal_interfaces/share/hal_interfaces/hook/ld_library_path_lib.dsv'
[3.099s] INFO:colcon.colcon_core.shell:Creating environment hook '/home/matheus/thesis_ws/install/hal_interfaces/share/hal_interfaces/hook/ld_library_path_lib.sh'
[3.100s] Level 1:colcon.colcon_core.environment:checking '/home/matheus/thesis_ws/install/hal_interfaces/bin'
[3.100s] Level 1:colcon.colcon_core.environment:checking '/home/matheus/thesis_ws/install/hal_interfaces/lib/pkgconfig/hal_interfaces.pc'
[3.100s] Level 1:colcon.colcon_core.environment:checking '/home/matheus/thesis_ws/install/hal_interfaces/lib/python3.10/site-packages'
[3.100s] Level 1:colcon.colcon_core.environment:checking '/home/matheus/thesis_ws/install/hal_interfaces/bin'
[3.100s] INFO:colcon.colcon_core.shell:Creating package script '/home/matheus/thesis_ws/install/hal_interfaces/share/hal_interfaces/package.ps1'
[3.101s] INFO:colcon.colcon_core.shell:Creating package descriptor '/home/matheus/thesis_ws/install/hal_interfaces/share/hal_interfaces/package.dsv'
[3.101s] INFO:colcon.colcon_core.shell:Creating package script '/home/matheus/thesis_ws/install/hal_interfaces/share/hal_interfaces/package.sh'
[3.101s] INFO:colcon.colcon_core.shell:Creating package script '/home/matheus/thesis_ws/install/hal_interfaces/share/hal_interfaces/package.bash'
[3.111s] INFO:colcon.colcon_core.shell:Creating package script '/home/matheus/thesis_ws/install/hal_interfaces/share/hal_interfaces/package.zsh'
[3.111s] Level 1:colcon.colcon_core.environment:create_file_with_runtime_dependencies(/home/matheus/thesis_ws/install/hal_interfaces/share/colcon-core/packages/hal_interfaces)
[3.288s] DEBUG:colcon.colcon_core.task.python.build:Available setuptools commands: init_catalog, build_clib, bdist, test, install_egg_info, rotate, install_lib, setopt, egg_info, install_data, bdist_rpm, update_catalog, build_py, symlink_data, develop, dist_info, extract_messages, install_headers, bdist_dumb, sdist, bdist_egg, clean, upload, saveopts, easy_install, install, build, register, upload_docs, check, alias, build_ext, build_scripts, bdist_wheel, install_scripts, compile_catalog, nosetests
[3.291s] DEBUG:colcon.colcon_core.event_handler.log_command:Invoking command in '/home/matheus/thesis_ws/src/game_unity_bridge': PYTHONPATH=/home/matheus/thesis_ws/build/game_unity_bridge/prefix_override:/usr/lib/python3/dist-packages/colcon_core/task/python/colcon_distutils_commands:/home/matheus/thesis_ws/install/game_unity_bridge/lib/python3.10/site-packages:${PYTHONPATH} /usr/bin/python3 -W ignore:setup.py install is deprecated -W ignore:easy_install command is deprecated setup.py egg_info --egg-base ../../build/game_unity_bridge build --build-base /home/matheus/thesis_ws/build/game_unity_bridge/build install --record /home/matheus/thesis_ws/build/game_unity_bridge/install.log --install-scripts $base/lib/game_unity_bridge --single-version-externally-managed install_data
[3.354s] DEBUG:colcon.colcon_core.task.python.build:Available setuptools commands: init_catalog, build_clib, bdist, test, install_egg_info, rotate, install_lib, setopt, egg_info, install_data, bdist_rpm, update_catalog, build_py, symlink_data, develop, dist_info, extract_messages, install_headers, bdist_dumb, sdist, bdist_egg, clean, upload, saveopts, easy_install, install, build, register, upload_docs, check, alias, build_ext, build_scripts, bdist_wheel, install_scripts, compile_catalog, nosetests
[3.357s] DEBUG:colcon.colcon_core.event_handler.log_command:Invoking command in '/home/matheus/thesis_ws/src/game_session': PYTHONPATH=/home/matheus/thesis_ws/build/game_session/prefix_override:/usr/lib/python3/dist-packages/colcon_core/task/python/colcon_distutils_commands:/home/matheus/thesis_ws/install/game_session/lib/python3.10/site-packages:${PYTHONPATH} /usr/bin/python3 -W ignore:setup.py install is deprecated -W ignore:easy_install command is deprecated setup.py egg_info --egg-base ../../build/game_session build --build-base /home/matheus/thesis_ws/build/game_session/build install --record /home/matheus/thesis_ws/build/game_session/install.log --install-scripts $base/lib/game_session --single-version-externally-managed install_data
[3.520s] DEBUG:colcon.colcon_core.task.python.build:Available setuptools commands: init_catalog, build_clib, bdist, test, install_egg_info, rotate, install_lib, setopt, egg_info, install_data, bdist_rpm, update_catalog, build_py, symlink_data, develop, dist_info, extract_messages, install_headers, bdist_dumb, sdist, bdist_egg, clean, upload, saveopts, easy_install, install, build, register, upload_docs, check, alias, build_ext, build_scripts, bdist_wheel, install_scripts, compile_catalog, nosetests
[3.522s] DEBUG:colcon.colcon_core.task.python.build:Available setuptools commands: init_catalog, build_clib, bdist, test, install_egg_info, rotate, install_lib, setopt, egg_info, install_data, bdist_rpm, update_catalog, build_py, symlink_data, develop, dist_info, extract_messages, install_headers, bdist_dumb, sdist, bdist_egg, clean, upload, saveopts, easy_install, install, build, register, upload_docs, check, alias, build_ext, build_scripts, bdist_wheel, install_scripts, compile_catalog, nosetests
[3.528s] DEBUG:colcon.colcon_core.event_handler.log_command:Invoking command in '/home/matheus/thesis_ws/src/encoder_guidao': PYTHONPATH=/home/matheus/thesis_ws/build/encoder_guidao/prefix_override:/usr/lib/python3/dist-packages/colcon_core/task/python/colcon_distutils_commands:/home/matheus/thesis_ws/install/encoder_guidao/lib/python3.10/site-packages:${PYTHONPATH} /usr/bin/python3 -W ignore:setup.py install is deprecated -W ignore:easy_install command is deprecated setup.py egg_info --egg-base ../../build/encoder_guidao build --build-base /home/matheus/thesis_ws/build/encoder_guidao/build install --record /home/matheus/thesis_ws/build/encoder_guidao/install.log --install-scripts $base/lib/encoder_guidao --single-version-externally-managed install_data
[3.532s] DEBUG:colcon.colcon_core.task.python.build:Available setuptools commands: init_catalog, build_clib, bdist, test, install_egg_info, rotate, install_lib, setopt, egg_info, install_data, bdist_rpm, update_catalog, build_py, symlink_data, develop, dist_info, extract_messages, install_headers, bdist_dumb, sdist, bdist_egg, clean, upload, saveopts, easy_install, install, build, register, upload_docs, check, alias, build_ext, build_scripts, bdist_wheel, install_scripts, compile_catalog, nosetests
[3.533s] DEBUG:colcon.colcon_core.event_handler.log_command:Invoking command in '/home/matheus/thesis_ws/src/game_input_mapping': PYTHONPATH=/home/matheus/thesis_ws/build/game_input_mapping/prefix_override:/usr/lib/python3/dist-packages/colcon_core/task/python/colcon_distutils_commands:/home/matheus/thesis_ws/install/game_input_mapping/lib/python3.10/site-packages:${PYTHONPATH} /usr/bin/python3 -W ignore:setup.py install is deprecated -W ignore:easy_install command is deprecated setup.py egg_info --egg-base ../../build/game_input_mapping build --build-base /home/matheus/thesis_ws/build/game_input_mapping/build install --record /home/matheus/thesis_ws/build/game_input_mapping/install.log --install-scripts $base/lib/game_input_mapping --single-version-externally-managed install_data
[3.535s] DEBUG:colcon.colcon_core.task.python.build:Available setuptools commands: init_catalog, build_clib, bdist, test, install_egg_info, rotate, install_lib, setopt, egg_info, install_data, bdist_rpm, update_catalog, build_py, symlink_data, develop, dist_info, extract_messages, install_headers, bdist_dumb, sdist, bdist_egg, clean, upload, saveopts, easy_install, install, build, register, upload_docs, check, alias, build_ext, build_scripts, bdist_wheel, install_scripts, compile_catalog, nosetests
[3.537s] DEBUG:colcon.colcon_core.task.python.build:Available setuptools commands: init_catalog, build_clib, bdist, test, install_egg_info, rotate, install_lib, setopt, egg_info, install_data, bdist_rpm, update_catalog, build_py, symlink_data, develop, dist_info, extract_messages, install_headers, bdist_dumb, sdist, bdist_egg, clean, upload, saveopts, easy_install, install, build, register, upload_docs, check, alias, build_ext, build_scripts, bdist_wheel, install_scripts, compile_catalog, nosetests
[3.538s] DEBUG:colcon.colcon_core.event_handler.log_command:Invoking command in '/home/matheus/thesis_ws/src/hal_signal_processing': PYTHONPATH=/home/matheus/thesis_ws/build/hal_signal_processing/prefix_override:/usr/lib/python3/dist-packages/colcon_core/task/python/colcon_distutils_commands:/home/matheus/thesis_ws/install/hal_signal_processing/lib/python3.10/site-packages:${PYTHONPATH} /usr/bin/python3 -W ignore:setup.py install is deprecated -W ignore:easy_install command is deprecated setup.py egg_info --egg-base ../../build/hal_signal_processing build --build-base /home/matheus/thesis_ws/build/hal_signal_processing/build install --record /home/matheus/thesis_ws/build/hal_signal_processing/install.log --install-scripts $base/lib/hal_signal_processing --single-version-externally-managed install_data
[3.538s] DEBUG:colcon.colcon_core.task.python.build:Available setuptools commands: init_catalog, build_clib, bdist, test, install_egg_info, rotate, install_lib, setopt, egg_info, install_data, bdist_rpm, update_catalog, build_py, symlink_data, develop, dist_info, extract_messages, install_headers, bdist_dumb, sdist, bdist_egg, clean, upload, saveopts, easy_install, install, build, register, upload_docs, check, alias, build_ext, build_scripts, bdist_wheel, install_scripts, compile_catalog, nosetests
[3.541s] DEBUG:colcon.colcon_core.event_handler.log_command:Invoking command in '/home/matheus/thesis_ws/src/controller_guidao': PYTHONPATH=/home/matheus/thesis_ws/build/controller_guidao/prefix_override:/usr/lib/python3/dist-packages/colcon_core/task/python/colcon_distutils_commands:/home/matheus/thesis_ws/install/controller_guidao/lib/python3.10/site-packages:${PYTHONPATH} /usr/bin/python3 -W ignore:setup.py install is deprecated -W ignore:easy_install command is deprecated setup.py egg_info --egg-base ../../build/controller_guidao build --build-base /home/matheus/thesis_ws/build/controller_guidao/build install --record /home/matheus/thesis_ws/build/controller_guidao/install.log --install-scripts $base/lib/controller_guidao --single-version-externally-managed install_data
[3.543s] DEBUG:colcon.colcon_core.task.python.build:Available setuptools commands: init_catalog, build_clib, bdist, test, install_egg_info, rotate, install_lib, setopt, egg_info, install_data, bdist_rpm, update_catalog, build_py, symlink_data, develop, dist_info, extract_messages, install_headers, bdist_dumb, sdist, bdist_egg, clean, upload, saveopts, easy_install, install, build, register, upload_docs, check, alias, build_ext, build_scripts, bdist_wheel, install_scripts, compile_catalog, nosetests
[3.544s] DEBUG:colcon.colcon_core.event_handler.log_command:Invoking command in '/home/matheus/thesis_ws/src/data_logger': PYTHONPATH=/home/matheus/thesis_ws/build/data_logger/prefix_override:/usr/lib/python3/dist-packages/colcon_core/task/python/colcon_distutils_commands:/home/matheus/thesis_ws/install/data_logger/lib/python3.10/site-packages:${PYTHONPATH} /usr/bin/python3 -W ignore:setup.py install is deprecated -W ignore:easy_install command is deprecated setup.py egg_info --egg-base ../../build/data_logger build --build-base /home/matheus/thesis_ws/build/data_logger/build install --record /home/matheus/thesis_ws/build/data_logger/install.log --install-scripts $base/lib/data_logger --single-version-externally-managed install_data
[3.546s] DEBUG:colcon.colcon_core.event_handler.log_command:Invoking command in '/home/matheus/thesis_ws/src/encoder_device': PYTHONPATH=/home/matheus/thesis_ws/build/encoder_device/prefix_override:/usr/lib/python3/dist-packages/colcon_core/task/python/colcon_distutils_commands:/home/matheus/thesis_ws/install/encoder_device/lib/python3.10/site-packages:${PYTHONPATH} /usr/bin/python3 -W ignore:setup.py install is deprecated -W ignore:easy_install command is deprecated setup.py egg_info --egg-base ../../build/encoder_device build --build-base /home/matheus/thesis_ws/build/encoder_device/build install --record /home/matheus/thesis_ws/build/encoder_device/install.log --install-scripts $base/lib/encoder_device --single-version-externally-managed install_data
[3.546s] DEBUG:colcon.colcon_core.event_handler.log_command:Invoking command in '/home/matheus/thesis_ws/src/hal_device_manager': PYTHONPATH=/home/matheus/thesis_ws/build/hal_device_manager/prefix_override:/usr/lib/python3/dist-packages/colcon_core/task/python/colcon_distutils_commands:/home/matheus/thesis_ws/install/hal_device_manager/lib/python3.10/site-packages:${PYTHONPATH} /usr/bin/python3 -W ignore:setup.py install is deprecated -W ignore:easy_install command is deprecated setup.py egg_info --egg-base ../../build/hal_device_manager build --build-base /home/matheus/thesis_ws/build/hal_device_manager/build install --record /home/matheus/thesis_ws/build/hal_device_manager/install.log --install-scripts $base/lib/hal_device_manager --single-version-externally-managed install_data
[3.573s] Level 1:colcon.colcon_core.environment:checking '/home/matheus/thesis_ws/install/game_unity_bridge' for CMake module files
[3.573s] DEBUG:colcon.colcon_core.event_handler.log_command:Invoked command in '/home/matheus/thesis_ws/src/game_unity_bridge' returned '0': PYTHONPATH=/home/matheus/thesis_ws/build/game_unity_bridge/prefix_override:/usr/lib/python3/dist-packages/colcon_core/task/python/colcon_distutils_commands:/home/matheus/thesis_ws/install/game_unity_bridge/lib/python3.10/site-packages:${PYTHONPATH} /usr/bin/python3 -W ignore:setup.py install is deprecated -W ignore:easy_install command is deprecated setup.py egg_info --egg-base ../../build/game_unity_bridge build --build-base /home/matheus/thesis_ws/build/game_unity_bridge/build install --record /home/matheus/thesis_ws/build/game_unity_bridge/install.log --install-scripts $base/lib/game_unity_bridge --single-version-externally-managed install_data
[3.574s] Level 1:colcon.colcon_core.environment:checking '/home/matheus/thesis_ws/install/game_unity_bridge' for CMake config files
[3.574s] Level 1:colcon.colcon_core.environment:checking '/home/matheus/thesis_ws/install/game_unity_bridge/lib'
[3.574s] Level 1:colcon.colcon_core.environment:checking '/home/matheus/thesis_ws/install/game_unity_bridge/bin'
[3.574s] Level 1:colcon.colcon_core.environment:checking '/home/matheus/thesis_ws/install/game_unity_bridge/lib/pkgconfig/game_unity_bridge.pc'
[3.574s] Level 1:colcon.colcon_core.environment:checking '/home/matheus/thesis_ws/install/game_unity_bridge/lib/python3.10/site-packages'
[3.575s] Level 1:colcon.colcon_core.shell:create_environment_hook('game_unity_bridge', 'pythonpath')
[3.575s] INFO:colcon.colcon_core.shell:Creating environment hook '/home/matheus/thesis_ws/install/game_unity_bridge/share/game_unity_bridge/hook/pythonpath.ps1'
[3.575s] INFO:colcon.colcon_core.shell:Creating environment descriptor '/home/matheus/thesis_ws/install/game_unity_bridge/share/game_unity_bridge/hook/pythonpath.dsv'
[3.575s] INFO:colcon.colcon_core.shell:Creating environment hook '/home/matheus/thesis_ws/install/game_unity_bridge/share/game_unity_bridge/hook/pythonpath.sh'
[3.576s] Level 1:colcon.colcon_core.environment:checking '/home/matheus/thesis_ws/install/game_unity_bridge/bin'
[3.576s] Level 1:colcon.colcon_core.environment:create_environment_scripts_only(game_unity_bridge)
[3.576s] INFO:colcon.colcon_core.shell:Creating package script '/home/matheus/thesis_ws/install/game_unity_bridge/share/game_unity_bridge/package.ps1'
[3.577s] INFO:colcon.colcon_core.shell:Creating package descriptor '/home/matheus/thesis_ws/install/game_unity_bridge/share/game_unity_bridge/package.dsv'
[3.577s] INFO:colcon.colcon_core.shell:Creating package script '/home/matheus/thesis_ws/install/game_unity_bridge/share/game_unity_bridge/package.sh'
[3.578s] INFO:colcon.colcon_core.shell:Creating package script '/home/matheus/thesis_ws/install/game_unity_bridge/share/game_unity_bridge/package.bash'
[3.578s] INFO:colcon.colcon_core.shell:Creating package script '/home/matheus/thesis_ws/install/game_unity_bridge/share/game_unity_bridge/package.zsh'
[3.578s] Level 1:colcon.colcon_core.environment:create_file_with_runtime_dependencies(/home/matheus/thesis_ws/install/game_unity_bridge/share/colcon-core/packages/game_unity_bridge)
[3.686s] Level 1:colcon.colcon_core.environment:checking '/home/matheus/thesis_ws/install/game_session' for CMake module files
[3.687s] DEBUG:colcon.colcon_core.event_handler.log_command:Invoked command in '/home/matheus/thesis_ws/src/game_session' returned '0': PYTHONPATH=/home/matheus/thesis_ws/build/game_session/prefix_override:/usr/lib/python3/dist-packages/colcon_core/task/python/colcon_distutils_commands:/home/matheus/thesis_ws/install/game_session/lib/python3.10/site-packages:${PYTHONPATH} /usr/bin/python3 -W ignore:setup.py install is deprecated -W ignore:easy_install command is deprecated setup.py egg_info --egg-base ../../build/game_session build --build-base /home/matheus/thesis_ws/build/game_session/build install --record /home/matheus/thesis_ws/build/game_session/install.log --install-scripts $base/lib/game_session --single-version-externally-managed install_data
[3.687s] Level 1:colcon.colcon_core.environment:checking '/home/matheus/thesis_ws/install/game_session' for CMake config files
[3.688s] Level 1:colcon.colcon_core.environment:checking '/home/matheus/thesis_ws/install/game_session/lib'
[3.688s] Level 1:colcon.colcon_core.environment:checking '/home/matheus/thesis_ws/install/game_session/bin'
[3.688s] Level 1:colcon.colcon_core.environment:checking '/home/matheus/thesis_ws/install/game_session/lib/pkgconfig/game_session.pc'
[3.688s] Level 1:colcon.colcon_core.environment:checking '/home/matheus/thesis_ws/install/game_session/lib/python3.10/site-packages'
[3.688s] Level 1:colcon.colcon_core.shell:create_environment_hook('game_session', 'pythonpath')
[3.688s] INFO:colcon.colcon_core.shell:Creating environment hook '/home/matheus/thesis_ws/install/game_session/share/game_session/hook/pythonpath.ps1'
[3.689s] INFO:colcon.colcon_core.shell:Creating environment descriptor '/home/matheus/thesis_ws/install/game_session/share/game_session/hook/pythonpath.dsv'
[3.689s] INFO:colcon.colcon_core.shell:Creating environment hook '/home/matheus/thesis_ws/install/game_session/share/game_session/hook/pythonpath.sh'
[3.690s] Level 1:colcon.colcon_core.environment:checking '/home/matheus/thesis_ws/install/game_session/bin'
[3.690s] Level 1:colcon.colcon_core.environment:create_environment_scripts_only(game_session)
[3.691s] INFO:colcon.colcon_core.shell:Creating package script '/home/matheus/thesis_ws/install/game_session/share/game_session/package.ps1'
[3.691s] INFO:colcon.colcon_core.shell:Creating package descriptor '/home/matheus/thesis_ws/install/game_session/share/game_session/package.dsv'
[3.692s] INFO:colcon.colcon_core.shell:Creating package script '/home/matheus/thesis_ws/install/game_session/share/game_session/package.sh'
[3.692s] INFO:colcon.colcon_core.shell:Creating package script '/home/matheus/thesis_ws/install/game_session/share/game_session/package.bash'
[3.693s] INFO:colcon.colcon_core.shell:Creating package script '/home/matheus/thesis_ws/install/game_session/share/game_session/package.zsh'
[3.693s] Level 1:colcon.colcon_core.environment:create_file_with_runtime_dependencies(/home/matheus/thesis_ws/install/game_session/share/colcon-core/packages/game_session)
[3.765s] Level 1:colcon.colcon_core.environment:checking '/home/matheus/thesis_ws/install/game_input_mapping' for CMake module files
[3.765s] DEBUG:colcon.colcon_core.event_handler.log_command:Invoked command in '/home/matheus/thesis_ws/src/game_input_mapping' returned '0': PYTHONPATH=/home/matheus/thesis_ws/build/game_input_mapping/prefix_override:/usr/lib/python3/dist-packages/colcon_core/task/python/colcon_distutils_commands:/home/matheus/thesis_ws/install/game_input_mapping/lib/python3.10/site-packages:${PYTHONPATH} /usr/bin/python3 -W ignore:setup.py install is deprecated -W ignore:easy_install command is deprecated setup.py egg_info --egg-base ../../build/game_input_mapping build --build-base /home/matheus/thesis_ws/build/game_input_mapping/build install --record /home/matheus/thesis_ws/build/game_input_mapping/install.log --install-scripts $base/lib/game_input_mapping --single-version-externally-managed install_data
[3.766s] Level 1:colcon.colcon_core.environment:checking '/home/matheus/thesis_ws/install/game_input_mapping' for CMake config files
[3.766s] Level 1:colcon.colcon_core.environment:checking '/home/matheus/thesis_ws/install/game_input_mapping/lib'
[3.766s] Level 1:colcon.colcon_core.environment:checking '/home/matheus/thesis_ws/install/game_input_mapping/bin'
[3.766s] Level 1:colcon.colcon_core.environment:checking '/home/matheus/thesis_ws/install/game_input_mapping/lib/pkgconfig/game_input_mapping.pc'
[3.767s] Level 1:colcon.colcon_core.environment:checking '/home/matheus/thesis_ws/install/game_input_mapping/lib/python3.10/site-packages'
[3.767s] Level 1:colcon.colcon_core.shell:create_environment_hook('game_input_mapping', 'pythonpath')
[3.767s] INFO:colcon.colcon_core.shell:Creating environment hook '/home/matheus/thesis_ws/install/game_input_mapping/share/game_input_mapping/hook/pythonpath.ps1'
[3.767s] INFO:colcon.colcon_core.shell:Creating environment descriptor '/home/matheus/thesis_ws/install/game_input_mapping/share/game_input_mapping/hook/pythonpath.dsv'
[3.768s] INFO:colcon.colcon_core.shell:Creating environment hook '/home/matheus/thesis_ws/install/game_input_mapping/share/game_input_mapping/hook/pythonpath.sh'
[3.769s] Level 1:colcon.colcon_core.environment:checking '/home/matheus/thesis_ws/install/game_input_mapping/bin'
[3.769s] Level 1:colcon.colcon_core.environment:create_environment_scripts_only(game_input_mapping)
[3.769s] INFO:colcon.colcon_core.shell:Creating package script '/home/matheus/thesis_ws/install/game_input_mapping/share/game_input_mapping/package.ps1'
[3.770s] INFO:colcon.colcon_core.shell:Creating package descriptor '/home/matheus/thesis_ws/install/game_input_mapping/share/game_input_mapping/package.dsv'
[3.770s] INFO:colcon.colcon_core.shell:Creating package script '/home/matheus/thesis_ws/install/game_input_mapping/share/game_input_mapping/package.sh'
[3.771s] INFO:colcon.colcon_core.shell:Creating package script '/home/matheus/thesis_ws/install/game_input_mapping/share/game_input_mapping/package.bash'
[3.771s] INFO:colcon.colcon_core.shell:Creating package script '/home/matheus/thesis_ws/install/game_input_mapping/share/game_input_mapping/package.zsh'
[3.772s] Level 1:colcon.colcon_core.environment:create_file_with_runtime_dependencies(/home/matheus/thesis_ws/install/game_input_mapping/share/colcon-core/packages/game_input_mapping)
[3.787s] Level 1:colcon.colcon_core.environment:checking '/home/matheus/thesis_ws/install/data_logger' for CMake module files
[3.788s] DEBUG:colcon.colcon_core.event_handler.log_command:Invoked command in '/home/matheus/thesis_ws/src/data_logger' returned '0': PYTHONPATH=/home/matheus/thesis_ws/build/data_logger/prefix_override:/usr/lib/python3/dist-packages/colcon_core/task/python/colcon_distutils_commands:/home/matheus/thesis_ws/install/data_logger/lib/python3.10/site-packages:${PYTHONPATH} /usr/bin/python3 -W ignore:setup.py install is deprecated -W ignore:easy_install command is deprecated setup.py egg_info --egg-base ../../build/data_logger build --build-base /home/matheus/thesis_ws/build/data_logger/build install --record /home/matheus/thesis_ws/build/data_logger/install.log --install-scripts $base/lib/data_logger --single-version-externally-managed install_data
[3.788s] Level 1:colcon.colcon_core.environment:checking '/home/matheus/thesis_ws/install/data_logger' for CMake config files
[3.789s] Level 1:colcon.colcon_core.environment:checking '/home/matheus/thesis_ws/install/data_logger/lib'
[3.789s] Level 1:colcon.colcon_core.environment:checking '/home/matheus/thesis_ws/install/data_logger/bin'
[3.789s] Level 1:colcon.colcon_core.environment:checking '/home/matheus/thesis_ws/install/data_logger/lib/pkgconfig/data_logger.pc'
[3.789s] Level 1:colcon.colcon_core.environment:checking '/home/matheus/thesis_ws/install/data_logger/lib/python3.10/site-packages'
[3.789s] Level 1:colcon.colcon_core.shell:create_environment_hook('data_logger', 'pythonpath')
[3.790s] INFO:colcon.colcon_core.shell:Creating environment hook '/home/matheus/thesis_ws/install/data_logger/share/data_logger/hook/pythonpath.ps1'
[3.790s] INFO:colcon.colcon_core.shell:Creating environment descriptor '/home/matheus/thesis_ws/install/data_logger/share/data_logger/hook/pythonpath.dsv'
[3.791s] INFO:colcon.colcon_core.shell:Creating environment hook '/home/matheus/thesis_ws/install/data_logger/share/data_logger/hook/pythonpath.sh'
[3.791s] Level 1:colcon.colcon_core.environment:checking '/home/matheus/thesis_ws/install/data_logger/bin'
[3.791s] Level 1:colcon.colcon_core.environment:create_environment_scripts_only(data_logger)
[3.792s] INFO:colcon.colcon_core.shell:Creating package script '/home/matheus/thesis_ws/install/data_logger/share/data_logger/package.ps1'
[3.792s] INFO:colcon.colcon_core.shell:Creating package descriptor '/home/matheus/thesis_ws/install/data_logger/share/data_logger/package.dsv'
[3.793s] INFO:colcon.colcon_core.shell:Creating package script '/home/matheus/thesis_ws/install/data_logger/share/data_logger/package.sh'
[3.793s] INFO:colcon.colcon_core.shell:Creating package script '/home/matheus/thesis_ws/install/data_logger/share/data_logger/package.bash'
[3.794s] INFO:colcon.colcon_core.shell:Creating package script '/home/matheus/thesis_ws/install/data_logger/share/data_logger/package.zsh'
[3.794s] Level 1:colcon.colcon_core.environment:create_file_with_runtime_dependencies(/home/matheus/thesis_ws/install/data_logger/share/colcon-core/packages/data_logger)
[3.864s] Level 1:colcon.colcon_core.environment:checking '/home/matheus/thesis_ws/install/hal_signal_processing' for CMake module files
[3.864s] DEBUG:colcon.colcon_core.event_handler.log_command:Invoked command in '/home/matheus/thesis_ws/src/hal_signal_processing' returned '0': PYTHONPATH=/home/matheus/thesis_ws/build/hal_signal_processing/prefix_override:/usr/lib/python3/dist-packages/colcon_core/task/python/colcon_distutils_commands:/home/matheus/thesis_ws/install/hal_signal_processing/lib/python3.10/site-packages:${PYTHONPATH} /usr/bin/python3 -W ignore:setup.py install is deprecated -W ignore:easy_install command is deprecated setup.py egg_info --egg-base ../../build/hal_signal_processing build --build-base /home/matheus/thesis_ws/build/hal_signal_processing/build install --record /home/matheus/thesis_ws/build/hal_signal_processing/install.log --install-scripts $base/lib/hal_signal_processing --single-version-externally-managed install_data
[3.864s] Level 1:colcon.colcon_core.environment:checking '/home/matheus/thesis_ws/install/hal_signal_processing' for CMake config files
[3.865s] Level 1:colcon.colcon_core.environment:checking '/home/matheus/thesis_ws/install/hal_signal_processing/lib'
[3.865s] Level 1:colcon.colcon_core.environment:checking '/home/matheus/thesis_ws/install/hal_signal_processing/bin'
[3.865s] Level 1:colcon.colcon_core.environment:checking '/home/matheus/thesis_ws/install/hal_signal_processing/lib/pkgconfig/hal_signal_processing.pc'
[3.865s] Level 1:colcon.colcon_core.environment:checking '/home/matheus/thesis_ws/install/hal_signal_processing/lib/python3.10/site-packages'
[3.865s] Level 1:colcon.colcon_core.shell:create_environment_hook('hal_signal_processing', 'pythonpath')
[3.865s] INFO:colcon.colcon_core.shell:Creating environment hook '/home/matheus/thesis_ws/install/hal_signal_processing/share/hal_signal_processing/hook/pythonpath.ps1'
[3.866s] INFO:colcon.colcon_core.shell:Creating environment descriptor '/home/matheus/thesis_ws/install/hal_signal_processing/share/hal_signal_processing/hook/pythonpath.dsv'
[3.867s] INFO:colcon.colcon_core.shell:Creating environment hook '/home/matheus/thesis_ws/install/hal_signal_processing/share/hal_signal_processing/hook/pythonpath.sh'
[3.869s] Level 1:colcon.colcon_core.environment:checking '/home/matheus/thesis_ws/install/hal_signal_processing/bin'
[3.869s] Level 1:colcon.colcon_core.environment:create_environment_scripts_only(hal_signal_processing)
[3.869s] INFO:colcon.colcon_core.shell:Creating package script '/home/matheus/thesis_ws/install/hal_signal_processing/share/hal_signal_processing/package.ps1'
[3.870s] INFO:colcon.colcon_core.shell:Creating package descriptor '/home/matheus/thesis_ws/install/hal_signal_processing/share/hal_signal_processing/package.dsv'
[3.879s] INFO:colcon.colcon_core.shell:Creating package script '/home/matheus/thesis_ws/install/hal_signal_processing/share/hal_signal_processing/package.sh'
[3.880s] INFO:colcon.colcon_core.shell:Creating package script '/home/matheus/thesis_ws/install/hal_signal_processing/share/hal_signal_processing/package.bash'
[3.881s] INFO:colcon.colcon_core.shell:Creating package script '/home/matheus/thesis_ws/install/hal_signal_processing/share/hal_signal_processing/package.zsh'
[3.881s] Level 1:colcon.colcon_core.environment:create_file_with_runtime_dependencies(/home/matheus/thesis_ws/install/hal_signal_processing/share/colcon-core/packages/hal_signal_processing)
[3.883s] Level 1:colcon.colcon_core.environment:checking '/home/matheus/thesis_ws/install/hal_device_manager' for CMake module files
[3.883s] DEBUG:colcon.colcon_core.event_handler.log_command:Invoked command in '/home/matheus/thesis_ws/src/hal_device_manager' returned '0': PYTHONPATH=/home/matheus/thesis_ws/build/hal_device_manager/prefix_override:/usr/lib/python3/dist-packages/colcon_core/task/python/colcon_distutils_commands:/home/matheus/thesis_ws/install/hal_device_manager/lib/python3.10/site-packages:${PYTHONPATH} /usr/bin/python3 -W ignore:setup.py install is deprecated -W ignore:easy_install command is deprecated setup.py egg_info --egg-base ../../build/hal_device_manager build --build-base /home/matheus/thesis_ws/build/hal_device_manager/build install --record /home/matheus/thesis_ws/build/hal_device_manager/install.log --install-scripts $base/lib/hal_device_manager --single-version-externally-managed install_data
[3.884s] Level 1:colcon.colcon_core.environment:checking '/home/matheus/thesis_ws/install/hal_device_manager' for CMake config files
[3.884s] Level 1:colcon.colcon_core.environment:checking '/home/matheus/thesis_ws/install/hal_device_manager/lib'
[3.885s] Level 1:colcon.colcon_core.environment:checking '/home/matheus/thesis_ws/install/hal_device_manager/bin'
[3.885s] Level 1:colcon.colcon_core.environment:checking '/home/matheus/thesis_ws/install/hal_device_manager/lib/pkgconfig/hal_device_manager.pc'
[3.885s] Level 1:colcon.colcon_core.environment:checking '/home/matheus/thesis_ws/install/hal_device_manager/lib/python3.10/site-packages'
[3.885s] Level 1:colcon.colcon_core.shell:create_environment_hook('hal_device_manager', 'pythonpath')
[3.885s] INFO:colcon.colcon_core.shell:Creating environment hook '/home/matheus/thesis_ws/install/hal_device_manager/share/hal_device_manager/hook/pythonpath.ps1'
[3.886s] INFO:colcon.colcon_core.shell:Creating environment descriptor '/home/matheus/thesis_ws/install/hal_device_manager/share/hal_device_manager/hook/pythonpath.dsv'
[3.886s] INFO:colcon.colcon_core.shell:Creating environment hook '/home/matheus/thesis_ws/install/hal_device_manager/share/hal_device_manager/hook/pythonpath.sh'
[3.887s] Level 1:colcon.colcon_core.environment:checking '/home/matheus/thesis_ws/install/hal_device_manager/bin'
[3.887s] Level 1:colcon.colcon_core.environment:create_environment_scripts_only(hal_device_manager)
[3.888s] INFO:colcon.colcon_core.shell:Creating package script '/home/matheus/thesis_ws/install/hal_device_manager/share/hal_device_manager/package.ps1'
[3.888s] INFO:colcon.colcon_core.shell:Creating package descriptor '/home/matheus/thesis_ws/install/hal_device_manager/share/hal_device_manager/package.dsv'
[3.889s] INFO:colcon.colcon_core.shell:Creating package script '/home/matheus/thesis_ws/install/hal_device_manager/share/hal_device_manager/package.sh'
[3.889s] INFO:colcon.colcon_core.shell:Creating package script '/home/matheus/thesis_ws/install/hal_device_manager/share/hal_device_manager/package.bash'
[3.890s] INFO:colcon.colcon_core.shell:Creating package script '/home/matheus/thesis_ws/install/hal_device_manager/share/hal_device_manager/package.zsh'
[3.890s] Level 1:colcon.colcon_core.environment:create_file_with_runtime_dependencies(/home/matheus/thesis_ws/install/hal_device_manager/share/colcon-core/packages/hal_device_manager)
[3.901s] Level 1:colcon.colcon_core.environment:checking '/home/matheus/thesis_ws/install/encoder_guidao' for CMake module files
[3.902s] DEBUG:colcon.colcon_core.event_handler.log_command:Invoked command in '/home/matheus/thesis_ws/src/encoder_guidao' returned '0': PYTHONPATH=/home/matheus/thesis_ws/build/encoder_guidao/prefix_override:/usr/lib/python3/dist-packages/colcon_core/task/python/colcon_distutils_commands:/home/matheus/thesis_ws/install/encoder_guidao/lib/python3.10/site-packages:${PYTHONPATH} /usr/bin/python3 -W ignore:setup.py install is deprecated -W ignore:easy_install command is deprecated setup.py egg_info --egg-base ../../build/encoder_guidao build --build-base /home/matheus/thesis_ws/build/encoder_guidao/build install --record /home/matheus/thesis_ws/build/encoder_guidao/install.log --install-scripts $base/lib/encoder_guidao --single-version-externally-managed install_data
[3.902s] Level 1:colcon.colcon_core.environment:checking '/home/matheus/thesis_ws/install/encoder_guidao' for CMake config files
[3.903s] Level 1:colcon.colcon_core.environment:checking '/home/matheus/thesis_ws/install/encoder_guidao/lib'
[3.903s] Level 1:colcon.colcon_core.environment:checking '/home/matheus/thesis_ws/install/encoder_guidao/bin'
[3.903s] Level 1:colcon.colcon_core.environment:checking '/home/matheus/thesis_ws/install/encoder_guidao/lib/pkgconfig/encoder_guidao.pc'
[3.903s] Level 1:colcon.colcon_core.environment:checking '/home/matheus/thesis_ws/install/encoder_guidao/lib/python3.10/site-packages'
[3.903s] Level 1:colcon.colcon_core.shell:create_environment_hook('encoder_guidao', 'pythonpath')
[3.904s] INFO:colcon.colcon_core.shell:Creating environment hook '/home/matheus/thesis_ws/install/encoder_guidao/share/encoder_guidao/hook/pythonpath.ps1'
[3.904s] INFO:colcon.colcon_core.shell:Creating environment descriptor '/home/matheus/thesis_ws/install/encoder_guidao/share/encoder_guidao/hook/pythonpath.dsv'
[3.905s] INFO:colcon.colcon_core.shell:Creating environment hook '/home/matheus/thesis_ws/install/encoder_guidao/share/encoder_guidao/hook/pythonpath.sh'
[3.905s] Level 1:colcon.colcon_core.environment:checking '/home/matheus/thesis_ws/install/encoder_guidao/bin'
[3.905s] Level 1:colcon.colcon_core.environment:create_environment_scripts_only(encoder_guidao)
[3.906s] INFO:colcon.colcon_core.shell:Creating package script '/home/matheus/thesis_ws/install/encoder_guidao/share/encoder_guidao/package.ps1'
[3.906s] INFO:colcon.colcon_core.shell:Creating package descriptor '/home/matheus/thesis_ws/install/encoder_guidao/share/encoder_guidao/package.dsv'
[3.907s] INFO:colcon.colcon_core.shell:Creating package script '/home/matheus/thesis_ws/install/encoder_guidao/share/encoder_guidao/package.sh'
[3.907s] INFO:colcon.colcon_core.shell:Creating package script '/home/matheus/thesis_ws/install/encoder_guidao/share/encoder_guidao/package.bash'
[3.907s] INFO:colcon.colcon_core.shell:Creating package script '/home/matheus/thesis_ws/install/encoder_guidao/share/encoder_guidao/package.zsh'
[3.907s] Level 1:colcon.colcon_core.environment:create_file_with_runtime_dependencies(/home/matheus/thesis_ws/install/encoder_guidao/share/colcon-core/packages/encoder_guidao)
[3.925s] Level 1:colcon.colcon_core.environment:checking '/home/matheus/thesis_ws/install/controller_guidao' for CMake module files
[3.926s] DEBUG:colcon.colcon_core.event_handler.log_command:Invoked command in '/home/matheus/thesis_ws/src/controller_guidao' returned '0': PYTHONPATH=/home/matheus/thesis_ws/build/controller_guidao/prefix_override:/usr/lib/python3/dist-packages/colcon_core/task/python/colcon_distutils_commands:/home/matheus/thesis_ws/install/controller_guidao/lib/python3.10/site-packages:${PYTHONPATH} /usr/bin/python3 -W ignore:setup.py install is deprecated -W ignore:easy_install command is deprecated setup.py egg_info --egg-base ../../build/controller_guidao build --build-base /home/matheus/thesis_ws/build/controller_guidao/build install --record /home/matheus/thesis_ws/build/controller_guidao/install.log --install-scripts $base/lib/controller_guidao --single-version-externally-managed install_data
[3.926s] Level 1:colcon.colcon_core.environment:checking '/home/matheus/thesis_ws/install/controller_guidao' for CMake config files
[3.926s] Level 1:colcon.colcon_core.environment:checking '/home/matheus/thesis_ws/install/controller_guidao/lib'
[3.926s] Level 1:colcon.colcon_core.environment:checking '/home/matheus/thesis_ws/install/controller_guidao/bin'
[3.926s] Level 1:colcon.colcon_core.environment:checking '/home/matheus/thesis_ws/install/controller_guidao/lib/pkgconfig/controller_guidao.pc'
[3.926s] Level 1:colcon.colcon_core.environment:checking '/home/matheus/thesis_ws/install/controller_guidao/lib/python3.10/site-packages'
[3.927s] Level 1:colcon.colcon_core.shell:create_environment_hook('controller_guidao', 'pythonpath')
[3.927s] INFO:colcon.colcon_core.shell:Creating environment hook '/home/matheus/thesis_ws/install/controller_guidao/share/controller_guidao/hook/pythonpath.ps1'
[3.927s] INFO:colcon.colcon_core.shell:Creating environment descriptor '/home/matheus/thesis_ws/install/controller_guidao/share/controller_guidao/hook/pythonpath.dsv'
[3.928s] INFO:colcon.colcon_core.shell:Creating environment hook '/home/matheus/thesis_ws/install/controller_guidao/share/controller_guidao/hook/pythonpath.sh'
[3.928s] Level 1:colcon.colcon_core.environment:checking '/home/matheus/thesis_ws/install/controller_guidao/bin'
[3.928s] Level 1:colcon.colcon_core.environment:create_environment_scripts_only(controller_guidao)
[3.928s] INFO:colcon.colcon_core.shell:Creating package script '/home/matheus/thesis_ws/install/controller_guidao/share/controller_guidao/package.ps1'
[3.929s] INFO:colcon.colcon_core.shell:Creating package descriptor '/home/matheus/thesis_ws/install/controller_guidao/share/controller_guidao/package.dsv'
[3.929s] INFO:colcon.colcon_core.shell:Creating package script '/home/matheus/thesis_ws/install/controller_guidao/share/controller_guidao/package.sh'
[3.930s] INFO:colcon.colcon_core.shell:Creating package script '/home/matheus/thesis_ws/install/controller_guidao/share/controller_guidao/package.bash'
[3.930s] INFO:colcon.colcon_core.shell:Creating package script '/home/matheus/thesis_ws/install/controller_guidao/share/controller_guidao/package.zsh'
[3.930s] Level 1:colcon.colcon_core.environment:create_file_with_runtime_dependencies(/home/matheus/thesis_ws/install/controller_guidao/share/colcon-core/packages/controller_guidao)
[3.934s] Level 1:colcon.colcon_core.environment:checking '/home/matheus/thesis_ws/install/encoder_device' for CMake module files
[3.935s] DEBUG:colcon.colcon_core.event_handler.log_command:Invoked command in '/home/matheus/thesis_ws/src/encoder_device' returned '0': PYTHONPATH=/home/matheus/thesis_ws/build/encoder_device/prefix_override:/usr/lib/python3/dist-packages/colcon_core/task/python/colcon_distutils_commands:/home/matheus/thesis_ws/install/encoder_device/lib/python3.10/site-packages:${PYTHONPATH} /usr/bin/python3 -W ignore:setup.py install is deprecated -W ignore:easy_install command is deprecated setup.py egg_info --egg-base ../../build/encoder_device build --build-base /home/matheus/thesis_ws/build/encoder_device/build install --record /home/matheus/thesis_ws/build/encoder_device/install.log --install-scripts $base/lib/encoder_device --single-version-externally-managed install_data
[3.935s] Level 1:colcon.colcon_core.environment:checking '/home/matheus/thesis_ws/install/encoder_device' for CMake config files
[3.935s] Level 1:colcon.colcon_core.environment:checking '/home/matheus/thesis_ws/install/encoder_device/lib'
[3.936s] Level 1:colcon.colcon_core.environment:checking '/home/matheus/thesis_ws/install/encoder_device/bin'
[3.936s] Level 1:colcon.colcon_core.environment:checking '/home/matheus/thesis_ws/install/encoder_device/lib/pkgconfig/encoder_device.pc'
[3.936s] Level 1:colcon.colcon_core.environment:checking '/home/matheus/thesis_ws/install/encoder_device/lib/python3.10/site-packages'
[3.936s] Level 1:colcon.colcon_core.shell:create_environment_hook('encoder_device', 'pythonpath')
[3.936s] INFO:colcon.colcon_core.shell:Creating environment hook '/home/matheus/thesis_ws/install/encoder_device/share/encoder_device/hook/pythonpath.ps1'
[3.937s] INFO:colcon.colcon_core.shell:Creating environment descriptor '/home/matheus/thesis_ws/install/encoder_device/share/encoder_device/hook/pythonpath.dsv'
[3.941s] INFO:colcon.colcon_core.shell:Creating environment hook '/home/matheus/thesis_ws/install/encoder_device/share/encoder_device/hook/pythonpath.sh'
[3.941s] Level 1:colcon.colcon_core.environment:checking '/home/matheus/thesis_ws/install/encoder_device/bin'
[3.941s] Level 1:colcon.colcon_core.environment:create_environment_scripts_only(encoder_device)
[3.942s] INFO:colcon.colcon_core.shell:Creating package script '/home/matheus/thesis_ws/install/encoder_device/share/encoder_device/package.ps1'
[3.942s] INFO:colcon.colcon_core.shell:Creating package descriptor '/home/matheus/thesis_ws/install/encoder_device/share/encoder_device/package.dsv'
[3.942s] INFO:colcon.colcon_core.shell:Creating package script '/home/matheus/thesis_ws/install/encoder_device/share/encoder_device/package.sh'
[3.943s] INFO:colcon.colcon_core.shell:Creating package script '/home/matheus/thesis_ws/install/encoder_device/share/encoder_device/package.bash'
[3.943s] INFO:colcon.colcon_core.shell:Creating package script '/home/matheus/thesis_ws/install/encoder_device/share/encoder_device/package.zsh'
[3.943s] Level 1:colcon.colcon_core.environment:create_file_with_runtime_dependencies(/home/matheus/thesis_ws/install/encoder_device/share/colcon-core/packages/encoder_device)
[3.943s] DEBUG:colcon.colcon_parallel_executor.executor.parallel:closing loop
[3.944s] DEBUG:colcon.colcon_parallel_executor.executor.parallel:loop closed
[3.944s] DEBUG:colcon.colcon_parallel_executor.executor.parallel:run_until_complete finished with '0'
[3.944s] DEBUG:colcon.colcon_core.event_reactor:joining thread
[3.963s] INFO:colcon.colcon_core.plugin_system:Skipping extension 'colcon_notification.desktop_notification.terminal_notifier': Not used on non-Darwin systems
[3.963s] INFO:colcon.colcon_core.plugin_system:Skipping extension 'colcon_notification.desktop_notification.win32': Not used on non-Windows systems
[3.963s] INFO:colcon.colcon_notification.desktop_notification:Sending desktop notification using 'notify2'
[3.982s] DEBUG:colcon.colcon_core.event_reactor:joined thread
[3.983s] INFO:colcon.colcon_core.shell:Creating prefix script '/home/matheus/thesis_ws/install/local_setup.ps1'
[3.984s] INFO:colcon.colcon_core.shell:Creating prefix util module '/home/matheus/thesis_ws/install/_local_setup_util_ps1.py'
[3.986s] INFO:colcon.colcon_core.shell:Creating prefix chain script '/home/matheus/thesis_ws/install/setup.ps1'
[3.988s] INFO:colcon.colcon_core.shell:Creating prefix script '/home/matheus/thesis_ws/install/local_setup.sh'
[3.989s] INFO:colcon.colcon_core.shell:Creating prefix util module '/home/matheus/thesis_ws/install/_local_setup_util_sh.py'
[3.990s] INFO:colcon.colcon_core.shell:Creating prefix chain script '/home/matheus/thesis_ws/install/setup.sh'
[3.991s] INFO:colcon.colcon_core.shell:Creating prefix script '/home/matheus/thesis_ws/install/local_setup.bash'
[3.998s] INFO:colcon.colcon_core.shell:Creating prefix chain script '/home/matheus/thesis_ws/install/setup.bash'
[3.999s] INFO:colcon.colcon_core.shell:Creating prefix script '/home/matheus/thesis_ws/install/local_setup.zsh'
[4.000s] INFO:colcon.colcon_core.shell:Creating prefix chain script '/home/matheus/thesis_ws/install/setup.zsh'
